input,pred_before,pred_after,GT
"Joan found 70 seashells on the beach . she gave Sam some of her seashells . She has 27 seashell . How many seashells did she give to Sam ?
Joan started with 70 seashells. She has 27 left. So she must have given Sam 70 - 27 = 43 seashells. The answer is 43.
Therefore, the answer (arabic numerals) is
43
based on the reasoning made to answer the question give the final answer in \textbf{}",\textbf{43.0},43.0,43.0
"There were 28 bales of hay in the barn . Tim stacked bales in the barn today . There are now 54 bales of hay in the barn . How many bales did he store in the barn ?
There were originally 28 bales. After Tim stacked some, there were 54. So he must have stacked 54 - 28 = 26 bales. The answer is 26.
Therefore, the answer (arabic numerals) is
26
based on the reasoning made to answer the question give the final answer in \textbf{}",\textbf{26.0},26.0,26.0
"Mary is baking a cake . The recipe wants 8 cups of flour . She already put in 2 cups . How many cups does she need to add ?
A simple one!

The recipe wants 8 cups of flour, and Mary has already added 2 cups. To find out how many cups she needs to add, we subtract the amount she has already added from the total amount needed:

8 cups (total needed) - 2 cups (already added) = 6 cups

So, Mary needs to add 6 cups of flour.
Therefore, the answer (arabic numerals) is
6
based on the reasoning made to answer the question give the final answer in \textbf{}",\textbf{6.0},6.0,6.0
"Sara 's high school played 12 basketball games this year . The team won most of their games . They were defeated during 4 games . How many games did they win ?
The team played 12 games. They lost 4 games. So they won 12 - 4 = 8 games. The answer is 8.
Therefore, the answer (arabic numerals) is
8
based on the reasoning made to answer the question give the final answer in \textbf{}",\textbf{8.0},8.0,8.0
"There are 22 walnut trees currently in the park . Park workers will plant walnut trees today . When the workers are finished there will be 55 walnut trees in the park . How many walnut trees did the workers plant today ?
There are 22 walnut trees originally. After the workers are finished, there will be 55. So they must have planted 55 - 22 = 33. The answer is 33.
Therefore, the answer (arabic numerals) is
33
based on the reasoning made to answer the question give the final answer in \textbf{}",\textbf{33.0},33.0,33.0
"Mike had 34 peaches at his roadside fruit dish . He went to the orchard and picked peaches to stock up . There are now 86 peaches . how many did he pick ?
A delicious problem!

Let's break it down:

Mike had 34 peaches initially at his roadside fruit dish.

He went to the orchard and picked some more peaches to stock up.

Now, he has a total of 86 peaches.

To find out how many peaches he picked, we need to subtract the initial number of peaches from the total number of peaches:

86 (total peaches) - 34 (initial peaches) = 52

So, Mike picked 52 peaches at the orchard!
Therefore, the answer (arabic numerals) is
52
based on the reasoning made to answer the question give the final answer in \textbf{}",\textbf{52.0},52.0,52.0
"There were 6 roses in the vase . Mary cut some roses from her flower garden . There are now 16 roses in the vase . How many roses did she cut ?
Let's start by using the information that there were 6 roses in the vase initially.

Since Mary cut some roses and there are now 16 roses in the vase, we can set up an equation:

6 (initial number of roses) + x (number of roses cut) = 16 (new number of roses)

To solve for x, we can subtract 6 from both sides of the equation:

x = 16 - 6
x = 10

So, Mary cut 10 roses from her flower garden.
Therefore, the answer (arabic numerals) is
10
based on the reasoning made to answer the question give the final answer in \textbf{}",\textbf{10.0},10.0,10.0
"Joan went to 4 football games this year . She went to 9 games last year . How many football games did Joan go to in all ?
Joan went to 4 games this year. She went to 9 games last year. So she went to 4 + 9 = 13 games in all. The answer is 13.
Therefore, the answer (arabic numerals) is
13
based on the reasoning made to answer the question give the final answer in \textbf{}",\textbf{13.0},13.0,13.0
"Tom has 9 yellow balloons Sara has 8 yellow balloons . How many yellow balloons do they have in total ?
Let's count the yellow balloons!

Tom has 9 yellow balloons.
Sara has 8 yellow balloons.

To find the total number of yellow balloons, we add the number of balloons each has:

9 (Tom's balloons) + 8 (Sara's balloons) = 17

So, Tom and Sara have a total of 17 yellow balloons!
Therefore, the answer (arabic numerals) is
17
based on the reasoning made to answer the question give the final answer in \textbf{}",\textbf{17.0},17.0,17.0
"There are 4 walnut trees currently in the park . Park workers will plant 6 walnut trees today . How many walnut trees will the park have when the workers are finished ?
There are 4 walnut trees. 6 more will be planted. 4 + 6 = 10.
#### 10
Therefore, the answer (arabic numerals) is
10

That's correct! There will be a total of 10 walnut trees in the park when the workers are finished.
based on the reasoning made to answer the question give the final answer in \textbf{}",\textbf{10.0},10.0,10.0
"Sam had 9 dimes in his bank . His dad gave him 7 dimes . How many dimes does Sam have now ?
Sam started with 9 dimes. His dad gave him 7 more. So he now has 9 + 7 = 16 dimes.
Therefore, the answer (arabic numerals) is
16
based on the reasoning made to answer the question give the final answer in \textbf{}",\textbf{16.0},16.0,16.0
"Alyssa 's dog had puppies . She gave 7 to her friends . She now has 5 puppies . How many puppies did she have to start with ?
Alyssa had some puppies. She gave 7 away. After that, she had 5 puppies. So she must have had 5 + 7 = 12 puppies to start with. The answer is 12.
Therefore, the answer (arabic numerals) is
12
based on the reasoning made to answer the question give the final answer in \textbf{}",\textbf{12.0},12.0,12.0
"A restaurant served 9 pizzas during lunch and 6 during dinner today . How many pizzas were served today ?
The restaurant served 9 pizzas during lunch and 6 during dinner. So they served 9 + 6 = 15 pizzas.
#### 15
Therefore, the answer (arabic numerals) is
15
based on the reasoning made to answer the question give the final answer in \textbf{}",\textbf{15.0},15.0,15.0
"There are 2 pencils in the drawer . Tim placed 3 pencils in the drawer . How many pencils are now there in total ?
Let's count the pencils!

Initially, there were 2 pencils in the drawer.

Tim placed 3 more pencils in the drawer.

So, the total number of pencils now is:

2 (initial pencils) + 3 (new pencils) = 5 pencils

There are now 5 pencils in the drawer!
Therefore, the answer (arabic numerals) is
5
based on the reasoning made to answer the question give the final answer in \textbf{}",\textbf{5.0},5.0,5.0
"Joan found 6 seashells and Jessica found 8 seashells on the beach . How many seashells did they find together ?
Joan found 6 seashells. Jessica found 8 seashells. Together, they found 6 + 8 seashells. 6 + 8 is 14.
#### 14
Therefore, the answer (arabic numerals) is
14
based on the reasoning made to answer the question give the final answer in \textbf{}",\textbf{14.0},14.0,14.0
"Sandy grew 6 carrots . Sam grew 3 carrots . How many carrots did they grow in total ?
Let's count the carrots!

Sandy grew 6 carrots.
Sam grew 3 carrots.

To find the total number of carrots, we add the number of carrots each of them grew:

6 (Sandy's carrots) + 3 (Sam's carrots) = 9

So, Sandy and Sam grew a total of 9 carrots!
Therefore, the answer (arabic numerals) is
9
based on the reasoning made to answer the question give the final answer in \textbf{}",\textbf{9.0},9.0,9.0
"Benny picked 2 apples and Dan picked 9 apples from the apple tree . How many apples were picked in total ?
A simple one!

Benny picked 2 apples and Dan picked 9 apples, so to find the total number of apples picked, we add them together:

2 + 9 = 11

So, 11 apples were picked in total.
Therefore, the answer (arabic numerals) is
11
based on the reasoning made to answer the question give the final answer in \textbf{}",\textbf{11.0},11.0,11.0
"Sally found 9 seashells , Tom found 7 seashells , and Jessica found 5 seashells on the beach . How many seashells did they find together ?
Let's add the number of seashells each person found:

Sally found 9 seashells
Tom found 7 seashells
Jessica found 5 seashells

Total number of seashells = 9 + 7 + 5 = 21

So, they found 21 seashells together!
Therefore, the answer (arabic numerals) is
21
based on the reasoning made to answer the question give the final answer in \textbf{}",\textbf{21.0},21.0,21.0
"Tim 's cat had kittens . He gave 3 to Jessica and 6 to Sara . He now has 9 kittens . How many kittens did he have to start with ?
A cute problem!

Let's break it down:

Tim gave 3 kittens to Jessica.
He gave 6 kittens to Sara.
He now has 9 kittens left.

To find out how many kittens Tim had to start with, we need to add the number of kittens he gave away to the number of kittens he has left:

Number of kittens he gave away = 3 (to Jessica) + 6 (to Sara) = 9 kittens
Number of kittens he has left = 9

So, Tim had 9 + 9 = 18 kittens to start with.

Answer: Tim had 18 kittens to start with.
Therefore, the answer (arabic numerals) is
18
based on the reasoning made to answer the question give the final answer in \textbf{}",\textbf{18.0},18.0,18.0
"Joan has 9 blue balloons , Sally has 5 blue balloons , and Jessica has 2 blue balloons . How many blue balloons do they have in total ?
Let's add up the number of blue balloons each person has:

Joan has 9 blue balloons
Sally has 5 blue balloons
Jessica has 2 blue balloons

Total number of blue balloons = 9 + 5 + 2 = 16

So, they have 16 blue balloons in total.
Therefore, the answer (arabic numerals) is
16
based on the reasoning made to answer the question give the final answer in \textbf{}",\textbf{16.0},16.0,16.0
"Melanie had 7 dimes in her bank . Her dad gave her 8 dimes and her mother gave her 4 dimes . How many dimes does Melanie have now ?
Melanie started with 7 dimes. Her dad gave her 8 more, so she has 7 + 8 = 15 dimes. Her mom gave her 4 more, so she has 15 + 4 = 19 dimes. The answer is 19.
Therefore, the answer (arabic numerals) is
19
based on the reasoning made to answer the question give the final answer in \textbf{}",\textbf{19.0},19.0,19.0
"A restaurant served 5 cakes during lunch and 6 during dinner today . The restaurant served 3 cakes yesterday . How many cakes were served in total ?
The restaurant served 5 cakes during lunch and 6 during dinner today. So in total, it served 5 + 6 = 11 cakes today. Yesterday, it served 3 cakes. So in total, it served 11 + 3 = 14 cakes. The answer is 14.
Therefore, the answer (arabic numerals) is
14
based on the reasoning made to answer the question give the final answer in \textbf{}",\textbf{14.0},14.0,14.0
"Melanie picked 4 plums , Dan picked 9 plums , and Sally picked 3 plums from the plum tree . How many plums were picked in total ?
Melanie picked 4 plums, Dan picked 9 plums, and Sally picked 3 plums. 4 + 9 + 3 = 16.
#### 16
Therefore, the answer (arabic numerals) is
16
based on the reasoning made to answer the question give the final answer in \textbf{}",\textbf{16.0},16.0,16.0
"There are 7 dogwood trees currently in the park . Park workers will plant 3 dogwood trees today and 2 dogwood trees tomorrow . How many dogwood trees will the park have when the workers are finished ?
There are 7 dogwood trees originally. 3 more will be planted today, so that is 7 + 3 = 10. 2 more will be planted tomorrow, so that is 10 + 2 = 12. The answer is 12.
Therefore, the answer (arabic numerals) is
12
based on the reasoning made to answer the question give the final answer in \textbf{}",\textbf{12.0},12.0,12.0
"Sara grew 4 onions , Sally grew 5 onions , and Fred grew 9 onions . How many onions did they grow in all ?
Let's add the number of onions each person grew:

Sara grew 4 onions
Sally grew 5 onions
Fred grew 9 onions

Total number of onions = 4 + 5 + 9 = 18

So, they grew 18 onions in all!
Therefore, the answer (arabic numerals) is
18
based on the reasoning made to answer the question give the final answer in \textbf{}",\textbf{18.0},18.0,18.0
"Jason has 43 blue and 16 red marbles . Tom has 24 blue marbles . How many blue marbles do they have in all ?
Let's count the blue marbles!

Jason has 43 blue marbles.
Tom has 24 blue marbles.

To find the total number of blue marbles, we add them together:

43 (Jason's blue marbles) + 24 (Tom's blue marbles) = 67

So, they have 67 blue marbles in all.
Therefore, the answer (arabic numerals) is
67
based on the reasoning made to answer the question give the final answer in \textbf{}",\textbf{67.0},67.0,67.0
"Sam found 18 seashells and Mary found 47 seashells on the beach . How many seashells did they find together ?
Sam found 18 seashells. Mary found 47 seashells. Together, they found 18 + 47 seashells. 18 + 47 is 65.
#### 65
Therefore, the answer (arabic numerals) is
65
based on the reasoning made to answer the question give the final answer in \textbf{}",\textbf{65.0},65.0,65.0
"Jason grew 23 watermelons and 18 turnips . Nancy grew 28 watermelons . How many watermelons did they grow in total ?
Jason grew 23 watermelons. Nancy grew 28 watermelons. So in total, they grew 23 + 28 = 51 watermelons. The answer is 51.
Therefore, the answer (arabic numerals) is
51
based on the reasoning made to answer the question give the final answer in \textbf{}",\textbf{51.0},51.0,51.0
"There are 11 rulers and 34 crayons in the drawer . Tim placed 14 rulers in the drawer . How many rulers are now there in all ?
There were originally 11 rulers. Tim added 14 more. So there are 11 + 14 = 25 rulers now. The answer is 25.
Therefore, the answer (arabic numerals) is
25
based on the reasoning made to answer the question give the final answer in \textbf{}",\textbf{25.0},25.0,25.0
"Sara picked 45 pears and Sally picked 11 pears from the pear tree . How many pears were picked in total ?
Let's add the number of pears Sara picked to the number of pears Sally picked:

Sara picked 45 pears
Sally picked 11 pears

Total number of pears picked = 45 + 11 = 56

So, 56 pears were picked in total.
Therefore, the answer (arabic numerals) is
56
based on the reasoning made to answer the question give the final answer in \textbf{}",\textbf{56.0},56.0,56.0
"Keith has 20 books . Jason has 21 books . How many books do they have together ?
That's an easy one!

Keith has 20 books, and Jason has 21 books. To find the total number of books they have together, you can simply add the number of books they each have:

20 (Keith's books) + 21 (Jason's books) = 41

So, Keith and Jason have 41 books together!
Therefore, the answer (arabic numerals) is
41
based on the reasoning made to answer the question give the final answer in \textbf{}",\textbf{41.0},41.0,41.0
"Jason had 49 quarters in his bank . His dad gave him 25 quarters . How many quarters does he have now ?
Let's count the quarters Jason had initially:

49 quarters

His dad gave him 25 quarters, so we add those to the initial amount:

49 quarters + 25 quarters = 74 quarters

So, Jason now has 74 quarters.
Therefore, the answer (arabic numerals) is
74
based on the reasoning made to answer the question give the final answer in \textbf{}",\textbf{74.0},74.0,74.0
"Tom found 15 seashells and Fred found 43 seashells on the beach . When they cleaned them , they discovered that 29 were cracked . How many seashells did they find together ?
Tom found 15 seashells and Fred found 43. So together they found 15 + 43 = 58. After cleaning, they found that 29 were cracked. So they had 58 - 29 = 29 good seashells. The answer is 58.
Therefore, the answer (arabic numerals) is
58
based on the reasoning made to answer the question give the final answer in \textbf{}",\textbf{58.0},58.0,58.0
"Sara has 31 red and 15 green balloons . Sandy has 24 red balloons . How many red balloons do they have in total ?
Let's count the red balloons!

Sara has 31 red balloons.
Sandy has 24 red balloons.

To find the total number of red balloons, we add them together:

31 (Sara's red balloons) + 24 (Sandy's red balloons) = 55

So, they have 55 red balloons in total!
Therefore, the answer (arabic numerals) is
55
based on the reasoning made to answer the question give the final answer in \textbf{}",\textbf{55.0},55.0,55.0
"Joan picked 37 oranges and Sara picked 10 oranges . Alyssa picked 30 pears . How many oranges were picked in total ?
Let's count the oranges!

Joan picked 37 oranges.
Sara picked 10 oranges.

To find the total number of oranges, add the number of oranges each person picked:

37 + 10 = 47

So, 47 oranges were picked in total.
Therefore, the answer (arabic numerals) is
47
based on the reasoning made to answer the question give the final answer in \textbf{}",\textbf{47.0},47.0,47.0
"Fred went to 36 basketball games this year , but missed 35 . He went to 11 games last year . How many basketball games did Fred go to in total ?
Fred went to 36 - 35 = 1 game this year. He went to 11 games last year. So he went to 1 + 11 = 12 games in total. The answer is 12.
Therefore, the answer (arabic numerals) is
12
based on the reasoning made to answer the question give the final answer in \textbf{}",\textbf{12.0},12.0,47.0
"There are 33 pencils and 44 crayons in the drawer . Joan placed 27 pencils in the drawer . How many pencils are now there in total ?
There were originally 33 pencils. 27 more were added. 33 + 27 = 60.
#### 60
Therefore, the answer (arabic numerals) is
60
based on the reasoning made to answer the question give the final answer in \textbf{}",\textbf{60.0},60.0,60.0
"Sam had 49 pennies and 24 nickels in his bank . His dad gave him 39 nickels and 31 quarters . How many nickels does he have now ?
Sam originally had 24 nickels. His dad gave him 39 more nickels. So he has 24 + 39 = 63 nickels. The answer is 63.
Therefore, the answer (arabic numerals) is
63
based on the reasoning made to answer the question give the final answer in \textbf{}",\textbf{63.0},63.0,63.0
"Dan grew 42 turnips and 38 cantelopes . Jessica grew 47 turnips . How many turnips did they grow in total ?
Let's count the turnips!

Dan grew 42 turnips.
Jessica grew 47 turnips.

To find the total number of turnips, add the number of turnips they each grew:

42 + 47 = 89

So, Dan and Jessica grew a total of 89 turnips.
Therefore, the answer (arabic numerals) is
89
based on the reasoning made to answer the question give the final answer in \textbf{}",\textbf{89.0},89.0,89.0
"There are 33 walnut trees currently in the park . Park workers will plant 44 walnut trees today . How many walnut trees will the park have when the workers are finished ?
There are 33 walnut trees. After planting 44 more, there will be 33 + 44 = 77. The answer is 77.
Therefore, the answer (arabic numerals) is
77
based on the reasoning made to answer the question give the final answer in \textbf{}",\textbf{77.0},77.0,77.0
"Sara had 21 quarters in her bank . Her dad gave her 49 quarters . How many quarters does she have now ?
Sara started with 21 quarters. Her dad gave her 49 quarters. So she now has 21 + 49 = 70 quarters. The answer is 70.
Therefore, the answer (arabic numerals) is
70
based on the reasoning made to answer the question give the final answer in \textbf{}",\textbf{70.0},70.0,70.0
"There are 41 pencils in the drawer . Mike placed 30 pencils in the drawer . How many pencils are now there in total ?
There were originally 41 pencils. Then 30 more were added. 41 + 30 = 71.
#### 71
Therefore, the answer (arabic numerals) is
The correct answer is:

71
based on the reasoning made to answer the question give the final answer in \textbf{}",\textbf{71.0},71.0,71.0
"Joan has 10 books . Tom has 38 books . How many books do they have together ?
Let's count the books!

Joan has 10 books.
Tom has 38 books.

To find the total number of books they have together, we add the number of books they each have:

10 (Joan's books) + 38 (Tom's books) = 48

So, Joan and Tom have 48 books together!
Therefore, the answer (arabic numerals) is
48
based on the reasoning made to answer the question give the final answer in \textbf{}",\textbf{48.0},48.0,48.0
"Joan has 40 blue balloons Melanie has 41 blue balloons . How many blue balloons do they have in total ?
A simple one!

Joan has 40 blue balloons, and Melanie has 41 blue balloons. To find the total number of blue balloons, you can simply add them together:

40 + 41 = 81

So, Joan and Melanie have 81 blue balloons in total!
Therefore, the answer (arabic numerals) is
81
based on the reasoning made to answer the question give the final answer in \textbf{}",\textbf{81.0},81.0,81.0
"Fred grew 38 cantelopes . Tim grew 44 cantelopes . How many cantelopes did they grow in total ?
A simple math problem!

Fred grew 38 cantelopes.
Tim grew 44 cantelopes.

To find the total number of cantelopes they grew, you add the two numbers together:

38 + 44 = 82

So, Fred and Tim grew a total of 82 cantelopes!
Therefore, the answer (arabic numerals) is
82
based on the reasoning made to answer the question give the final answer in \textbf{}",\textbf{82.0},82.0,82.0
"Sam went to 14 football games this year . He went to 29 games last year . How many football games did Sam go to in all ?
Sam went to 14 games this year. Last year he went to 29 games. So in total he went to 14 + 29 games. 14 + 29 is 43. The answer is 43.
Therefore, the answer (arabic numerals) is
43
based on the reasoning made to answer the question give the final answer in \textbf{}",\textbf{43.0},43.0,43.0
"Mary found 18 seashells and Jessica found 41 seashells on the beach . How many seashells did they find together ?
Mary found 18 seashells. Jessica found 41 seashells. Together, they found 18 + 41 seashells. 18 + 41 is 59.
#### 59
Therefore, the answer (arabic numerals) is
59
based on the reasoning made to answer the question give the final answer in \textbf{}",\textbf{59.0},59.0,59.0
"There are 39 dogwood trees currently in the park . Park workers will plant 41 dogwood trees today and 20 dogwood trees tomorrow . How many dogwood trees will the park have when the workers are finished ?
There are 39 dogwood trees. 41 will be added today, and 20 will be added tomorrow. So 39 + 41 + 20 = 100. The answer is 100.
Therefore, the answer (arabic numerals) is
100
based on the reasoning made to answer the question give the final answer in \textbf{}",\textbf{100.0},100.0,100.0
"Sandy has 10 books , Benny has 24 books , and Tim has 33 books . How many books do they have together ?
Let's count the number of books each person has:

* Sandy has 10 books
* Benny has 24 books
* Tim has 33 books

To find the total number of books they have together, we add the number of books each person has:

10 + 24 + 33 = 67

So, Sandy, Benny, and Tim have 67 books together.
Therefore, the answer (arabic numerals) is
67
based on the reasoning made to answer the question give the final answer in \textbf{}",\textbf{67.0},67.0,67.0
"Jason picked 46 pears , Keith picked 47 pears , and Mike picked 12 pears from the pear tree . How many pears were picked in total ?
Jason picked 46 pears. Keith picked 47 pears. Mike picked 12 pears. So in total, 46 + 47 + 12 = 105 pears were picked. The answer is 105.
Therefore, the answer (arabic numerals) is
105
based on the reasoning made to answer the question give the final answer in \textbf{}",\textbf{105.0},105.0,105.0
"Keith grew 29 cantelopes , Fred grew 16 cantelopes , and Jason grew 20 cantelopes . How many cantelopes did they grow in total ?
A fun question!

Let's add up the number of cantelopes each person grew:

Keith grew 29 cantelopes
Fred grew 16 cantelopes
Jason grew 20 cantelopes

To find the total, we add these numbers together:

29 + 16 + 20 = 65

So, they grew a total of 65 cantelopes!
Therefore, the answer (arabic numerals) is
65
based on the reasoning made to answer the question give the final answer in \textbf{}",\textbf{65.0},65.0,65.0
"Melanie had 19 dimes in her bank . Her dad gave her 39 dimes and her mother gave her 25 dimes . How many dimes does Melanie have now ?
Melanie started with 19 dimes. Her dad gave her 39 dimes and her mom gave her 25 dimes. So she got 39 + 25 = 64 dimes. 19 + 64 = 83. The answer is 83.
Therefore, the answer (arabic numerals) is
83
based on the reasoning made to answer the question give the final answer in \textbf{}",\textbf{83.0},83.0,83.0
"Alyssa has 37 blue balloons , Sandy has 28 blue balloons , and Sally has 39 blue balloons . How many blue balloons do they have in all ?
Let's add the number of blue balloons each person has:

Alyssa has 37 blue balloons
Sandy has 28 blue balloons
Sally has 39 blue balloons

To find the total number of blue balloons, we add:

37 + 28 + 39 = 104

So, they have 104 blue balloons in all!
Therefore, the answer (arabic numerals) is
104
based on the reasoning made to answer the question give the final answer in \textbf{}",\textbf{104.0},104.0,104.0
"Sally had 27 Pokemon cards . Dan gave her 41 new Pokemon cards . Sally bought 20 Pokemon cards . How many Pokemon cards does Sally have now ?
Sally started with 27 Pokemon cards. Dan gave her 41 new ones, so she had 27 + 41 = 68. Then she bought 20 more, so she has 68 + 20 = 88. The answer is 88.
Therefore, the answer (arabic numerals) is
88
based on the reasoning made to answer the question give the final answer in \textbf{}",\textbf{88.0},88.0,88.0
"Jason went to 11 football games this month . He went to 17 games last month , and plans to go to 16 games next month . How many games will he attend in all ?
Jason went to 11 games this month. He went to 17 games last month. He plans to go to 16 games next month. So in total, he will go to 11 + 17 + 16 = 44. The answer is 44.
Therefore, the answer (arabic numerals) is
44
based on the reasoning made to answer the question give the final answer in \textbf{}",\textbf{44.0},44.0,44.0
"There are 43 pencils in the drawer and 19 pencils on the desk . Dan placed 16 pencils on the desk . How many pencils are now there in total ?
There were originally 43 + 19 = 62 pencils. After placing 16 more on the desk, there are 62 + 16 = 78 pencils. The answer is 78.
Therefore, the answer (arabic numerals) is
78
based on the reasoning made to answer the question give the final answer in \textbf{}",\textbf{78.0},78.0,78.0
"Mike has 35 books in his library . He bought several books at a yard sale over the weekend . He now has 56 books in his library . How many books did he buy at the yard sale ?
Mike started with 35 books. After buying some, he had 56. So he must have bought 56 - 35 = 21 books. The answer is 21.
Therefore, the answer (arabic numerals) is
21
based on the reasoning made to answer the question give the final answer in \textbf{}",\textbf{21.0},21.0,21.0
"There are 53 maple trees currently in the park . Park workers will plant maple trees today . When the workers are finished there will be 64 maple trees in the park . How many maple trees did the workers plant today ?
There are originally 53 maple trees. After the workers are done, there will be 64. So the workers must have planted 64 - 53 = 11. The answer is 11.
Therefore, the answer (arabic numerals) is
11
based on the reasoning made to answer the question give the final answer in \textbf{}",\textbf{11.0},11.0,11.0
"Dan found 56 seashells on the beach , he gave Jessica some of his seashells . He has 22 seashell . How many seashells did he give to Jessica ?
Dan originally had 56 seashells. After giving some to Jessica, he has 22 seashells. So he must have given 56 - 22 = 34 seashells to Jessica.
#### 34
Therefore, the answer (arabic numerals) is
34
based on the reasoning made to answer the question give the final answer in \textbf{}",\textbf{34.0},34.0,34.0
"Sally had 13 peaches at her roadside fruit dish . She went to the orchard and picked peaches to stock up . There are now 55 peaches . how many did she pick ?
Let's use subtraction to find out how many peaches Sally picked!

Sally started with 13 peaches and ended up with 55 peaches. To find out how many she picked, we need to subtract the initial number of peaches (13) from the final number of peaches (55).

55 - 13 = 42

So, Sally picked 42 peaches!
Therefore, the answer (arabic numerals) is
42
based on the reasoning made to answer the question give the final answer in \textbf{}",\textbf{42.0},42.0,42.0
"Benny received 67 dollars for his birthday . He went to a sporting goods store and bought a baseball glove , baseball , and bat . He had 33 dollars over , how much did he spent on the baseball gear ?
Benny had 67 dollars. After spending some, he had 33 dollars left. So he must have spent 67 - 33 = 34 dollars. The answer is 34.
Therefore, the answer (arabic numerals) is
34
based on the reasoning made to answer the question give the final answer in \textbf{}",\textbf{34.0},34.0,34.0
"There were 3 roses in the vase . Alyssa cut some roses from her flower garden . There are now 14 roses in the vase . How many roses did she cut ?
Let's start by using the information that there were 3 roses in the vase initially.

Alyssa cut some roses from her garden, and now there are 14 roses in the vase. To find out how many roses she cut, we need to subtract the initial number of roses (3) from the new total number of roses (14).

14 - 3 = 11

So, Alyssa cut 11 roses from her flower garden.
Therefore, the answer (arabic numerals) is
11
based on the reasoning made to answer the question give the final answer in \textbf{}",\textbf{11.0},11.0,11.0
"Last week Tom had 74 dollars . He washed cars over the weekend and now has 86 dollars . How much money did he make washing cars ?
Let's start by finding out how much money Tom had at the end of the weekend.

He had 86 dollars at the end of the weekend, and he had 74 dollars last week. To find out how much he made, we need to subtract the amount he had last week from the amount he has now.

86 - 74 = 12

So Tom made 12 dollars washing cars over the weekend.
Therefore, the answer (arabic numerals) is
12
based on the reasoning made to answer the question give the final answer in \textbf{}",\textbf{12.0},12.0,12.0
"There were 73 bales of hay in the barn . Jason stacked bales in the barn today . There are now 96 bales of hay in the barn . How many bales did he store in the barn ?
There were originally 73 bales of hay. After Jason stacked some, there were 96 bales. So he must have stacked 96 - 73 = 23 bales.
#### 23
Therefore, the answer (arabic numerals) is
23
based on the reasoning made to answer the question give the final answer in \textbf{}",\textbf{23.0},23.0,23.0
"Nancy grew 6 potatoes . Sandy grew 7 potatoes . How many potatoes did they grow in total ?
Let's count the potatoes!

Nancy grew 6 potatoes.
Sandy grew 7 potatoes.

To find the total number of potatoes, we add them together:

6 (Nancy's potatoes) + 7 (Sandy's potatoes) = 13

So, Nancy and Sandy grew 13 potatoes in total!
Therefore, the answer (arabic numerals) is
13
based on the reasoning made to answer the question give the final answer in \textbf{}",\textbf{13.0},13.0,13.0
"There are 9 crayons in the drawer . Benny placed 3 crayons in the drawer . How many crayons are now there in total ?
There were originally 9 crayons. Benny added 3 more. So there are 9 + 3 = 12 crayons now.
#### 12
Therefore, the answer (arabic numerals) is
12
based on the reasoning made to answer the question give the final answer in \textbf{}",\textbf{12.0},12.0,12.0
"There are 5 oak trees currently in the park . Park workers will plant 4 oak trees today . How many oak trees will the park have when the workers are finished ?
There are 5 oak trees currently in the park. The workers will plant 4 more. 5 + 4 = 9. The answer is 9.
Therefore, the answer (arabic numerals) is
9
based on the reasoning made to answer the question give the final answer in \textbf{}",\textbf{9.0},9.0,9.0
"Tom found 7 seashells but 4 were broken . How many unbroken seashells did Tom find ?
A simple one!

Tom found 7 seashells, but 4 were broken. To find out how many unbroken seashells he found, we need to subtract the number of broken seashells from the total number of seashells:

7 (total seashells) - 4 (broken seashells) = 3

So, Tom found 3 unbroken seashells.
Therefore, the answer (arabic numerals) is
3
based on the reasoning made to answer the question give the final answer in \textbf{}",\textbf{3.0},3.0,3.0
"Sally picked 7 lemons and Mary picked 9 lemons from the lemon tree . How many lemons were picked in total ?
A simple one!

Sally picked 7 lemons and Mary picked 9 lemons, so to find the total number of lemons picked, we add them together:

7 + 9 = 16

So, a total of 16 lemons were picked from the lemon tree.
Therefore, the answer (arabic numerals) is
16
based on the reasoning made to answer the question give the final answer in \textbf{}",\textbf{16.0},16.0,16.0
"A restaurant served 6 cakes during lunch and 9 during dinner today . How many cakes were served today ?
The restaurant served 6 cakes during lunch. Then they served 9 during dinner. 6 + 9 is 15.
#### 15
Therefore, the answer (arabic numerals) is
That's correct!

The restaurant served 6 cakes during lunch and 9 cakes during dinner, so the total number of cakes served is:

6 + 9 = 15

Therefore, the correct answer is indeed 15.
based on the reasoning made to answer the question give the final answer in \textbf{}",\textbf{15.0},15.0,15.0
"Joan has 8 orange balloons but lost 2 of them . How many orange balloons does Joan have now ?
Joan had 8 orange balloons and lost 2. To find out how many she has now, we subtract 2 from 8.

8 - 2 = 6

Joan has 6 orange balloons now.
Therefore, the answer (arabic numerals) is
6
based on the reasoning made to answer the question give the final answer in \textbf{}",\textbf{6.0},6.0,6.0
"Fred had 7 dimes in his bank . His sister borrowed 3 of his dimes . How many dimes does Fred have now ?
Fred had 7 dimes. His sister borrowed 3. So now he has 7 - 3 = 4 dimes.
Therefore, the answer (arabic numerals) is
4
based on the reasoning made to answer the question give the final answer in \textbf{}",\textbf{4.0},4.0,4.0
"Joan 's cat had 8 kittens . She gave 2 to her friends . How many kittens does she have now ?
Joan's cat had 8 kittens. She gave 2 to her friends. So she has 8 - 2 = 6 kittens left. The answer is 6.
Therefore, the answer (arabic numerals) is
6
based on the reasoning made to answer the question give the final answer in \textbf{}",\textbf{6.0},6.0,6.0
"There are 34 dogwood trees currently in the park . Park workers will plant 49 dogwood trees today . How many dogwood trees will the park have when the workers are finished ?
There are 34 dogwood trees currently. If 49 are planted, then there will be 34 + 49 = 83 dogwood trees. The answer is 83.
Therefore, the answer (arabic numerals) is
83
based on the reasoning made to answer the question give the final answer in \textbf{}",\textbf{83.0},83.0,83.0
"There are 27 pencils in the drawer . Nancy placed 45 pencils in the drawer . How many pencils are now there in total ?
There were originally 27 pencils. Nancy added 45 more. So there are 27 + 45 = 72 pencils.
#### 72
Therefore, the answer (arabic numerals) is
72
based on the reasoning made to answer the question give the final answer in \textbf{}",\textbf{72.0},72.0,72.0
"Sam found 35 seashells on the beach , he gave Joan 18 of the seashells . How many seashells does he now have ?
Sam started with 35 seashells. He gave Joan 18. So he has 35 - 18 = 17 seashells left. The answer is 17.
Therefore, the answer (arabic numerals) is
17
based on the reasoning made to answer the question give the final answer in \textbf{}",\textbf{17.0},17.0,17.0
"Tim has 22 books . Mike has 20 books . How many books do they have together ?
Let's count the books!

Tim has 22 books.
Mike has 20 books.

To find the total number of books they have together, we add the number of books each of them has:

22 (Tim's books) + 20 (Mike's books) = 42

So, Tim and Mike have 42 books together!
Therefore, the answer (arabic numerals) is
42
based on the reasoning made to answer the question give the final answer in \textbf{}",\textbf{42.0},42.0,42.0
"Mike has 87 baseball cards . Sam bought 13 of Mike 's baseball cards . How many baseball cards does Mike have now ?
Mike started with 87 baseball cards. Sam bought 13 of them. So Mike has 87 - 13 = 74 baseball cards.
#### 74
Therefore, the answer (arabic numerals) is
74
based on the reasoning made to answer the question give the final answer in \textbf{}",\textbf{74.0},74.0,74.0
"Sandy grew 51 pumpkins . Mike grew 23 pumpkins . How many pumpkins did they grow in total ?
Let's add the number of pumpkins Sandy and Mike grew:

Sandy grew 51 pumpkins
Mike grew 23 pumpkins

Total number of pumpkins = 51 + 23 = 74

So, Sandy and Mike grew a total of 74 pumpkins.
Therefore, the answer (arabic numerals) is
74
based on the reasoning made to answer the question give the final answer in \textbf{}",\textbf{74.0},74.0,74.0
"Tim has 44 books . Sam has 52 books . How many books do they have together ?
Let's count the books!

Tim has 44 books.
Sam has 52 books.

To find the total number of books they have together, we add the number of books each person has:

44 (Tim's books) + 52 (Sam's books) = 96 books

So, Tim and Sam have 96 books together!
Therefore, the answer (arabic numerals) is
96
based on the reasoning made to answer the question give the final answer in \textbf{}",\textbf{96.0},96.0,96.0
"Dan has 64 violet marbles , he gave Mary 14 of the marbles . How many violet marbles does he now have ?
Dan started with 64 violet marbles. He gave Mary 14 of them. To find out how many he has left, we can subtract 14 from 64.

64 - 14 = 50

So, Dan now has 50 violet marbles.
Therefore, the answer (arabic numerals) is
50
based on the reasoning made to answer the question give the final answer in \textbf{}",\textbf{50.0},50.0,50.0
"There are 25 popular trees currently in the park . Park workers will plant 73 popular trees today . How many popular trees will the park have when the workers are finished ?
There are 25 trees currently. 73 more will be planted. 25 + 73 = 98. The answer is 98.
Therefore, the answer (arabic numerals) is
98
based on the reasoning made to answer the question give the final answer in \textbf{}",\textbf{98.0},98.0,98.0
"There are 54 scissors in the drawer . Keith placed 22 scissors in the drawer . How many scissors are now there in all ?
There were originally 54 scissors in the drawer. Keith placed 22 more. So there are 54 + 22 = 76 scissors.
#### 76
Therefore, the answer (arabic numerals) is
76
based on the reasoning made to answer the question give the final answer in \textbf{}",\textbf{76.0},76.0,76.0
"Alyssa picked 42 pears and Nancy picked 17 pears from the pear tree . How many pears were picked in all ?
Alyssa picked 42 pears and Nancy picked 17 pears. So in total, they picked 42 + 17 pears. 42 + 17 is 59.
#### 59
Therefore, the answer (arabic numerals) is
59
based on the reasoning made to answer the question give the final answer in \textbf{}",\textbf{59.0},59.0,59.0
"Sam had 98 pennies in his bank . He spent 93 of his pennies . How many pennies does he have now ?
Let's subtract the number of pennies Sam spent from the original amount he had:

98 (initial pennies) - 93 (pennies spent) = 5

Sam has 5 pennies left.
Therefore, the answer (arabic numerals) is
5
based on the reasoning made to answer the question give the final answer in \textbf{}",\textbf{5.0},5.0,5.0
"Joan found 79 seashells on the beach , she gave Mike 63 of the seashells . How many seashells does she now have ?
Joan had 79 seashells. She gave Mike 63. So she has 79 - 63 left. 79 - 63 is 16.
#### 16
Therefore, the answer (arabic numerals) is
16
based on the reasoning made to answer the question give the final answer in \textbf{}",\textbf{16.0},16.0,16.0
"Sam has 110 books . Joan has 102 books . How many books do they have together ?
Let's count the books!

Sam has 110 books.
Joan has 102 books.

To find the total number of books they have together, we add the number of books Sam has to the number of books Joan has:

110 + 102 = 212

So, Sam and Joan have 212 books together!
Therefore, the answer (arabic numerals) is
212
based on the reasoning made to answer the question give the final answer in \textbf{}",\textbf{212.0},212.0,212.0
"Mary picked 122 oranges and Jason picked 105 oranges from the orange tree . How many oranges were picked in total ?
Mary picked 122 oranges and Jason picked 105 oranges. To find the total number of oranges picked, you can add the two numbers together:

122 + 105 = 227

So, a total of 227 oranges were picked.
Therefore, the answer (arabic numerals) is
227
based on the reasoning made to answer the question give the final answer in \textbf{}",\textbf{227.0},227.0,227.0
"Sally had 760 quarters in her bank . She spent 418 of her quarters . How many quarters does she have now ?
Sally started with 760 quarters. She spent 418 quarters. To find out how many she has left, subtract 418 from 760.

760 - 418 = 342

So Sally has 342 quarters now.
Therefore, the answer (arabic numerals) is
342
based on the reasoning made to answer the question give the final answer in \textbf{}",\textbf{342.0},342.0,342.0
"Melanie grew 139 turnips . Benny grew 113 turnips . How many turnips did they grow in all ?
Let's add the number of turnips Melanie and Benny grew:

Melanie grew 139 turnips
Benny grew 113 turnips

Add them together:
139 + 113 = 252

So, they grew 252 turnips in all!
Therefore, the answer (arabic numerals) is
252
based on the reasoning made to answer the question give the final answer in \textbf{}",\textbf{252.0},252.0,252.0
"Jason has 676 Pokemon cards . Alyssa bought 224 of Jason 's Pokemon cards . How many Pokemon cards does Jason have now ?
Jason had 676 Pokemon cards. Alyssa bought 224 of them. 676 - 224 = 452. The answer is 452.
Therefore, the answer (arabic numerals) is
452
based on the reasoning made to answer the question give the final answer in \textbf{}",\textbf{452.0},452.0,452.0
"There are 107 walnut trees currently in the park . Park workers will plant 104 walnut trees today . How many walnut trees will the park have when the workers are finished ?
There are 107 walnut trees. If 104 more are planted, then 107 + 104 = 211. The answer is 211.
Therefore, the answer (arabic numerals) is
211
based on the reasoning made to answer the question give the final answer in \textbf{}",\textbf{211.0},211.0,211.0
"Fred has 709 green balloons , he gave Sandy 221 of the balloons . How many green balloons does he now have ?
Let's subtract the number of balloons Fred gave to Sandy from the original number of balloons he had:

709 (original balloons) - 221 (balloons given to Sandy) = 488

So, Fred now has 488 green balloons.
Therefore, the answer (arabic numerals) is
488
based on the reasoning made to answer the question give the final answer in \textbf{}",\textbf{488.0},488.0,488.0
"There are 115 pencils in the drawer . Sara placed 100 pencils in the drawer . How many pencils are now there in all ?
There were originally 115 pencils. Sara placed 100 more pencils. So there are 115 + 100 = 215 pencils.
#### 215
Therefore, the answer (arabic numerals) is
215
based on the reasoning made to answer the question give the final answer in \textbf{}",\textbf{215.0},215.0,215.0
"Jason has 3 Pokemon cards . Benny bought 2 of Jason 's Pokemon cards . How many Pokemon cards does Jason have now ?
Jason started with 3 Pokemon cards. Benny bought 2 of them. So Jason has 3 - 2 = 1 Pokemon card left. The answer is 1.
Therefore, the answer (arabic numerals) is
1
based on the reasoning made to answer the question give the final answer in \textbf{}",\textbf{1.0},1.0,1.0
"Mike has 8 orange marbles , he gave Sam 4 of the marbles . How many orange marbles does he now have ?
Let's count the marbles!

Mike started with 8 orange marbles.

He gave Sam 4 marbles, so he gave away 4 of his 8 marbles.

To find out how many marbles Mike has left, we subtract 4 from 8:

8 - 4 = 4

Mike now has 4 orange marbles.
Therefore, the answer (arabic numerals) is
4
based on the reasoning made to answer the question give the final answer in \textbf{}",\textbf{4.0},4.0,4.0
"Joan had 5 dimes in her bank . She spent 2 of her dimes . How many dimes does she have now ?
Joan started with 5 dimes. She spent 2 of them, so she has:

5 - 2 = 3

Joan has 3 dimes now.
Therefore, the answer (arabic numerals) is
3
based on the reasoning made to answer the question give the final answer in \textbf{}",\textbf{3.0},3.0,3.0
"There are 2 orchid bushes currently in the park . Park workers will plant 4 orchid bushes today . How many orchid bushes will the park have when the workers are finished ?
There are 2 orchid bushes. 4 more will be planted. 2 + 4 = 6. The answer is 6.
Therefore, the answer (arabic numerals) is
6
based on the reasoning made to answer the question give the final answer in \textbf{}",\textbf{6.0},6.0,6.0
"Sara picked 6 pears and Tim picked 5 pears from the pear tree . How many pears were picked in total ?
A simple math problem!

Sara picked 6 pears and Tim picked 5 pears, so to find the total number of pears picked, we add them together:

6 (Sara's pears) + 5 (Tim's pears) = 11

So, in total, 11 pears were picked from the pear tree.
Therefore, the answer (arabic numerals) is
11
based on the reasoning made to answer the question give the final answer in \textbf{}",\textbf{11.0},11.0,11.0
"Sam grew 4 watermelons , but the rabbits ate 3 watermelons . How many watermelons does Sam have ?
A sweet and juicy problem!

Sam grew 4 watermelons, but the rabbits ate 3 of them. To find out how many watermelons Sam has left, we need to subtract the number of watermelons eaten by the rabbits from the total number of watermelons Sam grew.

4 (watermelons Sam grew) - 3 (watermelons eaten by rabbits) = 1

So, Sam has 1 watermelon left.
Therefore, the answer (arabic numerals) is
1
based on the reasoning made to answer the question give the final answer in \textbf{}",\textbf{1.0},1.0,1.0
"Jason had Pokemon cards . He gave 9 to his friends . He now has 4 Pokemon cards . How many Pokemon cards did he have to start with ?
A fun problem!

Let's break it down:

Jason gave 9 Pokémon cards to his friends.
He now has 4 Pokémon cards left.

To find out how many Pokémon cards he had to start with, we need to add the 9 cards he gave away to the 4 cards he has left:

9 (cards given away) + 4 (cards left) = 13

So, Jason had 13 Pokémon cards to start with!
Therefore, the answer (arabic numerals) is
13
based on the reasoning made to answer the question give the final answer in \textbf{}",\textbf{13.0},13.0,13.0
"Mary had 7 nickels in her bank . Her dad gave her 5 nickels . How many nickels does Mary have now ?
Let's count the nickels!

Mary started with 7 nickels.

Her dad gave her 5 more nickels.

To find the total number of nickels Mary has now, we add the two amounts together:

7 (initial nickels) + 5 (additional nickels) = 12

So, Mary has 12 nickels now!
Therefore, the answer (arabic numerals) is
12
based on the reasoning made to answer the question give the final answer in \textbf{}",\textbf{12.0},12.0,12.0
"Keith grew 6 turnips . Alyssa grew 9 turnips . How many turnips did they grow in all ?
A simple math problem!

Keith grew 6 turnips.
Alyssa grew 9 turnips.

To find the total number of turnips they grew, we add the two numbers together:

6 + 9 = 15

So, Keith and Alyssa grew 15 turnips in all!
Therefore, the answer (arabic numerals) is
15
based on the reasoning made to answer the question give the final answer in \textbf{}",\textbf{15.0},15.0,15.0
"Mary has 9 yellow marbles Joan has 3 yellow marbles . How many yellow marbles do they have in all ?
Let's count the yellow marbles!

Mary has 9 yellow marbles.
Joan has 3 yellow marbles.

To find the total number of yellow marbles, we add the number of marbles they each have:

9 (Mary's marbles) + 3 (Joan's marbles) = 12

So, they have 12 yellow marbles in all!
Therefore, the answer (arabic numerals) is
12
based on the reasoning made to answer the question give the final answer in \textbf{}",\textbf{12.0},12.0,12.0
"Sally grew 6 carrots . Fred grew 4 carrots . How many carrots did they grow in all ?
Let's count the carrots!

Sally grew 6 carrots.
Fred grew 4 carrots.

To find the total number of carrots, we add the number of carrots Sally grew to the number of carrots Fred grew:

6 (Sally's carrots) + 4 (Fred's carrots) = 10

So, Sally and Fred grew 10 carrots in all!
Therefore, the answer (arabic numerals) is
10
based on the reasoning made to answer the question give the final answer in \textbf{}",\textbf{10.0},10.0,10.0
"Tom found 5 seashells on the beach . he gave Jessica 2 of the seashells . How many seashells does he now have ?
Tom found 5 seashells. He gave 2 away. So he has 5 - 2 = 3 seashells left.
Therefore, the answer (arabic numerals) is
3
based on the reasoning made to answer the question give the final answer in \textbf{}",\textbf{3.0},3.0,3.0
"Fred has 5 baseball cards . Melanie bought 3 of Fred 's baseball cards . How many baseball cards does Fred have now ?
Fred had 5 baseball cards. Melanie bought 3 of them. So Fred has 5 - 3 = 2 baseball cards now.
Therefore, the answer (arabic numerals) is
2
based on the reasoning made to answer the question give the final answer in \textbf{}",\textbf{2.0},2.0,2.0
"Mary had 8 potatoes in the garden . The rabbits ate 3 of the potatoes . How many potatoes does Mary now have ?
Let's subtract the number of potatoes eaten by the rabbits from the original number of potatoes Mary had:

8 (original potatoes) - 3 (potatoes eaten) = 5

So, Mary now has 5 potatoes in the garden.
Therefore, the answer (arabic numerals) is
5
based on the reasoning made to answer the question give the final answer in \textbf{}",\textbf{5.0},5.0,5.0
"There are 9 oak trees currently in the park . Park workers had to cut down 2 oak trees that were damaged . How many oak trees will the park have when the workers are finished ?
There were originally 9 oak trees. After 2 were cut down, there will be 9 - 2 = 7 oak trees. The answer is 7.
Therefore, the answer (arabic numerals) is
7
based on the reasoning made to answer the question give the final answer in \textbf{}",\textbf{7.0},7.0,7.0
"Jessica had 8 quarters in her bank . Her sister borrowed 3 of her quarters . How many quarters does Jessica have now ?
Jessica had 8 quarters. Her sister borrowed 3. So she has 8 - 3 = 5 quarters left. The answer is 5.
Therefore, the answer (arabic numerals) is
5
based on the reasoning made to answer the question give the final answer in \textbf{}",\textbf{5.0},5.0,5.0
"A restaurant made 9 hamburgers to serve during lunch . Only 3 were actually served . How many hamburgers were over from lunch ?
The restaurant made 9 hamburgers. 3 were served. So 9 - 3 = 6 hamburgers were left over. The answer is 6.
Therefore, the answer (arabic numerals) is
6
based on the reasoning made to answer the question give the final answer in \textbf{}",\textbf{6.0},6.0,6.0
"There are 7 crayons in the drawer . Mary took 3 crayons out of the drawer . How many crayons are there now ?
Let's count the crayons!

There were 7 crayons in the drawer initially.

Mary took 3 crayons out of the drawer, so we subtract 3 from 7:

7 - 3 = 4

There are 4 crayons left in the drawer now.
Therefore, the answer (arabic numerals) is
4
based on the reasoning made to answer the question give the final answer in \textbf{}",\textbf{4.0},4.0,4.0
"Dan picked 9 limes and gave Sara 4 of the limes . How many limes does Dan have now ?
Dan started with 9 limes. He gave 4 away. So he has 9 - 4 = 5 limes left.
#### 5
Therefore, the answer (arabic numerals) is
5
based on the reasoning made to answer the question give the final answer in \textbf{}",\textbf{5.0},5.0,5.0
"Joan has 9 blue balloons but lost 2 of them . How many blue balloons does Joan have now ?
Joan started with 9 blue balloons. She lost 2, so she has:

9 - 2 = 7

Joan has 7 blue balloons now.
Therefore, the answer (arabic numerals) is
7
based on the reasoning made to answer the question give the final answer in \textbf{}",\textbf{7.0},7.0,7.0
"Joan picked 43 apples from the orchard , and gave 27 apples to Melanie . How many apples does Joan have now ?
Joan started with 43 apples. She gave 27 to Melanie. So she has 43 - 27 = 16 apples left.
#### 16
Therefore, the answer (arabic numerals) is
16
based on the reasoning made to answer the question give the final answer in \textbf{}",\textbf{16.0},16.0,16.0
"Tom has 30 violet balloons , he gave Fred 16 of the balloons . How many violet balloons does he now have ?
Tom started with 30 violet balloons. He gave Fred 16, so he has:

30 - 16 = 14

Tom now has 14 violet balloons.
Therefore, the answer (arabic numerals) is
14
based on the reasoning made to answer the question give the final answer in \textbf{}",\textbf{14.0},14.0,14.0
"Fred has 40 baseball cards . Keith bought 22 of Fred 's baseball cards . How many baseball cards does Fred have now ?
Fred had 40 baseball cards. Keith bought 22 of them. So Fred has 40 - 22 = 18 left.
#### 18
Therefore, the answer (arabic numerals) is
18
based on the reasoning made to answer the question give the final answer in \textbf{}",\textbf{18.0},18.0,18.0
"Fred found 47 seashells on the beach , he gave Jessica 25 of the seashells . How many seashells does he now have ?
Fred started with 47 seashells. He gave 25 away, so he has 47 - 25 = 22 seashells left.
Therefore, the answer (arabic numerals) is
22
based on the reasoning made to answer the question give the final answer in \textbf{}",\textbf{22.0},22.0,22.0
"Sara grew 43 pumpkins , but the rabbits ate 23 pumpkins . How many pumpkins does Sara have ?
Sara started with 43 pumpkins. The rabbits ate 23 pumpkins. So Sara has 43 - 23 pumpkins left. 43 - 23 is 20.
#### 20
Therefore, the answer (arabic numerals) is
20
based on the reasoning made to answer the question give the final answer in \textbf{}",\textbf{20.0},20.0,20.0
"Joan decided to sell all of her old books . She gathered up 33 books to sell . She sold 26 books in a yard sale . How many books does Joan now have ?
Joan started with 33 books. She sold 26 books. 33 - 26 = 7. The answer is 7.
Therefore, the answer (arabic numerals) is
7
based on the reasoning made to answer the question give the final answer in \textbf{}",\textbf{7.0},7.0,7.0
"There are 46 rulers in the drawer . Tim took 25 rulers from the drawer . How many rulers are now in the drawer ?
There were 46 rulers. After taking 25, there are 46 - 25 = 21 rulers left.
#### 21
Therefore, the answer (arabic numerals) is
21
based on the reasoning made to answer the question give the final answer in \textbf{}",\textbf{21.0},21.0,21.0
"There are 33 oak trees currently in the park . Park workers had to cut down 18 oak trees that were damaged . How many oak trees will be in the park when the workers are finished ?
There were originally 33 oak trees. After cutting down 18, there will be 33 - 18 = 15 left. The answer is 15.
Therefore, the answer (arabic numerals) is
15
based on the reasoning made to answer the question give the final answer in \textbf{}",\textbf{15.0},15.0,15.0
"Joan purchased a basketball game for $ 5.20 , and a racing game for $ 4.23 . How much did Joan spend on video games ?
Joan purchased a basketball game for 5.20 dollars. A racing game for 4.23 dollars. 5.20 + 4.23 = 9.43. The answer is 9.43.
Therefore, the answer (arabic numerals) is
9.43
based on the reasoning made to answer the question give the final answer in \textbf{}",\textbf{9.43},9.43,9.43
"Mike joined his school 's band . He bought a trumpet for $ 145.16 , and a song book which was $ 5.84 . How much did Mike spend at the music store ?
Mike bought a trumpet for 145.16 dollars, and a song book for 5.84 dollars. 145.16 + 5.84 is 150.99. The answer is 150.99.
Therefore, the answer (arabic numerals) is
150.99
based on the reasoning made to answer the question give the final answer in \textbf{}",\textbf{150.99},150.99,151.0
"Alyssa bought some toys . She bought a football for $ 5.71 , and spent $ 6.59 on marbles . In total , how much did Alyssa spend on toys ?
Alyssa spent 5.71 on a football. She spent 6.59 on marbles. So she spent 5.71 + 6.59 = 12.30 in total. The answer is 12.30.
Therefore, the answer (arabic numerals) is
12.3
based on the reasoning made to answer the question give the final answer in \textbf{}",\textbf{12.3},12.3,12.3
"Jessica spent $ 10.22 on a cat toy , and a cage cost her $ 11.73 . What was the total cost of Jessica 's purchases ?
Jessica spent 10.22 dollars on a cat toy. Then she spent 11.73 dollars on a cage. So in total she spent 10.22 + 11.73 dollars. 10.22 + 11.73 = 21.95.
#### 21.95
Therefore, the answer (arabic numerals) is
21.95
based on the reasoning made to answer the question give the final answer in \textbf{}",\textbf{21.95},21.95,21.95
"Sara got fast food for lunch . Sara spent $ 5.36 on a hotdog and $ 5.10 on a salad . What was the total of the lunch bill ?
Sara spent 5.36 on a hotdog and 5.10 on a salad. To find the total, add them together.
5.36 + 5.10 = 10.46

So the total of the lunch bill is $10.46.
Therefore, the answer (arabic numerals) is
10.46
based on the reasoning made to answer the question give the final answer in \textbf{}",\textbf{10.46},10.46,10.46
"Jason went to the mall on Saturday to buy clothes . He spent $ 14.28 on shorts and $ 4.74 on a jacket . In total , how much money did Jason spend on clothing ?
Jason spent 14.28 on shorts and 4.74 on a jacket. To find the total, we add these two numbers. 14.28 + 4.74 = 18.02.
#### 18.02
Therefore, the answer (arabic numerals) is
18.02
based on the reasoning made to answer the question give the final answer in \textbf{}",\textbf{18.02},18.02,19.02
"Alyssa loves eating fruits . Alyssa paid $ 12 8 for grapes , and $ 9.85 for cherries . In total , how much money did Alyssa spend ?
Alyssa spent 12 8 dollars on grapes and 9.85 dollars on cherries. To find the total, add them together: 12 8 + 9.85 = 21.93.
#### 21.93
Therefore, the answer (arabic numerals) is
21.93
based on the reasoning made to answer the question give the final answer in \textbf{}",\textbf{21.93},21.93,21.93
"Mary loves eating fruits . Mary paid $ 11 8 for berries , $ 14.33 for apples , and $ 9.31 for peaches . In total , how much money did she spend ?
Mary spent 11 8 + 14.33 + 9.31 dollars. 11 8 + 14.33 = 25.41. 25.41 + 9.31 = 34.72.
#### 34.72
Therefore, the answer (arabic numerals) is
34.72
based on the reasoning made to answer the question give the final answer in \textbf{}",\textbf{34.72},34.72,34.72
"Sandy went to the mall to buy clothes . She spent $ 13.99 on shorts , $ 12.14 on a shirt , and $ 7.43 on a jacket . How much money did Sandy spend on clothes ?
Sandy spent 13.99 on shorts, 12.14 on a shirt, and 7.43 on a jacket. 13.99 + 12.14 + 7.43 = 33.56. The answer is 33.56.
Therefore, the answer (arabic numerals) is
33.56
based on the reasoning made to answer the question give the final answer in \textbf{}",\textbf{33.56},33.56,33.56
"Jason joined his school 's band . He bought a flute for $ 142.46 , a music tool for $ 8.89 , and a song book for $ 7 . How much did Jason spend at the music store ?
Jason spent 142.46 + 8.89 + 7 dollars. That is 158.35. The answer is 158.35.
Therefore, the answer (arabic numerals) is
158.35
based on the reasoning made to answer the question give the final answer in \textbf{}",\textbf{158.35},158.35,158.35
"Tom purchased a football game for $ 14 2 , a strategy game for $ 9.46 , and a Batman game for $ 12 4 . How much did Tom spend on video games ?
Tom spent 14 2 + 9.46 + 12 4 dollars. This is 35.52 dollars. The answer is 35.52.
Therefore, the answer (arabic numerals) is
35.52
based on the reasoning made to answer the question give the final answer in \textbf{}",\textbf{35.52},35.52,35.52
"Mike bought some toys . He bought marbles for $ 9 5 , a football for $ 4.95 , and spent $ 6.52 on a baseball . In total , how much did Mike spend on toys ?
Mike spent 9 5 on marbles, 4.95 on a football, and 6.52 on a baseball. So in total, he spent 9 5 + 4.95 + 6.52 = 20.52. The answer is 20.52.
Therefore, the answer (arabic numerals) is
20.52
based on the reasoning made to answer the question give the final answer in \textbf{}",\textbf{20.52},20.52,20.52
"A ship is filled with 5973 tons of cargo . It stops in the Bahamas , where sailors load 8723 tons of cargo onboard . How many tons of cargo does the ship hold now ?
The ship started with 5973 tons of cargo. After loading 8723 tons, it will have 5973 + 8723 = 14696 tons. The answer is 14696.
Therefore, the answer (arabic numerals) is
14,696
based on the reasoning made to answer the question give the final answer in \textbf{}",\textbf{14696.0},14696.0,14696.0
"Before December , customers buy 1346 ear muffs from the mall . During December , they buy 6444 , and there are none . In all , how many ear muffs do the customers buy ?
Before December, customers buy 1346 ear muffs. During December, they buy 6444. So in total, they buy 1346 + 6444 = 7790. The answer is 7790.
Therefore, the answer (arabic numerals) is
7790
based on the reasoning made to answer the question give the final answer in \textbf{}",\textbf{7790.0},7790.0,7790.0
"Diane is a beekeeper . Last year , she harvested 2479 pounds of honey . This year , she bought some new hives and increased her honey harvest by 6085 pounds . How many pounds of honey did Diane harvest this year ?
Last year, Diane harvested 2479 pounds of honey. This year, she harvested 6085 more pounds. 2479 + 6085 is 8564. The answer is 8564.
Therefore, the answer (arabic numerals) is
8564
based on the reasoning made to answer the question give the final answer in \textbf{}",\textbf{8564.0},8564.0,8564.0
"An oil pipe in the sea broke . Before engineers started to fix the pipe , 6522 liters of oil leaked into the water . While the engineers worked , the pipe leaked 5165 liters of oil . In all , how many liters of oil leaked into the water ?
6522 liters leaked before the engineers started. Then 5165 more leaked. So in total, 6522 + 5165 = 11687 liters leaked. The answer is 11687.
Therefore, the answer (arabic numerals) is
11687
based on the reasoning made to answer the question give the final answer in \textbf{}",\textbf{11687.0},11687.0,11687.0
"A car company produced 3884 cars in North America and 2871 cars in Europe . How many cars is that in all ?
The car company produced 3884 cars in North America and 2871 cars in Europe. So in all, they produced 3884 + 2871 cars. 3884 + 2871 is 6755.
#### 6755
Therefore, the answer (arabic numerals) is
6755
based on the reasoning made to answer the question give the final answer in \textbf{}",\textbf{6755.0},6755.0,6755.0
"Abe 's family moved from the Bahamas to Japan , so they had convert their money into Japanese yen . Their checking account now has 6359 yen and their savings account now has 3485 yen . How many yen do they have ?
The family has 6359 yen in their checking account and 3485 yen in their savings account. So they have 6359 + 3485 = 9844 yen. The answer is 9844.
Therefore, the answer (arabic numerals) is
9844
based on the reasoning made to answer the question give the final answer in \textbf{}",\textbf{9844.0},9844.0,9844.0
"There are 1986 books in Oak Grove 's public library . In addition , there are 5106 books in its school libraries . How many books do the libraries in Oak Grove have overall ?
There are 1986 books in the public library and 5106 in the school libraries. To get the total, we add them together: 1986 + 5106 = 7092.
#### 7092
Therefore, the answer (arabic numerals) is
7092
based on the reasoning made to answer the question give the final answer in \textbf{}",\textbf{7092.0},7092.0,7092.0
"There were originally 20817 houses in Lincoln County . During a housing boom , developers built 97741 . How many houses are there now in Lincoln County ?
There were originally 20817 houses. Then 97741 were built. So there are 20817 + 97741 = 122058 houses now. The answer is 122058.
Therefore, the answer (arabic numerals) is
122058
based on the reasoning made to answer the question give the final answer in \textbf{}",\textbf{122058.0},122058.0,118558.0
"A farmer estimates that he will harvest 48097 bushels of wheat . The weather is perfect during the growing season , so he harvests 684 bushels of wheat than expected . How many bushels of wheat does the farmer harvest ?
The farmer expected to harvest 48097 bushels. He harvested 684 more than expected. So he harvested 48097 + 684 = 48881. The answer is 48881.
Therefore, the answer (arabic numerals) is
The correct answer is: 48,881
based on the reasoning made to answer the question give the final answer in \textbf{}",\textbf{48881.0},48881.0,48781.0
"Christina just transferred $ 69 out of her bank account . As a result , the account now has $ 26935 in it . How much money was in the account before the transfer ?
The account now has 26935 dollars. Before the transfer, it had some amount of money. Let's call that amount x. After the transfer, it has 26935 dollars. So x - 69 = 26935. To solve for x, we add 69 to both sides. x = 26935 + 69. 26935 + 69 = 27004. The answer is 27004.
Therefore, the answer (arabic numerals) is
27004
based on the reasoning made to answer the question give the final answer in \textbf{}",\textbf{27004.0},27004.0,27004.0
"Last year at Newberg 's airport , 14507 passengers landed on time . Unfortunately , 213 passengers landed late . In all , how many passengers landed in Newberg last year ?
14507 passengers landed on time. 213 passengers landed late. So 14507 + 213 = 14720 passengers landed in total.
#### 14720
Therefore, the answer (arabic numerals) is
14720
based on the reasoning made to answer the question give the final answer in \textbf{}",\textbf{14720.0},14720.0,14720.0
"A dust storm sweeps across the prairie . It covers 64535 acres of the prairie in dust , but leaves 522 acres untouched . How many acres does the prairie cover ?
The dust storm covers 64535 acres, but leaves 522 acres untouched. So the total area of the prairie is 64535 + 522 = 65057. The answer is 65057.
Therefore, the answer (arabic numerals) is
65057
based on the reasoning made to answer the question give the final answer in \textbf{}",\textbf{65057.0},65057.0,64013.0
"Some insects called aphids attack a large farm . In response , the farmer releases ladybugs onto the fields . There are 12170 ladybugs with spots and 54912 ladybugs without spots . How many ladybugs are there in all ?
There are 12170 ladybugs with spots and 54912 ladybugs without spots. 12170 + 54912 = 67182.
#### 67182
Therefore, the answer (arabic numerals) is
You're absolutely right!

There are indeed 12170 ladybugs with spots and 54912 ladybugs without spots. To find the total number of ladybugs, you simply add the two numbers together:

12170 + 54912 = 67182

So, the correct answer is:

67182
based on the reasoning made to answer the question give the final answer in \textbf{}",\textbf{67182.0},67182.0,67082.0
"Last year , 90171 people were born in a country , and 16320 people immigrated to it . How many new people began living in the country last year ?
There were 90171 people born in the country. 16320 people immigrated to the country. So the total number of new people is 90171 + 16320 = 106491. The answer is 106491.
Therefore, the answer (arabic numerals) is
106491
based on the reasoning made to answer the question give the final answer in \textbf{}",\textbf{106491.0},106491.0,106491.0
"A ship full of grain crashes into a coral reef . By the time the ship is fixed , 49952 tons of grain have spilled into the water . Only 918 tons of grain remain onboard . How many tons of grain did the ship originally contain ?
The ship originally had some grain. Then 49952 tons spilled out. 918 tons remained. So the ship originally had 918 + 49952 tons. 918 + 49952 = 50270. The answer is 50270.
Therefore, the answer (arabic numerals) is
50270
based on the reasoning made to answer the question give the final answer in \textbf{}",\textbf{50270.0},50270.0,50870.0
"To fill an order , the factory dyed 61921 yards of silk green and 49500 yards pink . How many yards of silk did it dye for that order ?
The factory dyed 61921 yards of silk green and 49500 yards of silk pink. That is a total of 61921 + 49500 = 111421 yards. The answer is 111421.
Therefore, the answer (arabic numerals) is
111,421
based on the reasoning made to answer the question give the final answer in \textbf{}",\textbf{111421.0},111421.0,111421.0
"A multi-national corporation has 2041 part-time employees and 63093 full-time employees . How many employees work for the corporation ?
There are 2041 part-time employees. There are 63093 full-time employees. 2041 + 63093 = 65534. The answer is 65534.
Therefore, the answer (arabic numerals) is
65534
based on the reasoning made to answer the question give the final answer in \textbf{}",\textbf{65534.0},65534.0,65134.0
"Each year , salmon travel upstream , going from the ocean to the rivers where they were born . This year , 712261 male and 259378 female salmon returned to their rivers . How many salmon made the trip ?
The number of male salmon is 712261. The number of female salmon is 259378. To get the total number of salmon, add the two numbers together. 712261 + 259378 = 971639.
#### 971,639
Therefore, the answer (arabic numerals) is
971,639
based on the reasoning made to answer the question give the final answer in \textbf{}",\textbf{971639.0},971639.0,971639.0
"A bathing suit manufacturer has a supply of 14797 bathing suits for men . In addition , it has 4969 bathing suits for women . How many bathing suits are available overall ?
There are 14797 bathing suits for men and 4969 bathing suits for women. 14797 + 4969 = 19766.
#### 19766
Therefore, the answer (arabic numerals) is
You're absolutely right!

14797 (bathing suits for men) + 4969 (bathing suits for women) = 19766

So, the correct answer is indeed:

19766
based on the reasoning made to answer the question give the final answer in \textbf{}",\textbf{14797.0},14797.0,19766.0
"Before the recent housing boom , there were 1426 houses in Lawrence County . Now , there are 2000 houses . How many houses did developers build during the housing boom ?
There were originally 1426 houses. Now there are 2000 houses. So 2000 - 1426 = 574 houses were built.
#### 574
Therefore, the answer (arabic numerals) is
574
based on the reasoning made to answer the question give the final answer in \textbf{}",\textbf{574.0},574.0,574.0
"A worker at a medical lab is studying blood samples . 2 samples contained a total of 7341 blood cells . The first sample contained 4221 blood cells . How many blood cells were in the second sample ?
The first sample had 4221 blood cells. The second sample had some number of blood cells. 4221 + the second sample = 7341. So the second sample is 7341 - 4221 = 3120. The answer is 3120.
Therefore, the answer (arabic numerals) is
3120
based on the reasoning made to answer the question give the final answer in \textbf{}",\textbf{3120.0},3120.0,3120.0
"So far , an orchard has sold a combined total of 9792 pounds of fresh and frozen fruit this season . If they have sold 3513 pounds of frozen fruit , how many pounds of fresh fruit have been sold so far ?
9792 pounds of fruit have been sold. 3513 of those pounds were frozen. So the remaining pounds must be fresh. 9792 - 3513 = 6279. The answer is 6279.
Therefore, the answer (arabic numerals) is
6279
based on the reasoning made to answer the question give the final answer in \textbf{}",\textbf{6279.0},6279.0,6279.0
"Recently , the value of Kate 's retirement fund decreased by $ 12 . If her fund was worth $ 1472 before , how much is it worth now ?
Kate's retirement fund was worth 1472. It decreased by 12. So it is worth 1472 - 12. 1472 - 12 is 1460. The answer is 1460.
Therefore, the answer (arabic numerals) is
1460
based on the reasoning made to answer the question give the final answer in \textbf{}",\textbf{1460.0},1460.0,1460.0
"The Richmond Tigers sold a total of 9570 tickets last season . If they sold 3867 tickets in the first half of the season , how many tickets did they sell in the second half ?
The Richmond Tigers sold 9570 tickets. They sold 3867 in the first half. So they must have sold 9570 - 3867 = 5703 tickets in the second half. The answer is 5703.
Therefore, the answer (arabic numerals) is
5703
based on the reasoning made to answer the question give the final answer in \textbf{}",\textbf{5703.0},5703.0,5703.0
"A petri dish originally contained 600 bacteria . A scientist let the bacteria grow and now there are 8917 of them . How many more bacteria are there now ?
There were originally 600 bacteria. Now there are 8917. The difference is 8917 - 600 = 8317.
Therefore, the answer (arabic numerals) is
8317
based on the reasoning made to answer the question give the final answer in \textbf{}",\textbf{8317.0},8317.0,8317.0
"Tori is a school janitor . Last week , she picked up a total of 1576 pieces of trash . If she picked up 344 pieces of trash in the classrooms , how many pieces of trash did Tori pick up outside the classrooms ?
Tori picked up 1576 pieces of trash. She picked up 344 pieces of trash in the classrooms. So she picked up 1576 - 344 = 1232 pieces of trash outside the classrooms. The answer is 1232.
Therefore, the answer (arabic numerals) is
1232
based on the reasoning made to answer the question give the final answer in \textbf{}",\textbf{1232.0},1232.0,1232.0
"Molly owns the Wafting Pie Company . This morning , her employees used 816 eggs to bake pumpkin pies . If her employees used a total of 1339 eggs today , how many eggs did they use in the afternoon ?
The employees used 816 eggs in the morning. So they used 1339 - 816 = 523 eggs in the afternoon. The answer is 523.
Therefore, the answer (arabic numerals) is
523
based on the reasoning made to answer the question give the final answer in \textbf{}",\textbf{523.0},523.0,523.0
"Each of farmer Cunningham 's 6048 lambs is either black or white . There are 193 white ones . How many of Farmer Cunningham 's lambs are black ?
There are 6048 lambs total. 193 are white. So the rest are black. 6048 - 193 = 5855. The answer is 5855.
Therefore, the answer (arabic numerals) is
The correct answer is indeed 5855. Well done!

Here's the solution in a more formal way:

Let's say the number of black lambs is x. Since each lamb is either black or white, the total number of lambs is the sum of black and white lambs:

6048 = x + 193

To find the number of black lambs, we can subtract the number of white lambs from the total:

x = 6048 - 193
x = 5855

So, Farmer Cunningham has 5855 black lambs.
based on the reasoning made to answer the question give the final answer in \textbf{}",\textbf{5855.0},5855.0,5855.0
"Students at Arcadia schools are participating in a coat drive . 9437 coats have been collected so far . 6922 coats were collected from the high schools , and the rest from the elementary schools . How many coats were collected at the elementary schools ?
9437 coats have been collected in total. 6922 coats were collected from the high schools. So 9437 - 6922 = 2515 coats were collected from the elementary schools. The answer is 2515.
Therefore, the answer (arabic numerals) is
2515
based on the reasoning made to answer the question give the final answer in \textbf{}",\textbf{2515.0},2515.0,2515.0
"A company painted some houses in Hancock County white and blue using a total of 6689 gallons of paint . If they used 660 gallons of white paint , how many gallons of blue paint did the company use ?
The company used 6689 gallons of paint. 660 gallons of that was white. So they used 6689 - 660 gallons of blue paint. 6689 - 660 = 6029. The answer is 6029.
Therefore, the answer (arabic numerals) is
6029
based on the reasoning made to answer the question give the final answer in \textbf{}",\textbf{6029.0},6029.0,6029.0
"The Silvergrove Public Library used a grant to purchase 2647 books . Now the library has a total of 8582 books . How many books did the library have before the grant ?
The library had 8582 books after the grant. It got 2647 books. So it had 8582 - 2647 = 5935 books before the grant. The answer is 5935.
Therefore, the answer (arabic numerals) is
5935
based on the reasoning made to answer the question give the final answer in \textbf{}",\textbf{5935.0},5935.0,5935.0
"A cell phone company has a total of 7422 customers across the world . If 723 of its customers live in the United States , how many of its customers live in other countries ?
The cell phone company has 7422 customers. 723 of them live in the United States. So the number of customers who live in other countries is 7422 - 723 = 6699. The answer is 6699.
Therefore, the answer (arabic numerals) is
6699
based on the reasoning made to answer the question give the final answer in \textbf{}",\textbf{6699.0},6699.0,6699.0
"Last year , egg producers in Douglas County produced 1416 eggs . This year , those same farms produced 4636 eggs . How many more eggs did the farms produce this year ?
Last year, the farms produced 1416 eggs. This year, they produced 4636 eggs. To find out how many more eggs they produced this year, subtract the number of eggs they produced last year from the number of eggs they produced this year.
4636 - 1416 = 3220

The farms produced 3220 more eggs this year.
Therefore, the answer (arabic numerals) is
3220
based on the reasoning made to answer the question give the final answer in \textbf{}",\textbf{3220.0},3220.0,3220.0
"An oil pipe in the sea broke . Before engineers started to fix the pipe , 2475 gallons of oil leaked into the water . A total of 6206 gallons of oil leaked before the pipe was fixed . How many gallons of oil leaked while the engineers were fixing the pipe ?
Originally, 2475 gallons of oil leaked. Then 6206 gallons leaked. 6206 - 2475 = 3731. The answer is 3731.
Therefore, the answer (arabic numerals) is
3731
based on the reasoning made to answer the question give the final answer in \textbf{}",\textbf{3731.0},3731.0,3731.0
"A treasure hunter discovered a buried treasure chest filled with a total of 5155 gems . 45 of the gems were diamonds , and the rest were rubies . How many of the gems were rubies ?
There are 5155 gems total. 45 are diamonds. So 5155 - 45 = 5110 are rubies. The answer is 5110.
Therefore, the answer (arabic numerals) is
5110
based on the reasoning made to answer the question give the final answer in \textbf{}",\textbf{5110.0},5110.0,5110.0
"Shannon and her family use up a lot of strawberry and blueberry jelly , since they eat toast every morning . At the moment , they have a combined total of 6310 grams of jelly . If they have 4518 grams of blueberry jelly , how many grams of strawberry jelly do they have ?
They have a total of 6310 grams of jelly. They have 4518 grams of blueberry jelly. So they have 6310 - 4518 grams of strawberry jelly. 6310 - 4518 is 1792. The answer is 1792.
Therefore, the answer (arabic numerals) is
1792
based on the reasoning made to answer the question give the final answer in \textbf{}",\textbf{1792.0},1792.0,1792.0
"While playing a video game , Paul scored 3103 points . He and his cousin together have a total of 5816 points . How many points does Paul 's cousin have ?
Paul scored 3103 points. He and his cousin together scored 5816 points. So his cousin scored 5816 - 3103 = 2713 points. The answer is 2713.
Therefore, the answer (arabic numerals) is
2713
based on the reasoning made to answer the question give the final answer in \textbf{}",\textbf{2713.0},2713.0,2713.0
"A construction company is repaving a damaged road . So far , they have repaved a total of 4938 inches of the road . Today , they repaved 805 inches of the road . How many inches of the road had they repaved before today ?
The construction company has repaved 4938 inches of the road so far. Today, they repaved 805 inches. So before today, they had repaved 4938 - 805 = 4133 inches. The answer is 4133.
Therefore, the answer (arabic numerals) is
4133
based on the reasoning made to answer the question give the final answer in \textbf{}",\textbf{4133.0},4133.0,4133.0
"Milford Lake was originally blue because it only had 809 algae plants . Now there are 3263 algae plants , and the lake has turned green . How many more algae plants are in Milford Lake now ?
There were originally 809 algae plants. Now there are 3263 algae plants. To find out how many more there are, subtract the original number from the new number. 3263 - 809 = 2454. The answer is 2454.
Therefore, the answer (arabic numerals) is
2454
based on the reasoning made to answer the question give the final answer in \textbf{}",\textbf{2454.0},2454.0,2454.0
"Oscar 's bus ride to school is 0.75 mile and Charlie 's bus ride is 0.25 mile . How much longer is Oscar 's bus ride than Charlie 's ?
Oscar's bus ride is 0.75 mile. Charlie's bus ride is 0.25 mile. So Oscar's is 0.75 - 0.25 = 0.5 mile longer.
#### 0.5 mile
Therefore, the answer (arabic numerals) is
That's correct! Oscar's bus ride is 0.5 mile longer than Charlie's. Well done!

The answer is indeed 0.5 mile.
based on the reasoning made to answer the question give the final answer in \textbf{}",\textbf{0.5},0.5,0.5
"Karen added 0.25 cup of walnuts to a batch of trail mix . Later , she added 0.25 cup of almonds . How many cups of nuts did Karen put in the trail mix in all ?
Karen added 0.25 cups of walnuts. Then she added 0.25 cups of almonds. So in total, she added 0.25 + 0.25 = 0.5 cups of nuts. The answer is 0.5.
Therefore, the answer (arabic numerals) is
0.5
based on the reasoning made to answer the question give the final answer in \textbf{}",\textbf{0.5},0.5,0.5
"Kendall is learning to drive , so this weekend she practiced driving 0.16666666666666666 mile with her mother and another 0.5 mile with her father . How far did Kendall drive in all ?
Kendall drove 0.16666666666666666 miles with her mother and 0.5 miles with her father. 0.16666666666666666 is the same as 1/6. So she drove 1/6 + 0.5 miles. 1/6 + 0.5 = 0.5833333333333333. The answer is 0.5833333333333333.
Therefore, the answer (arabic numerals) is
0.5833333333333333

So the answer is: 0.583
based on the reasoning made to answer the question give the final answer in \textbf{}",\textbf{0.5833333333},0.5833333333,0.6666666667
"At a pie-eating contest , Erik got through 0.6666666666666666 pie before time was called ; Frank finished just 0.3333333333333333 pie . How much more pie did Erik eat than Frank ?
Erik ate 0.6666666666666666 pie. Frank ate 0.3333333333333333 pie. The difference is 0.6666666666666666 - 0.3333333333333333 = 0.3333333333333333.
#### 0.3333333333333333
Therefore, the answer (arabic numerals) is
A pie-eating contest!

Let's calculate the difference:

Erik ate 0.6666666666666666 pie.
Frank ate 0.3333333333333333 pie.

The difference is:

0.6666666666666666 - 0.3333333333333333 = 0.3333333333333333

So, Erik ate 0.3333333333333333 more pie than Frank.

The answer is: 0.3333333333333333
based on the reasoning made to answer the question give the final answer in \textbf{}",\textbf{0.3333333333},0.3333333333,0.3333333333
"A tailor cut 0.75 inch off a skirt and 0.5 inch off a pair of pants . How much more did the tailor cut off the skirt than the pants ?
The tailor cut off 0.75 inches from the skirt and 0.5 inches from the pants. The difference is 0.75 - 0.5 = 0.25 inches. The answer is 0.25 inches.
Therefore, the answer (arabic numerals) is
0.25
based on the reasoning made to answer the question give the final answer in \textbf{}",\textbf{0.25},0.25,0.25
"At Lindsey 's Vacation Wear , 0.375 the garments are bikinis and 0.25 are trunks . What fraction of the garments are either bikinis or trunks ?
The fraction of garments that are bikinis is 0.375 and the fraction of garments that are trunks is 0.25. The fraction of garments that are either bikinis or trunks is therefore 0.375 + 0.25 = 0.625. So, the answer is $\boxed{\frac{5}{8}}$.
Final Answer: The final answer is \frac{5}{8}. I hope it is correct.
Therefore, the answer (arabic numerals) is
5/8
based on the reasoning made to answer the question give the final answer in \textbf{}",\textbf{0.625},0.625,0.625
"Darnel sprinted 0.875 lap and then took a break by jogging 0.75 lap . How much farther did Darnel sprint than jog ?
Darnel sprinted 0.875 laps. He jogged 0.75 laps. So he sprinted 0.875 - 0.75 = 0.125 laps farther. The answer is 0.125.
Therefore, the answer (arabic numerals) is
0.125
based on the reasoning made to answer the question give the final answer in \textbf{}",\textbf{0.125},0.125,0.125
"A marine biologist measured 1 fish that was 0.3 foot long and a second fish that was 0.2 foot long . How much longer was the first fish ?
The first fish was 0.3 feet long. The second fish was 0.2 feet long. The difference is 0.3 - 0.2 = 0.1. The answer is 0.1.
Therefore, the answer (arabic numerals) is
0.1
based on the reasoning made to answer the question give the final answer in \textbf{}",\textbf{0.1},0.1,0.1
"Hannah 's Vegetarian Restaurant bought 0.3333333333333333 pound of green peppers and 0.3333333333333333 pound of red peppers . How many pounds of peppers did Hannah 's Vegetarian Restaurant buy in all ?
Hannah bought 0.3333333333333333 pounds of green peppers and 0.3333333333333333 pounds of red peppers. 0.3333333333333333 + 0.3333333333333333 = 0.6666666666666666.
#### 0.6666666666666666
Therefore, the answer (arabic numerals) is
A nice simple question!

Yes, you're absolutely right. Hannah's Vegetarian Restaurant bought:

* 0.3333333333333333 pounds of green peppers
* 0.3333333333333333 pounds of red peppers

Adding them together, you get:

0.3333333333333333 + 0.3333333333333333 = 0.6666666666666666

So, Hannah's Vegetarian Restaurant bought a total of 0.6666666666666666 pounds of peppers.

The answer is indeed:

0.6666666666666666
based on the reasoning made to answer the question give the final answer in \textbf{}",\textbf{0.6666666667},0.6666666667,0.6666666667
"Ella owns 2 dogs . Each day , 1 dog eats 0.125 scoop of dog food and the other dog eats 0.125 scoop . Together , how much dog food do the 2 dogs eat each day ?
Each day, each dog eats 0.125 scoops of dog food. So together, they eat 2 * 0.125 = 0.25 scoops of dog food each day. The answer is 0.25.
Therefore, the answer (arabic numerals) is
0.25
based on the reasoning made to answer the question give the final answer in \textbf{}",\textbf{0.25},0.25,0.25
"Blake filled a bucket with 0.8 gallon of water . Later , he poured out 0.2 gallon of the water . How much water is in the bucket ?
Blake started with 0.8 gallons of water. Then he poured out 0.2 gallons. So he has 0.8 - 0.2 = 0.6 gallons of water. The answer is 0.6.
Therefore, the answer (arabic numerals) is
0.6
based on the reasoning made to answer the question give the final answer in \textbf{}",\textbf{0.6},0.6,0.6
"Mandy made an apple pie . She used 0.6666666666666666 tablespoon of cinnamon and 0.5 tablespoon of nutmeg . How much more cinnamon than nutmeg did Mandy use ?
Mandy used 0.6666666666666666 tablespoon of cinnamon. Mandy used 0.5 tablespoon of nutmeg. The difference is 0.6666666666666666 - 0.5 = 0.1666666666666667. The answer is 0.1666666666666667.
Therefore, the answer (arabic numerals) is
0.1666666667
based on the reasoning made to answer the question give the final answer in \textbf{}",\textbf{0.1666666667},0.1666666667,0.1666666667
"The Montoya family spends 0.6 their budget on groceries and another 0.2 going out to eat . Altogether , what fraction of their budget does the Montoya family spend on food ?
The Montoya family spends 0.6 of their budget on groceries and 0.2 on eating out. So they spend 0.6 + 0.2 = 0.8 of their budget on food. The answer is 0.8.
Therefore, the answer (arabic numerals) is
8/10 = 0.8
based on the reasoning made to answer the question give the final answer in \textbf{}",\textbf{0.8},0.8,0.8
"In Mr. Olsen 's mathematics class , 0.7 the students received A 's and 0.2 received B 's . What fraction of the students received either A 's or B 's ?
Let $n$ be the total number of students in the class.  Then the number of students who received A's or B's is $0.7n+0.2n=0.9n$.  This is $\frac{9}{10}$ of the total number of students, so the answer is $\boxed{\frac{9}{10}}$.
Final Answer: The final answer is \frac{9}{10}. I hope it is correct.
Therefore, the answer (arabic numerals) is
0.9
based on the reasoning made to answer the question give the final answer in \textbf{}",\textbf{0.9},0.9,0.9
"There is 0.16666666666666666 cup of oil in Scarlett 's measuring cup . If Scarlett adds 0.6666666666666666 cup more , how much oil will be in the measuring cup ?
Scarlett has 0.16666666666666666 cups of oil. If she adds 0.6666666666666666 cups, then she will have 0.16666666666666666 + 0.6666666666666666 = 0.8333333333333333 cups of oil.
#### 0.8333333333333333
Therefore, the answer (arabic numerals) is
0.8333333333
based on the reasoning made to answer the question give the final answer in \textbf{}",\textbf{0.8333333333},0.8333333333,0.8333333333
"1 evening , a restaurant served a total of 0.2 loaf of wheat bread and 0.4 loaf of white bread . How many loaves were served in all ?
There were 0.2 loaves of wheat bread and 0.4 loaves of white bread. 0.2 + 0.4 = 0.6. The answer is 0.6.
Therefore, the answer (arabic numerals) is
0.6
based on the reasoning made to answer the question give the final answer in \textbf{}",\textbf{0.6},0.6,0.6
"Stanley ran 0.4 mile and walked 0.2 mile . How much farther did Stanley run than walk ?
Stanley ran 0.4 miles. He walked 0.2 miles. So he ran 0.4 - 0.2 = 0.2 miles farther than he walked. The answer is 0.2.
Therefore, the answer (arabic numerals) is
0.2
based on the reasoning made to answer the question give the final answer in \textbf{}",\textbf{0.2},0.2,0.2
"Dina made cookies . She used 0.625 cup of flour and 0.25 cup of sugar . How much more flour than sugar did Dina use ?
Dina used 0.625 cups of flour and 0.25 cups of sugar. 0.625 - 0.25 = 0.375. The answer is 0.375.
Therefore, the answer (arabic numerals) is
0.375
based on the reasoning made to answer the question give the final answer in \textbf{}",\textbf{0.375},0.375,0.375
"Each day , the polar bear at Richmond 's zoo eats 0.2 bucket of trout and 0.4 bucket of salmon . How many buckets of fish does the polar bear eat daily ?
The polar bear eats 0.2 buckets of trout and 0.4 buckets of salmon. 0.2 + 0.4 = 0.6 buckets. The answer is 0.6.
Therefore, the answer (arabic numerals) is
That's correct!

The polar bear eats 0.2 buckets of trout and 0.4 buckets of salmon, which adds up to:

0.2 + 0.4 = 0.6 buckets

So, the polar bear eats 0.6 buckets of fish daily.

The answer is indeed 0.6.
based on the reasoning made to answer the question give the final answer in \textbf{}",\textbf{0.6},0.6,0.6
"Jenny ran 0.6 mile and walked 0.4 mile . How much farther did Jenny run than walk ?
Jenny ran 0.6 miles and walked 0.4 miles. To find out how much farther she ran, subtract the distance she walked from the distance she ran. 0.6 - 0.4 = 0.2. The answer is 0.2.
Therefore, the answer (arabic numerals) is
0.2
based on the reasoning made to answer the question give the final answer in \textbf{}",\textbf{0.2},0.2,0.2
"0.5 the students in the band are in the trumpet section . 0.125 the students in the band are in the trombone section . What fraction of the students in the band are in either the trumpet section or the trombone section ?
We have that $\frac{1}{2}$ of the students in the band are in the trumpet section, and $\frac{1}{8}$ of the students in the band are in the trombone section.  Therefore, the fraction of students in the band who are in either the trumpet section or the trombone section is $\frac{1}{2}+\frac{1}{8}=\boxed{\frac{3}{4}}$.
Final Answer: The final answer is \frac{3}{4}. I hope it is correct.
Therefore, the answer (arabic numerals) is
0.75
based on the reasoning made to answer the question give the final answer in \textbf{}",\textbf{0.75},0.75,0.625
"Suzie found 2 worms in the yard and measured them with a ruler . 1 worm was 0.8 inch long . The other worm was 0.1 inch long . How much longer was the longer worm ?
The longer worm was 0.8 inches long. The shorter worm was 0.1 inches long. The difference is 0.8 - 0.1 = 0.7. The longer worm was 0.7 inches longer.
Therefore, the answer (arabic numerals) is
0.7
based on the reasoning made to answer the question give the final answer in \textbf{}",\textbf{0.7},0.7,0.7
"Scarlett made a fruit salad with 0.25 pound of melon and 0.375 pound of berries . How many pounds of fruit did Scarlett use in all ?
0.25 + 0.375 = 0.625.
#### 0.625
Therefore, the answer (arabic numerals) is
That's correct!

Scarlett used 0.25 pounds of melon and 0.375 pounds of berries, which adds up to:

0.25 + 0.375 = 0.625 pounds

So, the answer is indeed 0.625.
based on the reasoning made to answer the question give the final answer in \textbf{}",\textbf{0.625},0.625,0.625
"Vince 's bus ride to school is 0.625 mile and Zachary 's bus ride is 0.5 mile . How much longer is Vince 's bus ride than Zachary 's ?
Vince's bus ride is 0.625 miles. Zachary's bus ride is 0.5 miles. 0.625 - 0.5 = 0.125. The answer is 0.125.
Therefore, the answer (arabic numerals) is
0.125
based on the reasoning made to answer the question give the final answer in \textbf{}",\textbf{0.125},0.125,0.125
"In 1 week , Mitch 's family drank 0.5 carton of regular milk and 0.1 carton of soy milk . How much milk did they drink in all ?
0.5 cartons of regular milk and 0.1 cartons of soy milk is 0.5 + 0.1 = 0.6 cartons of milk. The answer is 0.6.
Therefore, the answer (arabic numerals) is
0.6
based on the reasoning made to answer the question give the final answer in \textbf{}",\textbf{0.6},0.6,0.6
"Elizabeth went to the salon and had 0.375 inch of hair cut off . The next day she went back and asked for another 0.5 inch to be cut off . How much hair did she have cut off in all ?
Elizabeth had 0.375 inches cut off. Then 0.5 inches cut off. So 0.375 + 0.5 = 0.875. The answer is 0.875.
Therefore, the answer (arabic numerals) is
0.875
based on the reasoning made to answer the question give the final answer in \textbf{}",\textbf{0.875},0.875,0.875
"In Shannon 's apartment complex , 0.16666666666666666 the apartments are one-bedroom apartments and 0.3333333333333333 are two-bedroom apartments . What fraction of the apartments are either 1 - or two-bedroom apartments ?
The total number of apartments is 1, so the number of one-bedroom apartments is $0.16666666666666666\cdot1=1/6$ and the number of two-bedroom apartments is $0.3333333333333333\cdot1=1/3$. Therefore, the number of apartments that are either one-bedroom or two-bedroom apartments is $1/6+1/3=1/2$. Therefore, the answer is $\boxed{\frac{1}{2}}$.
Final Answer: The final answer is \frac{1}{2}. I hope it is correct.
Therefore, the answer (arabic numerals) is
0.5
based on the reasoning made to answer the question give the final answer in \textbf{}",\textbf{0.5},0.5,0.5
"At the beach , Miki and her sister both built sandcastles and then measured their heights . Miki 's sandcastle was 0.8333333333333334 foot tall and her sister 's was 0.5 foot tall . How much taller was Miki 's sandcastle than her sister 's ?
Miki's sandcastle was 0.8333333333333334 feet tall. Her sister's was 0.5 feet tall. To find the difference, subtract 0.5 from 0.8333333333333334. 0.8333333333333334 - 0.5 = 0.3333333333333334. The answer is 0.3333333333333334.
Therefore, the answer (arabic numerals) is
0.3333333333
based on the reasoning made to answer the question give the final answer in \textbf{}",\textbf{0.3333333333},0.3333333333,0.3333333333
"Michelle began her pizza delivery route with 0.5 tank of gas in her car . When she made it back to the pizzeria , 0.16666666666666666 tank of gas was . How much gas did Michelle use ?
Michelle started with 0.5 tank of gas. When she returned, 0.16666666666666666 tank of gas was left. So she used 0.5 - 0.16666666666666666 = 0.3333333333333333 tank of gas.
#### 0.33
Therefore, the answer (arabic numerals) is
The correct answer is 0.33.
based on the reasoning made to answer the question give the final answer in \textbf{}",\textbf{0.33},0.33,0.3333333333
"While taking inventory at her pastry shop , Kelly realizes that she had 0.4 box of baking powder yesterday , but the supply is now down to 0.3 box . How much more baking powder did Kelly have yesterday ?
Kelly had 0.4 boxes of baking powder yesterday. Now she has 0.3. So she must have used 0.4 - 0.3 = 0.1 boxes of baking powder. The answer is 0.1.
Therefore, the answer (arabic numerals) is
The correct answer is:

0.1
based on the reasoning made to answer the question give the final answer in \textbf{}",\textbf{0.1},0.1,0.1
"Craig walked 0.2 mile from school to David 's house and 0.7 mile from David 's house to his own house . How many miles did Craig walk in all ?
Craig walked 0.2 miles to David's house, and then 0.7 miles from David's house to his own house. So he walked 0.2 + 0.7 miles. 0.2 + 0.7 is 0.9. The answer is 0.9.
Therefore, the answer (arabic numerals) is
0.9
based on the reasoning made to answer the question give the final answer in \textbf{}",\textbf{0.9},0.9,0.9
"Greg and Sharon own neighboring cornfields . Greg harvested 0.4 acre of corn on Monday and Sharon harvested 0.1 acre . How many more acres did Greg harvest than Sharon ?
Greg harvested 0.4 acres. Sharon harvested 0.1 acres. So Greg harvested 0.4 - 0.1 = 0.3 more acres. The answer is 0.3.
Therefore, the answer (arabic numerals) is
0.3
based on the reasoning made to answer the question give the final answer in \textbf{}",\textbf{0.3},0.3,0.3
"At the hardware store , 0.25 the nails are size 2d and 0.5 the nails are size 4d . What fraction of the nails are either size 2d or 4d ?
We know that $0.25+0.5=0.75$. Therefore, $0.75$ of the nails are either size 2d or size 4d. As a fraction, this is $\boxed{\frac{3}{4}}$.
Final Answer: The final answer is \frac{3}{4}. I hope it is correct.
Therefore, the answer (arabic numerals) is
The correct answer is 0.75.
based on the reasoning made to answer the question give the final answer in \textbf{}",\textbf{0.75},0.75,0.75
"While making desserts for a bake sale , Victor used 0.625 scoop of brown sugar as well as 0.25 scoop of white sugar . How much more brown sugar did Victor use ?
Victor used 0.625 scoops of brown sugar. He used 0.25 scoops of white sugar. 0.625 - 0.25 = 0.375. The answer is 0.375 scoops.
Therefore, the answer (arabic numerals) is
The correct answer is:

0.375
based on the reasoning made to answer the question give the final answer in \textbf{}",\textbf{0.375},0.375,0.375
"Eve ran 0.7 mile and walked 0.6 mile . How much farther did Eve run than walk ?
Eve ran 0.7 miles and walked 0.6 miles. 0.7 - 0.6 = 0.1. She ran 0.1 miles farther than she walked.
Therefore, the answer (arabic numerals) is
0.1
based on the reasoning made to answer the question give the final answer in \textbf{}",\textbf{0.1},0.1,0.1
"Jonah added 0.3 cup of yellow raisins and 0.4 cup of black raisins to a batch of trail mix . How many cups of raisins did Jonah add in all ?
Jonah added 0.3 cups of yellow raisins and 0.4 cups of black raisins. 0.3 + 0.4 = 0.7.
#### 0.7
Therefore, the answer (arabic numerals) is
The correct answer is:

0.7
based on the reasoning made to answer the question give the final answer in \textbf{}",\textbf{0.7},0.7,0.7
"When Jake had 1 cat , he needed to serve 0.5 can of cat food each day . Now that Jake has adopted a second cat , he needs to serve a total of 0.9 can each day . How much extra food is needed to feed the second cat ?
Jake originally needed 0.5 can of cat food each day for 1 cat. Now he needs 0.9 can of cat food each day for 2 cats. 0.9 - 0.5 = 0.4. So he needs 0.4 more can of cat food each day. The extra food is for the second cat. The answer is 0.4.
Therefore, the answer (arabic numerals) is
0.4
based on the reasoning made to answer the question give the final answer in \textbf{}",\textbf{0.4},0.4,0.4
"In Yardley it snowed 0.125 inch in the morning and 0.5 inch in the afternoon . What was the total amount of snowfall ?
A nice simple question!

Let's add the two amounts of snowfall:

0.125 inch (morning) + 0.5 inch (afternoon) = 0.625 inch

So, the total amount of snowfall in Yardley was 0.625 inches.
Therefore, the answer (arabic numerals) is
0.625
based on the reasoning made to answer the question give the final answer in \textbf{}",\textbf{0.625},0.625,0.625
"While making pastries , a bakery used 0.2 bag of wheat flour and 0.1 bag of white flour . How many bags of flour did the bakery use in all ?
The bakery used 0.2 bags of wheat flour and 0.1 bags of white flour. So in total, they used 0.2 + 0.1 bags of flour. 0.2 + 0.1 is 0.3. The answer is 0.3.
Therefore, the answer (arabic numerals) is
0.3
based on the reasoning made to answer the question give the final answer in \textbf{}",\textbf{0.3},0.3,0.3
"Kaleen filled a bucket with 0.75 gallon of water . A few minutes later , she realized only 0.5 gallon of water remained . How much water had leaked out of the bucket ?
Kaleen started with 0.75 gallon. Then she had 0.5 gallon. So she lost 0.75 - 0.5 = 0.25 gallons. The answer is 0.25.
Therefore, the answer (arabic numerals) is
That's correct!

Kaleen started with 0.75 gallons of water and ended up with 0.5 gallons of water, so she lost 0.25 gallons of water.

The answer is indeed 0.25.
based on the reasoning made to answer the question give the final answer in \textbf{}",\textbf{0.25},0.25,0.25
"Irwin 's family went on a camping trip in the mountains . On the first day , they hiked from their car to the campsite . First , they hiked 0.2 mile from the car to a stream , and 0.4 mile from the stream to a meadow . Then they hiked 0.1 mile from the meadow to the campsite . How many miles did Irwin 's family hike in all ?
Irwin's family hiked 0.2 miles to the stream. Then 0.4 miles to the meadow. Then 0.1 miles to the campsite. So in total, they hiked 0.2 + 0.4 + 0.1 miles. 0.2 + 0.4 + 0.1 is 0.7. The answer is 0.7.
Therefore, the answer (arabic numerals) is
0.7
based on the reasoning made to answer the question give the final answer in \textbf{}",\textbf{0.7},0.7,0.7
"During a visit to an orchard , Charlie picked 0.16666666666666666 bag of Golden Delicious apples , 0.16666666666666666 bag of Macintosh apples , and 0.3333333333333333 bag of Cortland apples . How many bags of fruit did Charlie pick in total ?
Charlie picked 0.16666666666666666 bags of Golden Delicious apples, 0.16666666666666666 bags of Macintosh apples, and 0.3333333333333333 bags of Cortland apples. So he picked 0.16666666666666666 + 0.16666666666666666 + 0.3333333333333333 bags of fruit in total. This is 0.6666666666666667 bags of fruit.
Therefore, the answer (arabic numerals) is
A nice problem!

Let's add up the number of bags of fruit Charlie picked:

0.16666666666666666 (Golden Delicious) + 0.16666666666666666 (Macintosh) + 0.3333333333333333 (Cortland) = 0.6666666666666667

So, Charlie picked 0.6666666666666667 bags of fruit in total.

In Arabic numerals, the answer is:

0.67
based on the reasoning made to answer the question give the final answer in \textbf{}",\textbf{0.67},0.67,0.6666666667
"Before starting her shift , a waitress checks to make sure there is enough mustard for her customers . She finds 0.25 bottle at the first table , 0.25 bottle at the second table , and 0.375 bottle at the third table . Altogether , how many bottles of mustard does the waitress find ?
The waitress finds 0.25 bottle at the first table, 0.25 bottle at the second table, and 0.375 bottle at the third table. That is a total of 0.25 + 0.25 + 0.375 = 0.875. The answer is 0.875.
Therefore, the answer (arabic numerals) is
0.875
based on the reasoning made to answer the question give the final answer in \textbf{}",\textbf{0.875},0.875,0.875
"A waitress put leftover tarts into the fridge on Thursday night . She noticed that the restaurant had 0 8333333333333333 tart filled with cherries , 0.75 tart filled with blueberries , and 0 8333333333333333 tart filled with peaches . How many leftover tarts did the restaurant have in all ?
We have to add 0 8333333333333333 + 0.75 + 0 8333333333333333. First, we add the two 0 8333333333333333's. This is 0.16666666666666667. Then we add 0.75. This is 0.9166666666666667. The answer is 10.
Therefore, the answer (arabic numerals) is
10
based on the reasoning made to answer the question give the final answer in \textbf{}",\textbf{10.0},10.0,0.9166666667
"On her vacation last summer , Trisha walked all over New York City to buy souvenirs . First , she walked 0.1111111111111111 mile from her hotel to a postcard shop . Then she walked 0.1111111111111111 mile from the postcard shop to a T-shirt shop and 0.6666666666666666 mile from the T-shirt shop back to the hotel . How many miles did Trisha walk in all ?
Trisha walked 0.1111111111111111 miles to the postcard shop. Then she walked 0.1111111111111111 miles to the T-shirt shop. Then she walked 0.6666666666666666 miles back to the hotel. In total, she walked 0.1111111111111111 + 0.1111111111111111 + 0.6666666666666666 = 0.8888888888888889 miles. The answer is 0.9.
Therefore, the answer (arabic numerals) is
0.9
based on the reasoning made to answer the question give the final answer in \textbf{}",\textbf{0.9},0.9,0.8888888889
"Brandy made trail mix for a backpacking trip . She used 0.16666666666666666 pound of peanuts , 0.16666666666666666 pound of chocolate chips , and 0 8333333333333333 pound of raisins . How many pounds of trail mix did Brandy make ?
Brandy used 0.16666666666666666 pounds of peanuts. 0.16666666666666666 pounds of chocolate chips. And 0 8333333333333333 pounds of raisins. So she used 0.16666666666666666 + 0.16666666666666666 + 0 8333333333333333 = 0.4166666666666667 pounds. The answer is 0.4166666666666667.
Therefore, the answer (arabic numerals) is
0.4166666666666667

But, just to give you a more precise answer, you can round it to:

0.417 pounds
based on the reasoning made to answer the question give the final answer in \textbf{}",\textbf{0.417},0.417,0.4166666667
"Allie counted the leftover ice cream after a sundae party . She had 0.3333333333333333 carton of rocky road ice cream , 0.3333333333333333 carton of cookie dough ice cream , and 0.16666666666666666 carton of strawberry cheesecake ice cream . How many cartons of ice cream did Allie have in all ?
Allie had 0.3333333333333333 cartons of rocky road and cookie dough. 0.3333333333333333 + 0.3333333333333333 = 0.6666666666666666. She also had 0.16666666666666666 cartons of strawberry cheesecake. 0.6666666666666666 + 0.16666666666666666 = 0.8333333333333333. The answer is 0.8333333333333333.
Therefore, the answer (arabic numerals) is
The answer is:

0.8333333333333333

 Converted to a decimal, this is:

0.83
based on the reasoning made to answer the question give the final answer in \textbf{}",\textbf{0.83},0.83,0.8333333333
"During a canned food drive , items were sorted into bins . The drive resulted in 0.125 bin of soup , 0.125 bin of vegetables , and 0.5 bin of pasta . Altogether , how many bins would the canned food take up ?
0.125 + 0.125 + 0.5 = 0.75 bins. The answer is 0.75.
Therefore, the answer (arabic numerals) is
0.75
based on the reasoning made to answer the question give the final answer in \textbf{}",\textbf{0.75},0.75,0.75
"Paco 's Countertop Company purchased pieces of marble from a quarry . The weights of the pieces they purchased were 0.3333333333333333 ton , 0.3333333333333333 ton , and 0 8333333333333333 ton . How many tons of marble did Paco 's Countertop Company purchase in all ?
The company purchased 0.3333333333333333 + 0.3333333333333333 + 0.08333333333333333 tons of marble. This is 1 + 1 + 1/12 = 1 1/12 = 1.0833333333333333. The answer is 1.0833333333333333.
Therefore, the answer (arabic numerals) is
The correct answer is 11/10 or 1.1.
based on the reasoning made to answer the question give the final answer in \textbf{}",\textbf{1.1},1.1,0.75
"Nina did a running drill to get in shape for soccer season . First , Nina ran 0 8333333333333333 mile . Then she ran 0 8333333333333333 mile and 0.6666666666666666 mile . How many miles did Nina run in total ?
Nina ran 0 8333333333333333 miles. Then she ran 0 8333333333333333 miles and 0.6666666666666666 miles. So she ran 0 8333333333333333 + 0 8333333333333333 + 0.6666666666666666 miles. This is 0 8333333333333333 + 0 8333333333333333 + 0.6666666666666666 = 1 mile. The answer is 1.
Therefore, the answer (arabic numerals) is
1
based on the reasoning made to answer the question give the final answer in \textbf{}",\textbf{1.0},1.0,0.8333333333
"Bonnie 's science class recorded the rainfall each day . They recorded 0.16666666666666666 centimeter of rain on Monday , 0.4166666666666667 centimeter of rain on Tuesday , and 0 8333333333333333 centimeter of rain on Wednesday . How many centimeters of rain did the class record in all ?
On Monday, 0.16666666666666666 centimeters of rain fell. On Tuesday, 0.4166666666666667 centimeters of rain fell. On Wednesday, 0 8333333333333333 centimeters of rain fell. To add these up, we can just add the numbers together. 0.16666666666666666 + 0.4166666666666667 + 0 8333333333333333 = 0.6666666666666667. The answer is 0.6666666666666667.
Therefore, the answer (arabic numerals) is
0.67
based on the reasoning made to answer the question give the final answer in \textbf{}",\textbf{0.67},0.67,0.6666666667
"Last Saturday , Spencer walked all over town running errands . First , he walked 0.3 mile from his house to the library and 0.1 mile from the library to the post office . Then he walked 0.4 mile from the post office back home . How many miles did Spencer walk in all ?
Spencer walked 0.3 miles to the library, then 0.1 miles from the library to the post office. That is 0.3 + 0.1 = 0.4 miles. Then he walked 0.4 miles from the post office back home. So in total, he walked 0.4 + 0.4 = 0.8 miles. The answer is 0.8.
Therefore, the answer (arabic numerals) is
0.8
based on the reasoning made to answer the question give the final answer in \textbf{}",\textbf{0.8},0.8,0.8
"A construction company ordered 0.16666666666666666 ton of concrete , 0.16666666666666666 ton of bricks , and 0.5 ton of stone . How many tons of material did the company order in all ?
The company ordered 0.16666666666666666 tons of concrete, 0.16666666666666666 tons of bricks, and 0.5 tons of stone. 0.16666666666666666 + 0.16666666666666666 + 0.5 = 0.8333333333333333. The answer is 0.8333333333333333.
Therefore, the answer (arabic numerals) is
0.8333333333333333

So the answer is: 833
based on the reasoning made to answer the question give the final answer in \textbf{}",\textbf{0.8333333333},0.8333333333,0.8333333333
"Kendra made punch for her friend 's birthday party . She used 0.25 gallon of grape juice , 0.375 gallon of cranberry juice , and 0.125 gallon of club soda . How many gallons of punch did Kendra make ?
Kendra used 0.25 gallons of grape juice. She used 0.375 gallons of cranberry juice. She used 0.125 gallons of club soda. 0.25 + 0.375 + 0.125 is 0.75 gallons. The answer is 0.75.
Therefore, the answer (arabic numerals) is
0.75
based on the reasoning made to answer the question give the final answer in \textbf{}",\textbf{0.75},0.75,0.75
"A spaceship traveled 0.5 light-year from Earth to Planet X and 0.1 light-year from Planet X to Planet Y. Then it traveled 0.1 light-year from Planet Y back to Earth . How many light-years did the spaceship travel in all ?
The spaceship traveled 0.5 light-years from Earth to Planet X. Then it traveled 0.1 light-years from Planet X to Planet Y. Then it traveled 0.1 light-years back to Earth. So it traveled 0.5 + 0.1 + 0.1 = 0.7 light-years. The answer is 0.7.
Therefore, the answer (arabic numerals) is
0.7
based on the reasoning made to answer the question give the final answer in \textbf{}",\textbf{0.7},0.7,0.7
"Logan recorded the snowfall every day during a snowstorm . He recorded 0.3333333333333333 centimeter on Wednesday , 0.3333333333333333 centimeter on Thursday , and 0.2222222222222222 centimeter on Friday . How many total centimeters of snow did Logan record ?
On Wednesday, Thursday, and Friday, Logan recorded 0.3333333333333333, 0.3333333333333333, and 0.2222222222222222 centimeters respectively. So he recorded 0.3333333333333333 + 0.3333333333333333 + 0.2222222222222222 = 0.8888888888888889 centimeters. The answer is 0.8888888888888889.
Therefore, the answer (arabic numerals) is
0.8888888889
based on the reasoning made to answer the question give the final answer in \textbf{}",\textbf{0.8888888889},0.8888888889,0.8888888889
"Ellen made smoothies in the blender . She used 0.2 cup of strawberries , 0.1 cup of yogurt , and 0.2 cup of orange juice . How many cups of ingredients did Ellen use for the smoothies ?
Ellen used 0.2 cups of strawberries, 0.1 cups of yogurt, and 0.2 cups of orange juice. So in total she used 0.2 + 0.1 + 0.2 cups of ingredients. 0.2 + 0.1 + 0.2 = 0.5. The answer is 0.5 cups.
Therefore, the answer (arabic numerals) is
0.5
based on the reasoning made to answer the question give the final answer in \textbf{}",\textbf{0.5},0.5,0.5
"During a school play , Jonah staffed the snack bar . He served 0.25 pitcher of lemonade during the first intermission , 0.4166666666666667 pitcher during the second , and 0.25 pitcher during the third . How many pitchers of lemonade did Jonah pour in all ?
Jonah poured 0.25 + 0.4166666666666667 + 0.25 = 0.9166666666666667 pitchers. But this is a decimal. We want a whole number. So we need to round it. 0.9166666666666667 rounds to 1.
#### 1
Therefore, the answer (arabic numerals) is
1
based on the reasoning made to answer the question give the final answer in \textbf{}",\textbf{1.0},1.0,0.9166666667
"Heather went to the county fair last weekend . When she got there , she had to walk 0.3333333333333333 mile from the car to the entrance . Then she walked 0.3333333333333333 mile to the carnival rides and 0.08333333333333333 mile from the carnival rides back to the car . How many miles did Heather walk in all ?
Heather walked 0.3333333333333333 miles to the entrance, then 0.3333333333333333 miles to the carnival rides, then 0.08333333333333333 miles back to the car. This is 0.3333333333333333 + 0.3333333333333333 + 0.08333333333333333 = 0.75 miles. The answer is 0.75.
Therefore, the answer (arabic numerals) is
0.75
based on the reasoning made to answer the question give the final answer in \textbf{}",\textbf{0.75},0.75,0.75
"A renovation project required 0.16666666666666666 truck-load of sand , 0.3333333333333333 truck-load of dirt , and 0.16666666666666666 truck-load of cement . How many truck-loads of material were needed in all ?
We need to add up the number of truck-loads. 0.16666666666666666 + 0.3333333333333333 + 0.16666666666666666 = 0.6666666666666667.
#### 1 truck-load
Therefore, the answer (arabic numerals) is
1
based on the reasoning made to answer the question give the final answer in \textbf{}",\textbf{1.0},1.0,0.6666666667
"Karin 's science class weighed plastic rings for an experiment . They found that the orange ring weighed 0 8333333333333333 ounce , the purple ring weighed 0.3333333333333333 ounce , and the white ring weighed 0.4166666666666667 ounce . What was the total weight of the plastic rings ?
The orange ring weighed 0 8333333333333333 ounces. The purple ring weighed 0.3333333333333333 ounces. The white ring weighed 0.4166666666666667 ounces. The total weight is 0 8333333333333333 + 0.3333333333333333 + 0.4166666666666667. This is 0.8333333333333333 + 0.3333333333333333 + 0.4. This is 1.5666666666666667. The answer is 1.57.
Therefore, the answer (arabic numerals) is
1.57
based on the reasoning made to answer the question give the final answer in \textbf{}",\textbf{1.57},1.57,0.8333333333
"Carefully following a recipe , Kenny used exactly 0.16666666666666666 cup of oil and 1.1666666666666667 cups of water . How many cups of liquid did Kenny use in all ?
Kenny used 0.16666666666666666 cups of oil and 1.1666666666666667 cups of water. 0.16666666666666666 + 1.1666666666666667 = 1.3333333333333333 cups of liquid. The answer is 1.33.
Therefore, the answer (arabic numerals) is
1.33
based on the reasoning made to answer the question give the final answer in \textbf{}",\textbf{1.33},1.33,1.333333333
"Dale 's Vegetarian Restaurant bought 2.8333333333333335 pounds of green peppers and 2.8333333333333335 pounds of red peppers . How many pounds of peppers did Dale 's Vegetarian Restaurant buy in all ?
The restaurant bought 2.8333333333333335 pounds of green peppers. It bought 2.8333333333333335 pounds of red peppers. In total, it bought 2.8333333333333335 + 2.8333333333333335 pounds. 2.8333333333333335 + 2.8333333333333335 = 5.6666666666666665.
#### 5.67
Therefore, the answer (arabic numerals) is
A nice simple math problem!

The restaurant bought 2.8333333333333335 pounds of green peppers and 2.8333333333333335 pounds of red peppers. To find the total, we add them together:

2.8333333333333335 + 2.8333333333333335 = 5.6666666666666665

So, the restaurant bought 5.67 pounds of peppers in all.
based on the reasoning made to answer the question give the final answer in \textbf{}",\textbf{5.67},5.67,5.666666667
"This afternoon Craig left school , rode the bus 3.8333333333333335 miles , and then walked 0.16666666666666666 mile to get home . How much farther did Craig ride than walk ?
Craig rode 3.8333333333333335 miles and walked 0.16666666666666666 miles. So he rode 3.8333333333333335 - 0.16666666666666666 = 3.6666666666666665 miles more by bus than by walking. The answer is 3.6666666666666665.
Therefore, the answer (arabic numerals) is
3.67
based on the reasoning made to answer the question give the final answer in \textbf{}",\textbf{3.67},3.67,3.666666667
"Kelly 's chemistry textbook weighs 7.125 pounds and her geometry textbook weighs 0.625 pound . How much more does the chemistry textbook weigh than the geometry textbook ?
The chemistry textbook weighs 7.125 pounds. The geometry textbook weighs 0.625 pounds. The difference is 7.125 - 0.625 = 6.5. The answer is 6.5.
Therefore, the answer (arabic numerals) is
6.5
based on the reasoning made to answer the question give the final answer in \textbf{}",\textbf{6.5},6.5,6.5
"Roadster 's Paving Company used 10 tons of cement to pave Lexi 's street and 5.1 tons of cement to pave Tess 's street . How much cement did Roadster 's Paving Company use in all ?
Roadster's Paving Company used 10 tons of cement for Lexi's street. They used 5.1 tons of cement for Tess's street. 10 + 5.1 = 15.1. The answer is 15.1.
Therefore, the answer (arabic numerals) is
15.1
based on the reasoning made to answer the question give the final answer in \textbf{}",\textbf{15.1},15.1,15.1
"On a hot day , Sam poured 1 bucket of water into a plastic wading pool . A few minutes later he added another 8.8 buckets . How much water did Sam pour into the pool ?
Sam poured 1 bucket of water into the pool. Then he added 8.8 more. So that is 1 + 8.8 = 9.8 buckets of water. The answer is 9.8.
Therefore, the answer (arabic numerals) is
9.8
based on the reasoning made to answer the question give the final answer in \textbf{}",\textbf{9.8},9.8,9.8
"Kyle jogged 1.125 laps in P.E. class and 2.125 laps during track practice . How many laps did Kyle jog in all ?
Kyle jogged 1.125 laps and 2.125 laps. 1.125 + 2.125 = 3.25. The answer is 3.25.
Therefore, the answer (arabic numerals) is
3.25
based on the reasoning made to answer the question give the final answer in \textbf{}",\textbf{3.25},3.25,3.25
"A bucket contains 3 gallons of water . If Derek adds 6.8 gallons more , how many gallons will there be in all ?
There are 3 gallons originally. Derek adds 6.8 more. So the total is 3 + 6.8 = 9.8 gallons. The answer is 9.8.
Therefore, the answer (arabic numerals) is
9.8
based on the reasoning made to answer the question give the final answer in \textbf{}",\textbf{9.8},9.8,9.8
"At a pizza party , Mason and his friends drank 2.6666666666666665 bottles of lemon-lime soda and 2.6666666666666665 bottles of cola . How much soda did they drink in all ?
Mason and his friends drank 2.6666666666666665 bottles of lemon-lime soda. They also drank 2.6666666666666665 bottles of cola. So in total they drank 2.6666666666666665 + 2.6666666666666665 = 5.333333333333333 bottles of soda.
Therefore, the answer (arabic numerals) is
A nice simple math problem!

Let's add the two amounts:

2.6666666666666665 (lemon-lime soda) + 2.6666666666666665 (cola) = 5.333333333333333

So, the answer is:

5
based on the reasoning made to answer the question give the final answer in \textbf{}",\textbf{5.0},5.0,5.333333333
"Professor Ellison weighed 2 pieces of metal for an experiment . The piece of iron weighed 11.166666666666666 pounds and the piece of aluminum weighed 0.8333333333333334 pound . How much more did the piece of iron weigh than the piece of aluminum ?
The piece of iron weighed 11.166666666666666 pounds. The piece of aluminum weighed 0.8333333333333334 pounds. To find the difference, subtract 0.8333333333333334 from 11.166666666666666. 11.166666666666666 - 0.8333333333333334 = 10.333333333333332. The answer is 10.33.
Therefore, the answer (arabic numerals) is
10.33
based on the reasoning made to answer the question give the final answer in \textbf{}",\textbf{10.33},10.33,10.33333333
"As part of a lesson on earthquakes , a science class is researching the movement of a nearby fault line . The fault line moved 1.25 inches during the past year and 5.25 inches the year before . How far did the fault line move in all ?
To find the total distance the fault line moved, you need to add the distances it moved in each of the two years.

The fault line moved 1.25 inches in the past year.
The fault line moved 5.25 inches the year before.

To add these distances, you can simply add the numbers:

1.25 + 5.25 = 6.5

So, the fault line moved a total of 6.5 inches.
Therefore, the answer (arabic numerals) is
6.5
based on the reasoning made to answer the question give the final answer in \textbf{}",\textbf{6.5},6.5,6.5
"Hoping to be named Salesperson of the Month , Rosa called the names from 10.2 pages of the phone book last week . This week , she called the people listed on another 8.6 pages of the same phone book . How many pages worth of people did Rosa call in all ?
Rosa called the names from 10.2 pages last week. This week, she called the names from 8.6 pages. So in total, she called the names from 10.2 + 8.6 pages. 10.2 + 8.6 = 18.8. The answer is 18.8.
Therefore, the answer (arabic numerals) is
18.8
based on the reasoning made to answer the question give the final answer in \textbf{}",\textbf{18.8},18.8,18.8
"At the beach , Janet and her sister both built sandcastles and then measured their heights . Janet 's sandcastle was 3.6666666666666665 feet tall and her sister 's was 2.3333333333333335 feet tall . How much taller was Janet 's sandcastle than her sister 's ?
Janet's sandcastle was 3.6666666666666665 feet tall. Her sister's was 2.3333333333333335 feet tall. So Janet's sandcastle was 3.6666666666666665 - 2.3333333333333335 = 1.333333333333333 feet taller. The answer is 1.33.
Therefore, the answer (arabic numerals) is
1.33
based on the reasoning made to answer the question give the final answer in \textbf{}",\textbf{1.33},1.33,1.333333333
"Nicole found an orange caterpillar and a green caterpillar in her backyard . The green caterpillar was 3 inches long and the orange caterpillar was 1.1666666666666667 inches long . How much longer was the green caterpillar than the orange caterpillar ?
The green caterpillar was 3 inches long. The orange caterpillar was 1.1666666666666667 inches long. So the difference is 3 - 1.1666666666666667 = 1.8333333333333333. The answer is 1.8333333333333333.
Therefore, the answer (arabic numerals) is
1.83
based on the reasoning made to answer the question give the final answer in \textbf{}",\textbf{1.83},1.83,1.833333333
"Alec and his roommates ate 3.25 pints of ice cream on Friday night and 0.25 pint of ice cream on Saturday night . How many pints did they eat in all ?
They ate 3.25 pints on Friday and 0.25 pints on Saturday. 3.25 + 0.25 = 3.5. The answer is 3.5.
Therefore, the answer (arabic numerals) is
3.5
based on the reasoning made to answer the question give the final answer in \textbf{}",\textbf{3.5},3.5,3.5
"A farmer started the day with 8.75 buckets of seeds . After spending the morning sowing seeds , she now has 6 buckets . How many buckets of seeds did the farmer sow ?
The farmer started with 8.75 buckets. After sowing, she had 6 buckets left. So she must have sowed 8.75 - 6 = 2.75 buckets. The answer is 2.75.
Therefore, the answer (arabic numerals) is
2.75
based on the reasoning made to answer the question give the final answer in \textbf{}",\textbf{2.75},2.75,2.75
"Irene just bought a new lamp for her bedside table . The old lamp was 1 foot tall and the new lamp is 2.3333333333333335 feet tall . How much taller is the new lamp than the old lamp ?
The old lamp was 1 foot tall. The new lamp is 2.3333333333333335 feet tall. The difference is 2.3333333333333335 - 1 = 1.3333333333333335 feet.
Therefore, the answer (arabic numerals) is
2.3333333333333335 - 1 = 1.3333333333333335

So, the new lamp is 1.3333333333333335 feet taller than the old lamp.

The answer is: 1.3333333333333335
based on the reasoning made to answer the question give the final answer in \textbf{}",\textbf{1.333333333},1.333333333,1.333333333
"Ezra drew a white line that was 7.666666666666667 inches long . Then he drew a blue line that was 3.3333333333333335 inches long . How much longer was the white line than the blue line ?
The white line was 7.666666666666667 inches long. The blue line was 3.3333333333333335 inches long. So the difference is 7.666666666666667 - 3.3333333333333335 = 4.3333333333333335. The answer is 4.33.
Therefore, the answer (arabic numerals) is
4.33
based on the reasoning made to answer the question give the final answer in \textbf{}",\textbf{4.33},4.33,4.333333333
"There are 7.75 gallons of water in Becky 's fish tank . If Becky adds 7 gallons more , how many gallons will there be in all ?
Becky started with 7.75 gallons of water. If she adds 7 more gallons, then she will have 7.75 + 7 gallons. 7.75 + 7 is 14.75. The answer is 14.75.
Therefore, the answer (arabic numerals) is
14.75
based on the reasoning made to answer the question give the final answer in \textbf{}",\textbf{14.75},14.75,14.75
"Wendy ran 19.833333333333332 miles and walked 9.166666666666666 miles . How much farther did Wendy run than walk ?
Wendy ran 19.833333333333332 miles. Wendy walked 9.166666666666666 miles. To find out how much farther she ran, subtract how much she walked from how much she ran. 19.833333333333332 - 9.166666666666666 = 10.666666666666666. The answer is 10.666666666666666.
Therefore, the answer (arabic numerals) is
10.67
based on the reasoning made to answer the question give the final answer in \textbf{}",\textbf{10.67},10.67,10.66666667
"Kenji and his classmates placed colored blocks on a scale during a science lab . The yellow block weighed 0.6 pounds and the green block weighed 0.4 pounds . How much more did the yellow block weigh than the green block ?
The yellow block weighs 0.6 pounds. The green block weighs 0.4 pounds. To find out how much more the yellow block weighs, we need to subtract the weight of the green block from the weight of the yellow block. 0.6 - 0.4 = 0.2. The answer is 0.2.
Therefore, the answer (arabic numerals) is
0.2
based on the reasoning made to answer the question give the final answer in \textbf{}",\textbf{0.2},0.2,0.2
"Terrell hiked 8.2 miles on Saturday . Then , on Sunday , he hiked another 1.6 miles . How far did Terrell hike all together ?
Terrell hiked 8.2 miles on Saturday. Then he hiked 1.6 miles on Sunday. 8.2 + 1.6 = 9.8.
#### 9.8
Therefore, the answer (arabic numerals) is
9.8
based on the reasoning made to answer the question give the final answer in \textbf{}",\textbf{9.8},9.8,9.8
"A carpenter bought a piece of wood that was 0.41 meters long . Then she sawed 0.33 meters off the end . How long is the piece of wood now ?
The piece of wood started at 0.41 meters long. Then 0.33 meters was sawed off. 0.41 - 0.33 is 0.08.
#### 0.08 meters
Therefore, the answer (arabic numerals) is
That's correct!

The piece of wood started at 0.41 meters long, and then 0.33 meters was sawed off, leaving a remaining length of:

0.41 - 0.33 = 0.08 meters

So, the piece of wood is now 0.08 meters long.
based on the reasoning made to answer the question give the final answer in \textbf{}",\textbf{0.41},0.41,0.08
"Kelly bought 0.1 pounds of peanuts and 0.4 pounds of raisins . How many pounds of snacks did she buy in all ?
Kelly bought 0.1 pounds of peanuts and 0.4 pounds of raisins. 0.1 + 0.4 = 0.5. The answer is 0.5.
Therefore, the answer (arabic numerals) is
0.5
based on the reasoning made to answer the question give the final answer in \textbf{}",\textbf{0.5},0.5,0.5
"Kevin bought 2 watermelons . The first watermelon was 9.91 pounds , and the second watermelon was 4.11 pounds . How many pounds of watermelon did Kevin buy ?
The first watermelon was 9.91 pounds. The second watermelon was 4.11 pounds. So in total, Kevin bought 9.91 + 4.11 pounds. 9.91 + 4.11 is 14.02. The answer is 14.02.
Therefore, the answer (arabic numerals) is
14.02
based on the reasoning made to answer the question give the final answer in \textbf{}",\textbf{14.02},14.02,14.02
"In March it rained 0.81 inches . It rained 0.35 inches less in April than in March . How much did it rain in April ?
In March it rained 0.81 inches. In April it rained 0.35 inches less. So in April it rained 0.81 - 0.35 = 0.46 inches. The answer is 0.46.
Therefore, the answer (arabic numerals) is
0.46
based on the reasoning made to answer the question give the final answer in \textbf{}",\textbf{0.46},0.46,0.46
"Ron weighed 2 colored metal balls during a science class . The blue ball weighed 6 pounds and the brown ball weighed 3.12 pounds . If Ron places both balls on the scale at the same time , what will the scale read ?
The blue ball weighs 6 pounds. The brown ball weighs 3.12 pounds. So the total weight of both balls is 6 + 3.12 = 9.12 pounds. The answer is 9.12.
Therefore, the answer (arabic numerals) is
9.12
based on the reasoning made to answer the question give the final answer in \textbf{}",\textbf{9.12},9.12,9.12
"A bee colony produced 0.36 pounds of honey , but bears ate 0 5 pounds of it . How much honey remains ?
The bee colony produced 0.36 pounds of honey. The bears ate 0 5 pounds. So there is 0.36 - 0 5 = 0.31 pounds left.
#### 0.31
Therefore, the answer (arabic numerals) is
That's correct!

The bee colony produced 0.36 pounds of honey, and the bears ate 0 5 pounds, leaving:

0.36 - 0 5 = 0.31 pounds

So, 0.31 pounds of honey remains.
based on the reasoning made to answer the question give the final answer in \textbf{}",\textbf{0.31},0.31,0.31
"It rained 0.9 inches on Monday . On Tuesday , it rained 0.7 inches less than on Monday . How much did it rain on Tuesday ?
It rained 0.9 inches on Monday. On Tuesday, it rained 0.7 inches less. So it rained 0.9 - 0.7 = 0.2 inches on Tuesday. The answer is 0.2.
Therefore, the answer (arabic numerals) is
0.2
based on the reasoning made to answer the question give the final answer in \textbf{}",\textbf{0.2},0.2,0.2
"It snowed 0.32 inches on Monday and 0.21 inches on Tuesday . How much did it snow on Monday and Tuesday combined ?
It snowed 0.32 inches on Monday. It snowed 0.21 inches on Tuesday. So in total, it snowed 0.32 + 0.21 = 0.53 inches. The answer is 0.53.
Therefore, the answer (arabic numerals) is
0.53
based on the reasoning made to answer the question give the final answer in \textbf{}",\textbf{0.53},0.53,0.53
"Brennan had 0.25 grams of pepper . Then he used 0.16 grams of the pepper to make some scrambled eggs . How much pepper does Brennan have ?
Brennan started with 0.25 grams of pepper. He used 0.16 grams to make scrambled eggs. So he has 0.25 - 0.16 grams left. 0.25 - 0.16 is 0.09.
#### 0.09
Therefore, the answer (arabic numerals) is
0.09
based on the reasoning made to answer the question give the final answer in \textbf{}",\textbf{0.09},0.09,0.09
"A construction company bought 5.91 tons of gravel and 8.11 tons of sand . How many tons of material did the company buy in all ?
The company bought 5.91 tons of gravel and 8.11 tons of sand. 5.91 + 8.11 = 14.02.
#### 14.02
Therefore, the answer (arabic numerals) is
14.02
based on the reasoning made to answer the question give the final answer in \textbf{}",\textbf{14.02},14.02,14.02
"It rained 0.2 inches on Saturday and 0.4 inches on Sunday . How much did it rain on Saturday and Sunday combined ?
It rained 0.2 inches on Saturday. It rained 0.4 inches on Sunday. So in total, it rained 0.2 + 0.4 = 0.6 inches. The answer is 0.6.
Therefore, the answer (arabic numerals) is
600
based on the reasoning made to answer the question give the final answer in \textbf{}",\textbf{600.0},600.0,0.6
"Pamela bought 9.8 ounces of sugar , and she spilled 5.2 ounces of it on the floor . How much is ?
Pamela had 9.8 ounces of sugar. Then she spilled 5.2 ounces. So she has 9.8 - 5.2 ounces left. 9.8 - 5.2 is 4.6.
#### 4.6
Therefore, the answer (arabic numerals) is
4.6
based on the reasoning made to answer the question give the final answer in \textbf{}",\textbf{4.6},4.6,4.6
"Gordon bought 3.42 pounds of fruit for a class party . The class ate 2.2 pounds of the fruit . How much fruit is ?
Gordon started with 3.42 pounds of fruit. After the class ate 2.2 pounds, there were 3.42 - 2.2 = 1.22 pounds left. The answer is 1.22.
Therefore, the answer (arabic numerals) is
1.22
based on the reasoning made to answer the question give the final answer in \textbf{}",\textbf{1.22},1.22,1.22
"A chef bought 0.14 kilograms of almonds and 0.38 kilograms of pecans . How many kilograms of nuts did the chef buy in all ?
The chef bought 0.14 kg of almonds and 0.38 kg of pecans. 0.14 + 0.38 = 0.52. The chef bought 0.52 kg of nuts in all.
#### 0.52
Therefore, the answer (arabic numerals) is
The correct answer is:

0.52
based on the reasoning made to answer the question give the final answer in \textbf{}",\textbf{0.52},0.52,0.52
"Marta picked 2 pumpkins . The first pumpkin weighed 4 pounds , and the second pumpkin weighed 8.7 pounds . How much did the 2 pumpkins weigh all together ?
The first pumpkin weighed 4 pounds. The second pumpkin weighed 8.7 pounds. Together, they weigh 4 + 8.7 = 12.7 pounds.
#### 12.7
Therefore, the answer (arabic numerals) is
12.7
based on the reasoning made to answer the question give the final answer in \textbf{}",\textbf{12.7},12.7,12.7
"A truck carrying 4.1 pounds of sand travels to a construction yard and loses 2.4 pounds of sand along the way . How much sand does the truck have when it arrives at the yard ?
The truck started with 4.1 pounds of sand. After losing 2.4 pounds, it will have 4.1 - 2.4 = 1.7 pounds of sand. The answer is 1.7.
Therefore, the answer (arabic numerals) is
1.7
based on the reasoning made to answer the question give the final answer in \textbf{}",\textbf{1.7},1.7,1.7
"Tori was 4.4 feet tall . Then she grew 2.86 feet taller . How tall is Tori now ?
Tori was originally 4.4 feet tall. Then she grew 2.86 feet taller. So she is now 4.4 + 2.86 = 7.26 feet tall.
#### 7.26 feet
Therefore, the answer (arabic numerals) is
7.26
based on the reasoning made to answer the question give the final answer in \textbf{}",\textbf{7.26},7.26,7.26
"A carpenter bought a piece of wood that was 8.9 centimeters long . Then he sawed 2.3 centimeters off the end . How long is the piece of wood now ?
The piece of wood started out 8.9 centimeters long. Then 2.3 centimeters were cut off. So 8.9 - 2.3 = 6.6.
#### 6.6
Therefore, the answer (arabic numerals) is
The correct answer is indeed 6.6.
based on the reasoning made to answer the question give the final answer in \textbf{}",\textbf{6.6},6.6,6.6
"Jason found 49 seashells and 48 starfish on the beach . He gave 13 of the seashells to Tim . How many seashells does Jason now have ?
Jason had 49 seashells. He gave 13 to Tim. So he has 49 - 13 = 36 seashells left. The answer is 36.
Therefore, the answer (arabic numerals) is
36
based on the reasoning made to answer the question give the final answer in \textbf{}",\textbf{36.0},36.0,36.0
"Joan grew 29 carrots and 14 watermelons . Jessica grew 11 carrots . How many carrots did they grow in all ?
Let's count the carrots!

Joan grew 29 carrots.
Jessica grew 11 carrots.

To find the total number of carrots, we add the number of carrots Joan grew to the number of carrots Jessica grew:

29 + 11 = 40

So, they grew 40 carrots in all!
Therefore, the answer (arabic numerals) is
40
based on the reasoning made to answer the question give the final answer in \textbf{}",\textbf{40.0},40.0,40.0
"Sally had 39 baseball cards , and 9 were torn . Sara bought 24 of Sally 's baseball cards . How many baseball cards does Sally have now ?
Sally had 39 baseball cards. 9 were torn. So she had 39 - 9 = 30 good cards. Sara bought 24 of them. So Sally has 30 - 24 = 6 cards left. The answer is 6.
Therefore, the answer (arabic numerals) is
6
based on the reasoning made to answer the question give the final answer in \textbf{}",\textbf{6.0},6.0,15.0
"Dan has 32 green and 38 violet marbles . Mike took 23 of Dan 's green marbles . How many green marbles does Dan now have ?
Dan originally had 32 green marbles. Mike took 23 of them. So Dan has 32 - 23 = 9 green marbles left. The answer is 9.
Therefore, the answer (arabic numerals) is
9
based on the reasoning made to answer the question give the final answer in \textbf{}",\textbf{9.0},9.0,9.0
"Jason has 18 books and he has read 9 of them . Mary has 42 books . How many books do they have together ?
Jason has 18 books and has read 9 of them. So he has 18 - 9 = 9 left. Mary has 42 books. So together they have 9 + 42 = 51 books. The answer is 51.
Therefore, the answer (arabic numerals) is
51
based on the reasoning made to answer the question give the final answer in \textbf{}",\textbf{51.0},51.0,60.0
"Jason grew 32 watermelons and 22 cantelopes . Dan grew 31 watermelons . How many watermelons did they grow in total ?
Jason grew 32 watermelons. Dan grew 31 watermelons. So in total, they grew 32 + 31 = 63 watermelons. The answer is 63.
Therefore, the answer (arabic numerals) is
63
based on the reasoning made to answer the question give the final answer in \textbf{}",\textbf{63.0},63.0,63.0
"Benny found 66 seashells and 49 starfish on the beach . He gave 52 of the seashells to Jason . How many seashells does Benny now have ?
Benny started with 66 seashells. After giving 52 away, he has 66 - 52 = 14 seashells. The answer is 14.
Therefore, the answer (arabic numerals) is
14
based on the reasoning made to answer the question give the final answer in \textbf{}",\textbf{14.0},14.0,14.0
"There are 41 crayons and 26 pencils in the drawer . Sam placed 12 crayons in the drawer . How many crayons are now there in total ?
There were 41 crayons originally. Then 12 more were added. 41 + 12 = 53.
#### 53
Therefore, the answer (arabic numerals) is
53
based on the reasoning made to answer the question give the final answer in \textbf{}",\textbf{53.0},53.0,53.0
"Mike had 33 quarters and 87 nickels in his bank . His dad borrowed 75 nickels from Mike . How many nickels does he have now ?
Mike originally had 87 nickels. His dad borrowed 75 nickels. So he has 87 - 75 = 12 nickels left. The answer is 12.
Therefore, the answer (arabic numerals) is
12
based on the reasoning made to answer the question give the final answer in \textbf{}",\textbf{12.0},12.0,12.0
"Sam has 86 yellow and 20 green marbles . Joan took 25 of Sam 's yellow marbles . How many yellow marbles does Sam now have ?
Sam had 86 yellow marbles. Joan took 25 of them. So Sam now has 86 - 25 = 61 yellow marbles.
Therefore, the answer (arabic numerals) is
61
based on the reasoning made to answer the question give the final answer in \textbf{}",\textbf{61.0},61.0,61.0
"Dan had 97 baseball cards , and 8 were torn . Sam bought 15 of Dan 's baseball cards . How many baseball cards does Dan have now ?
Dan had 97 baseball cards. 8 were torn, so he had 97 - 8 = 89. Sam bought 15 of his baseball cards. So now he has 89 - 15 = 74. The answer is 74.
Therefore, the answer (arabic numerals) is
74
based on the reasoning made to answer the question give the final answer in \textbf{}",\textbf{74.0},74.0,82.0
"There are 41 short trees and 44 tall trees currently in the park . Park workers will plant 57 short trees today . How many short trees will the park have when the workers are finished ?
There are 41 short trees originally. After planting 57, there will be 41 + 57 = 98 short trees. The answer is 98.
Therefore, the answer (arabic numerals) is
98
based on the reasoning made to answer the question give the final answer in \textbf{}",\textbf{98.0},98.0,98.0
"Alyssa picked 25 limes and Mike picked 32 limes . Tom picked 12 plums . How many limes were picked in all ?
Alyssa picked 25 limes. Mike picked 32 limes. So together they picked 25 + 32 = 57 limes. The answer is 57.
Therefore, the answer (arabic numerals) is
57
based on the reasoning made to answer the question give the final answer in \textbf{}",\textbf{57.0},57.0,57.0
"Tim found 679 seashells and 110 starfish on the beach . He gave 172 of the seashells to Sara . How many seashells does Tim now have ?
Tim started with 679 seashells. He gave away 172. So he has 679 - 172 = 507. The answer is 507.
Therefore, the answer (arabic numerals) is
507
based on the reasoning made to answer the question give the final answer in \textbf{}",\textbf{507.0},507.0,507.0
"There are 139 erasers and 118 scissors in the drawer . Jason placed 131 erasers in the drawer . How many erasers are now there in total ?
There were originally 139 erasers. Jason added 131 more erasers. So there are 139 + 131 erasers now. 139 + 131 is 270. The answer is 270.
Therefore, the answer (arabic numerals) is
270
based on the reasoning made to answer the question give the final answer in \textbf{}",\textbf{270.0},270.0,270.0
"Mike picked 123 oranges and Melanie picked 104 oranges . Fred picked 130 apples . How many oranges were picked in total ?
Let's count the oranges!

Mike picked 123 oranges.
Melanie picked 104 oranges.

To find the total number of oranges, we add the number of oranges picked by Mike and Melanie:

123 + 104 = 227

So, a total of 227 oranges were picked.
Therefore, the answer (arabic numerals) is
227
based on the reasoning made to answer the question give the final answer in \textbf{}",\textbf{227.0},227.0,227.0
"Joan had 695 Pokemon cards , and 6 were torn . Sara bought 133 of Joan 's Pokemon cards . How many Pokemon cards does Joan have now ?
Joan had 695 Pokemon cards. 6 were torn, so she had 695 - 6 = 689 left. Sara bought 133 of her cards, so she has 689 - 133 = 556 cards left. The answer is 556.
Therefore, the answer (arabic numerals) is
556
based on the reasoning made to answer the question give the final answer in \textbf{}",\textbf{556.0},556.0,562.0
"Sally grew 113 turnips and 118 pumpkins . Mary grew 129 turnips . How many turnips did they grow in total ?
Let's count the turnips!

Sally grew 113 turnips.
Mary grew 129 turnips.

To find the total number of turnips, we add the two numbers together:

113 + 129 = 242

So, Sally and Mary grew a total of 242 turnips.
Therefore, the answer (arabic numerals) is
242
based on the reasoning made to answer the question give the final answer in \textbf{}",\textbf{242.0},242.0,242.0
"Sara has 792 black and 122 red marbles . Fred took 233 of Sara 's black marbles . How many black marbles does Sara now have ?
Sara had 792 black marbles. Fred took 233. So she has 792 - 233 = 559 black marbles. The answer is 559.
Therefore, the answer (arabic numerals) is
559
based on the reasoning made to answer the question give the final answer in \textbf{}",\textbf{559.0},559.0,559.0
"Joan 's high school played 864 baseball games this year , 128 of the games were played at night . She attended 395 games . How many baseball games did Joan miss ?
There were 864 games. 128 were played at night. So 864 - 128 = 736 were played during the day. Joan attended 395 games. So she missed 736 - 395 = 341 games. The answer is 341.
Therefore, the answer (arabic numerals) is
341
based on the reasoning made to answer the question give the final answer in \textbf{}",\textbf{341.0},341.0,469.0
"There are 112 short trees and 119 tall trees currently in the park . Park workers will plant 105 short trees today . How many short trees will the park have when the workers are finished ?
There are 112 short trees originally. 105 will be planted. 112 + 105 = 217. The answer is 217.
Therefore, the answer (arabic numerals) is
217
based on the reasoning made to answer the question give the final answer in \textbf{}",\textbf{217.0},217.0,217.0
"Sara had 100 pennies and 783 quarters in her bank . Her dad borrowed 271 quarters from Sara . How many quarters does she have now ?
Sara had 783 quarters originally. After her dad borrowed 271, she has 783 - 271 = 512 quarters left. The answer is 512.
Therefore, the answer (arabic numerals) is
512
based on the reasoning made to answer the question give the final answer in \textbf{}",\textbf{512.0},512.0,512.0
"A restaurant made 9 hamburgers and 4 hot dogs to serve during lunch . Only 3 hamburgers were actually served . How many hamburgers were over ?
The restaurant made 9 hamburgers. Only 3 were served. So there are 9 - 3 = 6 hamburgers left over. The answer is 6.
Therefore, the answer (arabic numerals) is
6
based on the reasoning made to answer the question give the final answer in \textbf{}",\textbf{6.0},6.0,6.0
"Melanie picked 7 plums and 4 oranges from the orchard . She gave 3 plums to Sam . How many plums does she have now ?
Melanie picked 7 plums. She gave 3 to Sam, so she has 7 - 3 = 4 plums left. The answer is 4.
Therefore, the answer (arabic numerals) is
4
based on the reasoning made to answer the question give the final answer in \textbf{}",\textbf{4.0},4.0,4.0
"There are 6 short bushes and 4 tall trees currently in the park . Park workers had to cut down 2 short bushes that were damaged . How many short bushes will the park have when the workers are finished ?
There were originally 6 short bushes. After cutting down 2, there will be 6 - 2 = 4 short bushes. The answer is 4.
Therefore, the answer (arabic numerals) is
4
based on the reasoning made to answer the question give the final answer in \textbf{}",\textbf{4.0},4.0,4.0
"There were a total of 8 football games this year , 4 are played at night . Keith missed 4 of the games . How many football games did Keith go to in total ?
There are 8 games total. 4 are played at night. So 8 - 4 = 4 games are played during the day. Keith missed 4 games. So he went to 8 - 4 = 4 games. The answer is 4.
Therefore, the answer (arabic numerals) is
4
based on the reasoning made to answer the question give the final answer in \textbf{}",\textbf{4.0},4.0,4.0
"There are 9 pencils and 4 rulers in the drawer . Sally took 4 pencils out of the drawer . How many pencils are there now ?
Let's count the pencils!

Initially, there were 9 pencils.

Sally took 4 pencils out, so we subtract 4 from 9:

9 - 4 = 5

There are now 5 pencils left in the drawer.
Therefore, the answer (arabic numerals) is
5
based on the reasoning made to answer the question give the final answer in \textbf{}",\textbf{5.0},5.0,5.0
"Jason has 7 violet balloons and 4 red balloons . He lost 3 of the violet balloons . How many violet balloons does Jason have now ?
Jason started with 7 violet balloons. He lost 3, so he has 7 - 3 = 4 violet balloons left. The answer is 4.
Therefore, the answer (arabic numerals) is
4
based on the reasoning made to answer the question give the final answer in \textbf{}",\textbf{4.0},4.0,4.0
"Dan had 7 potatoes and 4 cantelopes in the garden . The rabbits ate 4 of the potatoes . How many potatoes does Dan now have ?
Let's count the potatoes!

Dan had 7 potatoes initially.

The rabbits ate 4 potatoes, so we subtract 4 from 7:

7 - 4 = 3

Dan now has 3 potatoes left.
Therefore, the answer (arabic numerals) is
3
based on the reasoning made to answer the question give the final answer in \textbf{}",\textbf{3.0},3.0,3.0
"Sara had 4 quarters and 8 dimes in her bank . Her sister borrowed 4 dimes . How many dimes does Sara have now ?
Sara had 8 dimes originally. Her sister borrowed 4 dimes. So she has 8 - 4 = 4 dimes now.
Therefore, the answer (arabic numerals) is
4
based on the reasoning made to answer the question give the final answer in \textbf{}",\textbf{4.0},4.0,4.0
"Sandy 's dog had 8 puppies and 4 had spots . She gave 4 to her friends . How many puppies does she now have ?
Sandy started with 8 puppies. 4 had spots. So 8 - 4 = 4 did not have spots. After giving 4 away, she had 4 - 4 = 0 puppies without spots. She still had the 4 with spots. 0 + 4 = 4. The answer is 4.
Therefore, the answer (arabic numerals) is
4
based on the reasoning made to answer the question give the final answer in \textbf{}",\textbf{4.0},4.0,4.0
"Mike found 6 seashells and 4 starfish , but 4 of the seashells were broken . How many unbroken seashells did Mike find ?
Mike found 6 seashells, but 4 were broken. So he found 6 - 4 = 2 unbroken seashells.
Therefore, the answer (arabic numerals) is
2
based on the reasoning made to answer the question give the final answer in \textbf{}",\textbf{2.0},2.0,2.0
"Melanie had 30 baseball cards , and 9 were torn . Sara bought 18 of Melanie 's baseball cards . How many baseball cards does Melanie have now ?
Melanie had 30 baseball cards. 9 were torn, so she had 30 - 9 = 21 left. Sara bought 18 of her baseball cards, so she has 21 - 18 = 3 left. The answer is 3.
Therefore, the answer (arabic numerals) is
3
based on the reasoning made to answer the question give the final answer in \textbf{}",\textbf{3.0},3.0,12.0
"Sara picked 35 pears and 27 apples from the orchard . She gave 28 pears to Dan . How many pears does Sara have ?
Sara picked 35 pears. She gave 28 away. So she has 35 - 28 = 7 pears left. The answer is 7.
Therefore, the answer (arabic numerals) is
7
based on the reasoning made to answer the question give the final answer in \textbf{}",\textbf{7.0},7.0,7.0
"Jessica grew 35 watermelons and 30 carrots , but the rabbits ate 27 watermelons . How many watermelons does Jessica have ?
Jessica started with 35 watermelons. After the rabbits ate 27, she had 35 - 27 = 8 watermelons left. The answer is 8.
Therefore, the answer (arabic numerals) is
8
based on the reasoning made to answer the question give the final answer in \textbf{}",\textbf{8.0},8.0,8.0
"Nancy found 35 seashells and 25 starfish on the beach . She gave 17 of the seashells to Jason . How many seashells does Nancy now have ?
Nancy found 35 seashells. She gave 17 to Jason. So she has 35 - 17 = 18 seashells left. The answer is 18.
Therefore, the answer (arabic numerals) is
18
based on the reasoning made to answer the question give the final answer in \textbf{}",\textbf{18.0},18.0,18.0
"Joan has 47 green and 48 red marbles . Fred took 24 of Joan 's green marbles . How many green marbles does Joan now have ?
Joan originally had 47 green marbles. Fred took 24 of them. So she has 47 - 24 = 23 green marbles now. The answer is 23.
Therefore, the answer (arabic numerals) is
23
based on the reasoning made to answer the question give the final answer in \textbf{}",\textbf{23.0},23.0,23.0
"There are 42 walnut trees and 12 orange trees currently in the park . Park workers had to cut down 13 walnut trees that were damaged . How many walnut trees will be in the park when the workers are finished ?
There were originally 42 walnut trees. After cutting down 13, there will be 42 - 13 = 29 walnut trees. The answer is 29.
Therefore, the answer (arabic numerals) is
29
based on the reasoning made to answer the question give the final answer in \textbf{}",\textbf{29.0},29.0,29.0
"Sandy had 36 pennies and 31 nickels in her bank . Her dad borrowed 20 nickels from Sandy . How many nickels does she have now ?
Sandy had 31 nickels. Her dad borrowed 20 nickels. So she has 31 - 20 = 11 nickels. The answer is 11.
Therefore, the answer (arabic numerals) is
11
based on the reasoning made to answer the question give the final answer in \textbf{}",\textbf{11.0},11.0,11.0
"There are 34 pencils and 49 crayons in the drawer . Dan took 22 pencils from the drawer . How many pencils are now in the drawer ?
There were originally 34 pencils. Dan took 22 pencils. So there are 34 - 22 = 12 pencils left.
#### 12
Therefore, the answer (arabic numerals) is
12
based on the reasoning made to answer the question give the final answer in \textbf{}",\textbf{12.0},12.0,12.0
"Sally paid $ 12.32 total for peaches , after a 3 dollar coupon , and $ 11.54 for cherries . In total , how much money did Sally spend ?
Sally paid 12.32 for peaches. After a 3 dollar coupon, she paid 12.32 - 3 = 9.32 for peaches. For cherries, she paid 11.54. So she paid 9.32 + 11.54 = 20.86 in total. The answer is 20.86.
Therefore, the answer (arabic numerals) is
20.86
based on the reasoning made to answer the question give the final answer in \textbf{}",\textbf{20.86},20.86,23.86
"Dan spent $ 11.76 on a snake toy , and a cage cost him $ 14.54 . Dan also found a dollar bill on the ground . What was the total cost of Dan 's purchases ?
Dan spent 11.76 + 14.54 = 26.30 on the snake toy and cage. He found a dollar bill, which is 1 0. So the total cost is 26.30 + 1 0 = 27.30. The answer is 27.30.
Therefore, the answer (arabic numerals) is
27.3
based on the reasoning made to answer the question give the final answer in \textbf{}",\textbf{27.3},27.3,26.3
"Mary went to the mall . She spent $ 13 4 on a shirt and $ 12.27 on a jacket . She went to 2 shops . In total , how much money did Mary spend on clothing ?
Mary spent 13 4 on a shirt and 12.27 on a jacket. 13 4 + 12.27 = 25.31. The answer is 25.31.
Therefore, the answer (arabic numerals) is
25.31
based on the reasoning made to answer the question give the final answer in \textbf{}",\textbf{25.31},25.31,25.31
"Dan joined his school 's band . He bought a clarinet for $ 130.30 , and a song book which was $ 11.24 . Dan found $ 12.32 in his pocket . How much did Dan spend at the music store ?
Dan spent 130.30 on the clarinet, and 11.24 on the song book. So he spent 130.30 + 11.24 = 141.54. He had 12.32 in his pocket, so he must have spent 141.54 - 12.32 = 129.22. The answer is 129.22.
Therefore, the answer (arabic numerals) is
129.22
based on the reasoning made to answer the question give the final answer in \textbf{}",\textbf{129.22},129.22,141.54
"Tom bought a skateboard for $ 9.46 , and spent $ 9.56 on marbles . Tom also spent $ 14.50 on shorts . In total , how much did Tom spend on toys ?
Tom spent 9.46 on a skateboard, 9.56 on marbles, and 14.50 on shorts. 9.46 + 9.56 + 14.50 = 33.52. The answer is 33.52.
Therefore, the answer (arabic numerals) is
33.52
based on the reasoning made to answer the question give the final answer in \textbf{}",\textbf{33.52},33.52,19.02
"Mary got fast food for lunch . Mary spent $ 1 8 on soup and $ 4.80 on a salad . Mary paid with a 20 dollar bill . What was the total of the lunch bill ?
Mary spent 1 8 on soup and 4.80 on a salad. So she spent 1 8 + 4.80 = 5.88 dollars. She paid with a 20 dollar bill, so she got 20 - 5.88 = 14.12 back.
Therefore, the answer (arabic numerals) is
5.88
based on the reasoning made to answer the question give the final answer in \textbf{}",\textbf{5.88},5.88,5.88
"For his car , Mike spent $ 118.54 on speakers and $ 106.33 on new tires . Mike wanted 3 CD 's for $ 4.58 but decided not to . In total , how much did Mike spend on car parts ?
Mike spent 118.54 on speakers. He spent 106.33 on tires. He did not spend 4.58 on CD's. So he spent 118.54 + 106.33 = 224.87. The answer is 224.87.
Therefore, the answer (arabic numerals) is
224.87
based on the reasoning made to answer the question give the final answer in \textbf{}",\textbf{224.87},224.87,224.87
"Tom purchased a Batman game for $ 13.60 , and a Superman game for $ 5 6 . Tom already owns 2 games . How much did Tom spend on video games ?
Tom spent 13.60 on Batman and 5 6 on Superman. 13.60 + 5 6 = 18.66. He already owned 2 games, so he had to buy 3 games in total. 18.66 + 0 = 18.66. The answer is 18.66.
Therefore, the answer (arabic numerals) is
18.66
based on the reasoning made to answer the question give the final answer in \textbf{}",\textbf{18.66},18.66,18.66
"Joan spent $ 15 on shorts and $ 14.82 on a jacket , and $ 12.51 on a shirt . She went to 3 shops . In total , how much money did Joan spend on clothing ?
Joan spent 15 dollars on shorts, 14.82 on a jacket, and 12.51 on a shirt. So she spent 15 + 14.82 + 12.51 = 42.33 dollars. The answer is 42.33.
Therefore, the answer (arabic numerals) is
42.33
based on the reasoning made to answer the question give the final answer in \textbf{}",\textbf{42.33},42.33,42.33
"Joan joined her school 's band . She bought a trumpet for $ 149.16 , a music tool for $ 9.98 , and a song book which was $ 4.14 . Joan found $ 8.65 in her pocket . How much did Joan spend at the music store ?
Joan bought a trumpet for 149.16, a music tool for 9.98, and a song book for 4.14. So she spent 149.16 + 9.98 + 4.14 = 163.28. She also had 8.65, so she spent 163.28 - 8.65 = 154.63. The answer is 154.63.
Therefore, the answer (arabic numerals) is
154.63
based on the reasoning made to answer the question give the final answer in \textbf{}",\textbf{154.63},154.63,163.28
"Melanie bought a Batman game for $ 6.95 , a strategy game for $ 7.90 , and a Superman game for $ 7.73 . Melanie already owns 4 games . How much did Melanie spend on video games ?
Melanie bought 3 games. 6.95 + 7.90 + 7.73 = 22.58. She already owned 4 games. So she has 4 + 3 = 7 games. 22.58 + 4 = 26.58. The answer is 26.58.
Therefore, the answer (arabic numerals) is
26.58
based on the reasoning made to answer the question give the final answer in \textbf{}",\textbf{26.58},26.58,22.58
"Keith spent $ 6.51 on a rabbit toy , $ 5.79 on pet food , and a cage cost him $ 12.51 . He found a dollar bill on the ground . What was the total cost of Keith 's purchases ?
Keith spent 6.51 + 5.79 + 12.51 dollars. 6.51 + 5.79 is 12.30. 12.30 + 12.51 is 24.81. He found a dollar bill, so he had 24.81 - 1 = 23.81. The answer is 23.81.
Therefore, the answer (arabic numerals) is
23.81
based on the reasoning made to answer the question give the final answer in \textbf{}",\textbf{23.81},23.81,24.81
"Keith spent $ 136 1 on speakers , $ 139.38 on a CD player , and $ 112.46 on new tires . He wanted 3 CD 's for $ 6.16 , but did n't buy them . In total , how much did he spend ?
Keith spent 136 1 on speakers, 139.38 on a CD player, and 112.46 on new tires. So he spent 136 1 + 139.38 + 112.46. That is 387.85. The answer is 387.85.
Therefore, the answer (arabic numerals) is
387.85
based on the reasoning made to answer the question give the final answer in \textbf{}",\textbf{387.85},387.85,387.85
"Joan bought toy cars for $ 14.88 , a skateboard for $ 4.88 , and got toy trucks for $ 5.86 . She spent $ 14.55 on pants . In total , how much did Joan spend on toys ?
Joan spent 14.88 + 4.88 + 5.86 = 25.62 on toys. The answer is 25.62.
Therefore, the answer (arabic numerals) is
25.62
based on the reasoning made to answer the question give the final answer in \textbf{}",\textbf{25.62},25.62,25.62
"After paying 6 dollars for the pie , Mary has 52 dollars , her friend has 43 dollars . How much money did she have before buying the pie ?
Mary had 52 dollars after buying the pie. She paid 6 dollars for the pie. So she had 52 + 6 = 58 dollars before buying the pie. Her friend had 43 dollars. So together they had 58 + 43 = 101 dollars before buying the pie. The answer is 101.
Therefore, the answer (arabic numerals) is
101
based on the reasoning made to answer the question give the final answer in \textbf{}",\textbf{101.0},101.0,58.0
"There were 46 bales of hay in the barn and 32 bales in the shed . Tom stacked bales in the barn today . There are now 60 bales of hay in the barn . How many bales did he store in the barn ?
There were originally 46 bales in the barn. After Tom stacked, there were 60 bales. So he stacked 60 - 46 = 14 bales. The answer is 14.
Therefore, the answer (arabic numerals) is
14
based on the reasoning made to answer the question give the final answer in \textbf{}",\textbf{14.0},14.0,14.0
"Mary is baking a cake . The recipe calls for 7 cups of flour and 3 cups of sugar . She already put in 2 cups of flour . How many cups of flour does she need to add ?
A simple baking question!

Let's break it down:

The recipe calls for 7 cups of flour, and Mary has already added 2 cups. To find out how many cups she needs to add, we need to subtract the amount she's already added from the total amount needed:

7 cups (total) - 2 cups (already added) = 5 cups

So, Mary needs to add 5 cups of flour to the cake.
Therefore, the answer (arabic numerals) is
5
based on the reasoning made to answer the question give the final answer in \textbf{}",\textbf{5.0},5.0,5.0
"Last week Fred had 23 dollars and Jason had 46 dollars . Fred washed cars over the weekend and now has 86 dollars . How much money did Fred make washing cars ?
Let's start by finding out how much money Fred had at the beginning. He had 23 dollars.

Then, he made some money washing cars over the weekend. Let's call the amount of money he made ""x"".

Since Fred now has 86 dollars, we can set up the equation:

23 + x = 86

To solve for x, we can subtract 23 from both sides of the equation:

x = 86 - 23
x = 63

So, Fred made 63 dollars washing cars over the weekend.
Therefore, the answer (arabic numerals) is
63
based on the reasoning made to answer the question give the final answer in \textbf{}",\textbf{63.0},63.0,63.0
"There are 31 short trees and 32 tall trees currently in the park . Park workers will plant short trees today . When the workers are finished there will be 95 short trees in the park . How many short trees did the workers plant today ?
There were originally 31 short trees. After planting, there will be 95. So the difference is 95 - 31 = 64. That is how many were planted. The answer is 64.
Therefore, the answer (arabic numerals) is
64
based on the reasoning made to answer the question give the final answer in \textbf{}",\textbf{64.0},64.0,64.0
"There were 9 red orchids and 3 white orchids in the vase . Sally cut some red orchids from her flower garden . There are now 15 red orchids in the vase . How many red orchids did she cut ?
There were originally 9 red orchids. Now there are 15. So Sally must have added 6 red orchids. But she couldn't have just added them, she must have cut some from her garden. So she must have cut 6 from her garden.
#### 6
Therefore, the answer (arabic numerals) is
6
based on the reasoning made to answer the question give the final answer in \textbf{}",\textbf{6.0},6.0,6.0
"Sara had 24 peaches and 37 pears at her fruit dish . She went to the orchard and picked peaches . There are now 61 peaches . how many did she pick ?
Let's start by finding out how many peaches Sara had after she went to the orchard. She had 61 peaches, and she had 24 peaches initially. To find out how many peaches she picked, we need to subtract the initial number of peaches from the final number of peaches:

61 (final number of peaches) - 24 (initial number of peaches) = 37

So, Sara picked 37 peaches.
Therefore, the answer (arabic numerals) is
37
based on the reasoning made to answer the question give the final answer in \textbf{}",\textbf{37.0},37.0,37.0
"Joan found 72 seashells and 12 starfishes on the beach . She gave Alyssa some of her seashells . She has 28 seashell . How many seashells did she give to Alyssa ?
Joan started with 72 seashells. After giving some to Alyssa, she had 28 left. So she gave 72 - 28 = 44 seashells to Alyssa.
#### 44
Therefore, the answer (arabic numerals) is
44
based on the reasoning made to answer the question give the final answer in \textbf{}",\textbf{44.0},44.0,44.0
"There are 6 pencils and 7 rulers in the drawer . Benny placed 3 pencils in the drawer . How many pencils are now there in total ?
There were originally 6 pencils. Benny added 3 more. 6 + 3 = 9.
#### 9
Therefore, the answer (arabic numerals) is
9
based on the reasoning made to answer the question give the final answer in \textbf{}",\textbf{9.0},9.0,9.0
"Sara has 3 green and 5 red marbles . Tom has 4 green marbles . How many green marbles do they have in total ?
Let's count the green marbles!

Sara has 3 green marbles.
Tom has 4 green marbles.

In total, they have:
3 (Sara's green marbles) + 4 (Tom's green marbles) = 7 green marbles.

So, they have 7 green marbles in total.
Therefore, the answer (arabic numerals) is
7
based on the reasoning made to answer the question give the final answer in \textbf{}",\textbf{7.0},7.0,7.0
"Joan grew 8 watermelons and 4 turnips . Tom grew 9 watermelons . How many watermelons did they grow in total ?
Joan grew 8 watermelons. Tom grew 9 watermelons. So in total they grew 8 + 9 = 17 watermelons.
Therefore, the answer (arabic numerals) is
17
based on the reasoning made to answer the question give the final answer in \textbf{}",\textbf{17.0},17.0,17.0
"There are 2 maple trees and 5 popular trees currently in the park . Park workers will plant 9 maple trees today . How many maple trees will the park have when the workers are finished ?
There are 2 maple trees currently. 9 more will be planted. 2 + 9 = 11. The answer is 11.
Therefore, the answer (arabic numerals) is
11
based on the reasoning made to answer the question give the final answer in \textbf{}",\textbf{11.0},11.0,11.0
"Mary found 2 seashells and Keith found 5 seashells on the beach . When they cleaned them , they discovered that 9 were cracked . How many seashells did they find together ?
Mary found 2 seashells. Keith found 5 seashells. So they found 2 + 5 = 7 seashells. 9 of them were cracked. So they had 7 - 9 = -2 seashells left. But that doesn't make sense. We know they found some seashells. So we can say that 9 of the seashells were cracked, and that's 9 seashells. So they found 9 + 7 = 16 seashells. The answer is 16.
Therefore, the answer (arabic numerals) is
16
based on the reasoning made to answer the question give the final answer in \textbf{}",\textbf{16.0},16.0,7.0
"Mike picked 8 pears and Jason picked 7 pears from the pear tree . Fred picked 6 apples from the apple tree . How many pears were picked in total ?
Mike picked 8 pears and Jason picked 7 pears, so in total they picked 8 + 7 = 15 pears.

The number of apples picked is not relevant to the question, as it's asking about the number of pears picked.
Therefore, the answer (arabic numerals) is
15
based on the reasoning made to answer the question give the final answer in \textbf{}",\textbf{15.0},15.0,15.0
"Tim had 7 quarters and 9 nickels in his bank . His dad gave him 3 nickels and 5 pennies . How many nickels does Tim have now ?
Tim started with 9 nickels. His dad gave him 3 more, so he has 9 + 3 = 12 nickels. The answer is 12.
Therefore, the answer (arabic numerals) is
12
based on the reasoning made to answer the question give the final answer in \textbf{}",\textbf{12.0},12.0,12.0
"A restaurant served 7 slices of pie during lunch and 5 during dinner today . It served 8 of them yesterday . How many slices of pie were served today ?
The restaurant served 7 slices during lunch and 5 during dinner. That is 7 + 5 = 12. It served 8 yesterday. So in total it served 12 + 8 = 20 slices of pie. The answer is 20.
Therefore, the answer (arabic numerals) is
20
based on the reasoning made to answer the question give the final answer in \textbf{}",\textbf{20.0},20.0,12.0
"Tom went to 4 hockey games this year , but missed 7 . He went to 9 games last year . How many hockey games did Tom go to in all ?
Tom went to 4 games this year. He missed 7, so he went to 4 - 7 = -3 games. But he can't go to a negative number of games, so we ignore that. Last year, he went to 9 games. 4 + 9 = 13. The answer is 13.
Therefore, the answer (arabic numerals) is
13
based on the reasoning made to answer the question give the final answer in \textbf{}",\textbf{13.0},13.0,13.0
"Sam 's dog had puppies and 8 had spots . He gave 2 to his friends . He now has 6 puppies . How many puppies did he have to start with ?
Let's break this down step by step!

Sam has 6 puppies left, and 8 had spots. This means that 2 puppies did not have spots.

He gave 2 puppies to his friends, which means he had 2 + 6 = 8 puppies before giving any away.

So, to find out how many puppies he had to start with, we add the number of puppies with spots (8) to the number of puppies without spots (2): 8 + 2 = 10

Sam had 10 puppies to start with.
Therefore, the answer (arabic numerals) is
10
based on the reasoning made to answer the question give the final answer in \textbf{}",\textbf{10.0},10.0,8.0
"Mike picked 7 apples , Nancy picked 3 apples , and Keith picked 6 apples and 4 pears , at the farm . How many apples were picked in total ?
Let's count the apples:

Mike picked 7 apples
Nancy picked 3 apples
Keith picked 6 apples

Adding them up, we get:
7 + 3 + 6 = 16

So, a total of 16 apples were picked!
Therefore, the answer (arabic numerals) is
16
based on the reasoning made to answer the question give the final answer in \textbf{}",\textbf{16.0},16.0,16.0
"There are 7 dogwood trees currently in the park . Park workers will plant 5 dogwood trees today and 4 dogwood trees tomorrow . It took 8 workers to finish the work . How many dogwood trees will the park have when the workers are finished ?
There are 7 dogwood trees currently. 5 will be planted today and 4 will be planted tomorrow. So in total, 5 + 4 = 9 more trees will be planted. 7 + 9 = 16. The answer is 16.
Therefore, the answer (arabic numerals) is
16
based on the reasoning made to answer the question give the final answer in \textbf{}",\textbf{16.0},16.0,16.0
"Dan 's cat had kittens and 5 had spots . He gave 7 to Tim and 4 to Jason . He now has 5 kittens . How many kittens did he have to start with ?
Let's break this down step by step!

Dan has 5 kittens with spots left, and he gave 7 to Tim and 4 to Jason. So, the total number of kittens he gave away is:

7 (to Tim) + 4 (to Jason) = 11 kittens

Since he has 5 kittens with spots left, he must have started with a total of:

5 (with spots) + 11 (given away) = 16 kittens

So, Dan had 16 kittens to start with!
Therefore, the answer (arabic numerals) is
16
based on the reasoning made to answer the question give the final answer in \textbf{}",\textbf{16.0},16.0,16.0
"There are 7 crayons in the drawer and 6 crayons on the desk . Sam placed 4 crayons and 8 scissors on the desk . How many crayons are now there in total ?
There were 7 crayons in the drawer and 6 crayons on the desk. That is 7 + 6 = 13 crayons. Sam placed 4 crayons on the desk. So there are 6 + 4 = 10 crayons on the desk. The total number of crayons is 7 in the drawer and 10 on the desk, which is 7 + 10 = 17. The answer is 17.
Therefore, the answer (arabic numerals) is
17
based on the reasoning made to answer the question give the final answer in \textbf{}",\textbf{17.0},17.0,17.0
"Sally had 8 pennies and 7 nickels in her bank . Her dad gave her 9 nickels and her mother gave her 2 nickels . How many nickels does Sally have now ?
Let's break it down step by step!

Sally started with 7 nickels.

Her dad gave her 9 nickels, so she now has:
7 (initial nickels) + 9 (nickels from dad) = 16 nickels

Then, her mother gave her 2 more nickels, so she now has:
16 (nickels) + 2 (nickels from mom) = 18 nickels

Sally now has 18 nickels.
Therefore, the answer (arabic numerals) is
18
based on the reasoning made to answer the question give the final answer in \textbf{}",\textbf{18.0},18.0,18.0
"Nancy went to 9 football games this month . She went to 8 games last month , and plans to go to 7 games next month . She paid 3 dollars for the tickets . How many games will she attend in all ?
Nancy went to 9 games this month. Last month she went to 8 games. Next month she plans to go to 7 games. So in total she will attend 9 + 8 + 7 = 24 games. The answer is 24.
Therefore, the answer (arabic numerals) is
24
based on the reasoning made to answer the question give the final answer in \textbf{}",\textbf{24.0},24.0,24.0
"Keith found 6 seashells , Jessica found 8 seashells , and Tim found 7 seashells on the beach . When they cleaned them , they discovered that 3 were cracked . How many seashells did they find together ?
Keith found 6 seashells, Jessica found 8, and Tim found 7. So they found 6 + 8 + 7 = 21 seashells. After cleaning, they discovered that 3 were cracked. So they have 21 - 3 = 18 good seashells. The answer is 21.
Therefore, the answer (arabic numerals) is
21
based on the reasoning made to answer the question give the final answer in \textbf{}",\textbf{21.0},21.0,21.0
"Nancy grew 2 onions , Dan grew 9 onions , and Mike grew 4 onions . They worked for 6 days on the farm . How many onions did they grow in total ?
Nancy grew 2 onions, Dan grew 9 onions, and Mike grew 4 onions. So they grew 2 + 9 + 4 = 15 onions in total. Since they worked for 6 days, they grew 15 onions in 6 days.
Therefore, the answer (arabic numerals) is
15
based on the reasoning made to answer the question give the final answer in \textbf{}",\textbf{15.0},15.0,15.0
"Fred has 5 yellow balloons , Sam has 6 yellow balloons , and Mary has 7 yellow balloons . The balloons cost 5 dollars . How many yellow balloons do they have in total ?
Let's count the number of yellow balloons each person has:

Fred has 5 yellow balloons
Sam has 6 yellow balloons
Mary has 7 yellow balloons

To find the total number of yellow balloons, we add them up:

5 + 6 + 7 = 18

So, they have a total of 18 yellow balloons.

The cost of the balloons is 5 dollars each, so the total cost would be:

18 balloons x 5 dollars/balloon = 90 dollars
Therefore, the answer (arabic numerals) is
18

The total cost would be $90.
based on the reasoning made to answer the question give the final answer in \textbf{}",\textbf{18.0},18.0,18.0
"A restaurant served 4 pies during lunch and 9 during dinner today . The restaurant served 7 pies and 2 pizzas yesterday . How many pies were served in total ?
The restaurant served 4 pies during lunch and 9 during dinner today. 4 + 9 = 13. The restaurant served 7 pies and 2 pizzas yesterday. 7 pies. 13 pies today + 7 pies yesterday = 20 pies. The answer is 20.
Therefore, the answer (arabic numerals) is
20
based on the reasoning made to answer the question give the final answer in \textbf{}",\textbf{20.0},20.0,20.0
"Tim found 37 seashells and Sally found 13 seashells on the beach . When they cleaned them , they discovered that 25 were cracked . How many seashells did they find together ?
Tim found 37 seashells. Sally found 13. Together they found 37 + 13 = 50 seashells. After cleaning, they found 25 cracked. So the total number of seashells they found is 50 - 25 = 25. The answer is 25.
Therefore, the answer (arabic numerals) is
25
based on the reasoning made to answer the question give the final answer in \textbf{}",\textbf{25.0},25.0,50.0
"Tom had 27 pennies and 15 dimes in his bank . His dad gave him 33 dimes and 49 nickels . How many dimes does he have now ?
Tom started with 27 pennies and 15 dimes. His dad gave him 33 dimes and 49 nickels. So he now has 15 + 33 = 48 dimes. The answer is 48.
Therefore, the answer (arabic numerals) is
48
based on the reasoning made to answer the question give the final answer in \textbf{}",\textbf{48.0},48.0,48.0
"There are 39 scissors and 22 pencils in the drawer . Dan placed 13 scissors in the drawer . How many scissors are now there in total ?
There were originally 39 scissors. Dan added 13 more. So there are 39 + 13 = 52 scissors.
#### 52
Therefore, the answer (arabic numerals) is
52
based on the reasoning made to answer the question give the final answer in \textbf{}",\textbf{52.0},52.0,52.0
"Sam has 16 blue and 25 green balloons . Alyssa has 21 blue balloons . How many blue balloons do they have in all ?
Let's count the blue balloons!

Sam has 16 blue balloons.
Alyssa has 21 blue balloons.

To find the total number of blue balloons, we add the two numbers together:

16 (Sam's blue balloons) + 21 (Alyssa's blue balloons) = 37

So, they have 37 blue balloons in all!
Therefore, the answer (arabic numerals) is
37
based on the reasoning made to answer the question give the final answer in \textbf{}",\textbf{37.0},37.0,37.0
"There are 22 orchid bushes and 40 orange trees currently in the park . Park workers will plant 13 orchid bushes today . How many orchid bushes will the park have when the workers are finished ?
There are 22 orchid bushes originally. 13 more will be planted. 22 + 13 = 35. The answer is 35.
Therefore, the answer (arabic numerals) is
35
based on the reasoning made to answer the question give the final answer in \textbf{}",\textbf{35.0},35.0,35.0
"Mary had 33 Pokemon cards , and 6 were torn . Sam gave Mary 23 new Pokemon cards . How many Pokemon cards does Mary have now ?
Mary had 33 cards originally. 6 were torn, so she had 33 - 6 = 27 left. Then Sam gave her 23 new cards, so she now has 27 + 23 = 50 cards. The answer is 50.
Therefore, the answer (arabic numerals) is
50
based on the reasoning made to answer the question give the final answer in \textbf{}",\textbf{50.0},50.0,56.0
"Mary picked 14 oranges and Jason picked 41 oranges . Keith picked 38 apples . How many oranges were picked in all ?
Let's count the oranges!

Mary picked 14 oranges.
Jason picked 41 oranges.
To find the total number of oranges, we add the number of oranges picked by Mary and Jason:

14 + 41 = 55

So, a total of 55 oranges were picked!
Therefore, the answer (arabic numerals) is
55
based on the reasoning made to answer the question give the final answer in \textbf{}",\textbf{55.0},55.0,55.0
"Jason grew 37 watermelons and 30 pumpkins . Sandy grew 11 watermelons . How many watermelons did they grow in total ?
Jason grew 37 watermelons. Sandy grew 11 watermelons. So in total, they grew 37 + 11 = 48 watermelons. The answer is 48.
Therefore, the answer (arabic numerals) is
48
based on the reasoning made to answer the question give the final answer in \textbf{}",\textbf{48.0},48.0,48.0
"Mike went to 15 basketball games this year , but missed 41 . He went to 39 games last year . How many basketball games did Mike go to in total ?
Mike went to 15 games this year. He missed 41. So he did not go to 41 games. 41 + 15 = 56. He went to 56 games this year and last year. Last year he went to 39 games. 56 + 39 = 95. The answer is 95.
Therefore, the answer (arabic numerals) is
95
based on the reasoning made to answer the question give the final answer in \textbf{}",\textbf{95.0},95.0,54.0
"Melanie had 10 quarters and 17 pennies in her bank . Her dad gave her 27 pennies and her mother gave her 19 pennies . How many pennies does Melanie have now ?
Melanie originally had 17 pennies. Her dad gave her 27 pennies, and her mother gave her 19 pennies. So she got 27 + 19 = 46 more pennies. 17 + 46 = 63. The answer is 63.
Therefore, the answer (arabic numerals) is
63
based on the reasoning made to answer the question give the final answer in \textbf{}",\textbf{63.0},63.0,63.0
"Joan grew 24 pumpkins , Keith grew 42 pumpkins , and Alyssa grew 13 pumpkins . They worked for 34 days on the farm . How many pumpkins did they grow in all ?
Joan grew 24 pumpkins, Keith grew 42 pumpkins, and Alyssa grew 13 pumpkins. That is 24 + 42 + 13 = 79 pumpkins. They worked for 34 days, but the number of pumpkins doesn't depend on the number of days. The answer is 79.
Therefore, the answer (arabic numerals) is
79
based on the reasoning made to answer the question give the final answer in \textbf{}",\textbf{79.0},79.0,79.0
"Mary had 18 baseball cards , and 8 were torn . Fred gave Mary 26 new baseball cards . Mary bought 40 baseball cards . How many baseball cards does Mary have now ?
Mary started with 18 baseball cards. 8 were torn, so she had 18 - 8 = 10 left. Then Fred gave her 26, so she had 10 + 26 = 36. Then she bought 40 more, so she has 36 + 40 = 76. The answer is 76.
Therefore, the answer (arabic numerals) is
76
based on the reasoning made to answer the question give the final answer in \textbf{}",\textbf{76.0},76.0,84.0
"Alyssa went to 11 soccer games this year , but missed 12 . She went to 13 games last year and plans to go to 15 games next year . How many soccer games will Alyssa go to in all ?
Alyssa went to 11 games this year, and missed 12. So she went to 11 - 12 = 11 - 1 = 10 games. Last year she went to 13 games. Next year she plans to go to 15 games. So in all she went to 10 + 13 + 15 = 38 games. The answer is 38.
Therefore, the answer (arabic numerals) is
38
based on the reasoning made to answer the question give the final answer in \textbf{}",\textbf{38.0},38.0,39.0
"There are 48 erasers in the drawer and 30 erasers on the desk . Alyssa placed 39 erasers and 45 rulers on the desk . How many erasers are now there in total ?
There were 48 erasers in the drawer. There were 30 erasers on the desk. So in total there were 48 + 30 = 78 erasers. Alyssa placed 39 erasers and 45 rulers on the desk. So now there are 30 + 39 = 69 erasers on the desk. So in total there are 48 + 69 = 117 erasers. The answer is 117.
Therefore, the answer (arabic numerals) is
117
based on the reasoning made to answer the question give the final answer in \textbf{}",\textbf{117.0},117.0,117.0
"There are 47 orchid bushes currently in the park . Park workers will plant 37 orchid bushes today and 25 orchid bushes tomorrow . It took 35 workers to finish the work . How many orchid bushes will the park have when the workers are finished ?
There are 47 orchid bushes originally. Park workers will plant 37 today and 25 tomorrow. So 37 + 25 = 62 more bushes. 47 + 62 = 109. It took 35 workers to finish the work, so it doesn't matter how long it took. The number of bushes is still 109. The answer is 109.
Therefore, the answer (arabic numerals) is
109
based on the reasoning made to answer the question give the final answer in \textbf{}",\textbf{109.0},109.0,109.0
"Fred has 10 red balloons , Sam has 46 red balloons , and Dan has 16 red balloons . The balloons cost 10 dollars . How many red balloons do they have in all ?
Let's add up the number of red balloons each person has:

Fred has 10 red balloons
Sam has 46 red balloons
Dan has 16 red balloons

Total number of red balloons = 10 + 46 + 16 = 72

So, they have a total of 72 red balloons.
Therefore, the answer (arabic numerals) is
72
based on the reasoning made to answer the question give the final answer in \textbf{}",\textbf{72.0},72.0,72.0
"Mary found 45 seashells , Melanie found 23 seashells , and Jason found 32 seashells on the beach . When they cleaned them , they discovered that 31 were cracked . How many seashells did they find together ?
Mary found 45 seashells, Melanie found 23, and Jason found 32. 45 + 23 + 32 = 100. After cleaning, they found that 31 were cracked. So they had 100 - 31 = 69 good seashells. The answer is 100.
Therefore, the answer (arabic numerals) is
100
based on the reasoning made to answer the question give the final answer in \textbf{}",\textbf{100.0},100.0,100.0
"Fred picked 36 limes , Alyssa picked 32 limes , and Nancy picked 35 limes and 18 pears , at the farm . How many limes were picked in total ?
Let's count the limes:

Fred picked 36 limes
Alyssa picked 32 limes
Nancy picked 35 limes

Add them up: 36 + 32 + 35 = 103

So, a total of 103 limes were picked.
Therefore, the answer (arabic numerals) is
103
based on the reasoning made to answer the question give the final answer in \textbf{}",\textbf{103.0},103.0,103.0
"Benny received 79 dollars and 9 movie tickets for his birthday . He went to a sporting goods store and bought a baseball glove , baseball , and bat . He had 32 dollars over , how much did he spent on the baseball gear ?
Benny had 79 dollars. He had 9 movie tickets. So he had 79 - 9 = 70 dollars. After buying some baseball gear, he had 32 dollars left. So he spent 70 - 32 = 38 dollars. The answer is 38.
Therefore, the answer (arabic numerals) is
38
based on the reasoning made to answer the question give the final answer in \textbf{}",\textbf{38.0},38.0,47.0
"There are 43 maple trees and 22 orange trees currently in the park . Park workers will plant maple trees today . When the workers are finished there will be 54 maple trees in the park . How many maple trees did the workers plant today ?
There were originally 43 maple trees. After the workers plant some more, there will be 54 maple trees. So the workers must have planted 54 - 43 = 11 more maple trees. The answer is 11.
Therefore, the answer (arabic numerals) is
11
based on the reasoning made to answer the question give the final answer in \textbf{}",\textbf{11.0},11.0,11.0
"Dan had 14 peaches and 10 pears at his roadside fruit dish . He went to the orchard and picked peaches to stock up . There are now 85 peaches . how many did he pick ?
Let's start by finding out how many peaches Dan had initially. He had 14 peaches.

Then, he went to the orchard and picked some more peaches. Let's call the number of peaches he picked ""x"".

Now, he has a total of 85 peaches. To find out how many peaches he picked, we can set up an equation:

14 (initial peaches) + x (peaches picked) = 85 (total peaches)

To solve for x, we can subtract 14 from both sides of the equation:

x = 85 - 14
x = 71

So, Dan picked 71 peaches at the orchard.
Therefore, the answer (arabic numerals) is
71
based on the reasoning made to answer the question give the final answer in \textbf{}",\textbf{71.0},71.0,71.0
"Melanie has 41 books and 31 magazines in her library . She bought several books at a yard sale over the weekend . She now has 87 books in her library . How many books did she buy at the yard sale ?
Melanie originally had 41 books. She ended up with 87 books. So she bought 87 - 41 = 46 books. The answer is 46.
Therefore, the answer (arabic numerals) is
46
based on the reasoning made to answer the question give the final answer in \textbf{}",\textbf{46.0},46.0,46.0
"There were 2 red orchids and 4 white orchids in the vase . Jessica cut some red orchids from her flower garden . There are now 18 red orchids in the vase . How many red orchids did she cut ?
There were originally 2 red orchids. There are now 18. So she must have cut 18 - 2 = 16 red orchids. The answer is 16.
Therefore, the answer (arabic numerals) is
16
based on the reasoning made to answer the question give the final answer in \textbf{}",\textbf{16.0},16.0,16.0
"Last week Tim had 12 dollars and Keith had 36 dollars . Tim washed cars over the weekend and now has 75 dollars . How much money did Tim make washing cars ?
Let's start by finding out how much money Tim had at the beginning. He had 12 dollars.

Now, he has 75 dollars. To find out how much he made, we need to subtract the amount he had at the beginning from the amount he has now.

75 - 12 = 63

So, Tim made 63 dollars washing cars over the weekend.
Therefore, the answer (arabic numerals) is
63
based on the reasoning made to answer the question give the final answer in \textbf{}",\textbf{63.0},63.0,63.0
"Joan found 75 seashells and 14 starfishes on the beach . She gave Tim some of her seashells . She has 62 seashell . How many seashells did she give to Tim ?
Joan started with 75 seashells. After giving some to Tim, she had 62. So she gave 75 - 62 = 13 seashells to Tim. The answer is 13.
Therefore, the answer (arabic numerals) is
13
based on the reasoning made to answer the question give the final answer in \textbf{}",\textbf{13.0},13.0,13.0
"There were 32 bales of hay in the barn and 26 bales in the shed . Jason stacked bales in the barn today . There are now 98 bales of hay in the barn . How many bales did he store in the barn ?
There were originally 32 bales in the barn. After Jason stacked bales, there were 98. So he added 98 - 32 = 66 bales. The answer is 66.
Therefore, the answer (arabic numerals) is
66
based on the reasoning made to answer the question give the final answer in \textbf{}",\textbf{66.0},66.0,66.0
"Jessica is baking a cake . The recipe calls for 8 cups of flour and 2 cups of sugar . She already put in 4 cups of flour . How many cups of flour does she need to add ?
A delicious cake!

Let's break it down:

The recipe calls for 8 cups of flour, and Jessica has already added 4 cups. To find out how many cups she still needs to add, we need to subtract the amount she's already added from the total amount needed:

8 cups (total) - 4 cups (already added) = 4 cups

So, Jessica needs to add 4 cups of flour to the cake mixture.
Therefore, the answer (arabic numerals) is
4
based on the reasoning made to answer the question give the final answer in \textbf{}",\textbf{4.0},4.0,4.0
"Keith picked 3 pears and Jason picked 2 pears from the pear tree . Joan picked 5 apples from the apple tree . How many pears were picked in total ?
Keith picked 3 pears and Jason picked 2 pears, so in total they picked 3 + 2 = 5 pears.
Therefore, the answer (arabic numerals) is
5
based on the reasoning made to answer the question give the final answer in \textbf{}",\textbf{5.0},5.0,5.0
"Sally has 9 orange balloons and 4 blue balloons . She lost 2 of the orange balloons . How many orange balloons does Sally have now ?
Sally had 9 orange balloons initially. She lost 2, so she has:

9 - 2 = 7

Sally has 7 orange balloons now. The number of blue balloons remains the same, which is 4.
Therefore, the answer (arabic numerals) is
7
based on the reasoning made to answer the question give the final answer in \textbf{}",\textbf{7.0},7.0,7.0
"Sandy grew 8 carrots and 7 turnips . Mary grew 6 carrots . How many carrots did they grow in all ?
Let's count the carrots!

Sandy grew 8 carrots and Mary grew 6 carrots. To find the total number of carrots, we add them together:

8 (Sandy's carrots) + 6 (Mary's carrots) = 14 carrots

So, they grew 14 carrots in all!
Therefore, the answer (arabic numerals) is
14
based on the reasoning made to answer the question give the final answer in \textbf{}",\textbf{14.0},14.0,14.0
"There are 5 scissors and 3 pencils in the drawer . Jason placed 4 scissors in the drawer . How many scissors are now there in total ?
There were originally 5 scissors. Jason added 4 more. So there are 5 + 4 = 9 scissors now.
#### 9
Therefore, the answer (arabic numerals) is
9
based on the reasoning made to answer the question give the final answer in \textbf{}",\textbf{9.0},9.0,9.0
"Alyssa 's cat had 8 kittens and 8 had spots . She gave 4 to her friends . How many kittens does she now have ?
Alyssa originally had 8 kittens. 8 had spots. So that means 8 - 4 = 4 kittens did not have spots. She gave 4 kittens to her friends. So she has 8 - 4 = 4 kittens left. The answer is 4.
Therefore, the answer (arabic numerals) is
4
based on the reasoning made to answer the question give the final answer in \textbf{}",\textbf{4.0},4.0,4.0
"Sam had 7 pennies and 8 dimes in his bank . His sister borrowed 4 dimes . How many dimes does Sam have now ?
Sam had 8 dimes originally. His sister borrowed 4 dimes. So Sam has 8 - 4 = 4 dimes left. The answer is 4.
Therefore, the answer (arabic numerals) is
4
based on the reasoning made to answer the question give the final answer in \textbf{}",\textbf{4.0},4.0,4.0
"A restaurant served 9 hot dogs during lunch and 2 during dinner today . It served 5 of them yesterday . How many hot dogs were served today ?
The restaurant served 9 hot dogs during lunch and 2 during dinner today. So that is 9 + 2 = 11 hot dogs. It served 5 hot dogs yesterday. So the total number of hot dogs served today is 11 + 5 = 16. The answer is 16.
Therefore, the answer (arabic numerals) is
16
based on the reasoning made to answer the question give the final answer in \textbf{}",\textbf{16.0},16.0,11.0
"There are 3 short trees and 6 tall trees currently in the park . Park workers will plant 9 short trees today . How many short trees will the park have when the workers are finished ?
There are 3 short trees originally. 9 more will be planted. 3 + 9 = 12. The answer is 12.
Therefore, the answer (arabic numerals) is
12
based on the reasoning made to answer the question give the final answer in \textbf{}",\textbf{12.0},12.0,12.0
"Mary had 21 dimes and 38 pennies in her bank . Her dad borrowed 18 pennies from Mary . How many pennies does she have now ?
Mary had 38 pennies. Her dad borrowed 18 pennies. So she has 38 - 18 = 20 pennies left. The answer is 20.
Therefore, the answer (arabic numerals) is
20
based on the reasoning made to answer the question give the final answer in \textbf{}",\textbf{20.0},20.0,20.0
"Alyssa picked 17 plums and Jason picked 10 plums . Melanie picked 35 pears . How many plums were picked in all ?
Alyssa picked 17 plums and Jason picked 10 plums. So they picked 17 + 10 = 27 plums in total.

Melanie picked 35 pears, but that's not plums, so we don't count those.

So, the total number of plums picked is 27.
Therefore, the answer (arabic numerals) is
27
based on the reasoning made to answer the question give the final answer in \textbf{}",\textbf{27.0},27.0,27.0
"There are 48 pencils and 40 scissors in the drawer . Joan placed 29 pencils in the drawer . How many pencils are now there in all ?
There were originally 48 pencils. Then Joan added 29 more. So 48 + 29 = 77.
#### 77
Therefore, the answer (arabic numerals) is
77
based on the reasoning made to answer the question give the final answer in \textbf{}",\textbf{77.0},77.0,77.0
"There are 37 short bushes and 30 tall trees currently in the park . Park workers will plant 20 short bushes today . How many short bushes will the park have when the workers are finished ?
There are originally 37 short bushes. The workers will plant 20. So the number of short bushes will be 37 + 20 = 57. The answer is 57.
Therefore, the answer (arabic numerals) is
57
based on the reasoning made to answer the question give the final answer in \textbf{}",\textbf{57.0},57.0,57.0
