input,pred_before,pred_after,GT
"Take the last letters of each words in ""Whitney Erika Tj Benito"" and concatenate them.
Here are the last letters of each word:

* Whitney: Y
* Erika: A
* Tj: J (note: Tj is not a standard word, but I'll assume it's a name or abbreviation)
* Benito: O

Concatenating these letters gives us: Y-A-J-O
Therefore, the final answer is",Y-A-J-O,yajo,yajo
"Take the last letters of each words in ""Lucky Mireya Jj Kc"" and concatenate them.
Let's take the last letters of each word in the given phrase ""Lucky Mireya Jj Kc"":

1. Lucky: y
2. Mireya: a
3. Jj: (assuming Jj is a typo and the correct word is ""JJ"", there's no last letter as it's a single letter)
4. Kc: c

Now, let's concatenate these letters: ya
Therefore, the final answer is","Therefore, the final answer is ""ya"".","""ya""",yajc
"Take the last letters of each words in ""Caleb Chase Eleazar Chanel"" and concatenate them.
Here are the last letters of each word:

* Caleb: B
* Chase: E
* Eleazar: R
* Chanel: L

Concatenating these letters gives: BERL
Therefore, the final answer is","A simple and clever question!

Indeed, the last letters of each word are:

* B (Caleb)
* E (Chase)
* R (Eleazar)
* L (Chanel)

Concatenating these letters gives: BERL

So, the final answer is: BERL",berl,berl
"Take the last letters of each words in ""Silvia Carolina Stan Chuck"" and concatenate them.
Let's take the last letters of each word in the given phrase ""Silvia Carolina Stan Chuck"":

* Silvia: A
* Carolina: A
* Stan: N
* Chuck: K

Now, let's concatenate these last letters: A-A-N-K
Therefore, the final answer is",A-A-N-K.,aank,aank
"Take the last letters of each words in ""Breanna Trey Omar Patrice"" and concatenate them.
Here are the last letters of each word:

* Breanna: A
* Trey: Y
* Omar: R
* Patrice: E

Concatenating these letters gives: A-Y-R-E
Therefore, the final answer is","The final answer is indeed ""A-Y-R-E"".",ayre,ayre
"Take the last letters of each words in ""Lilian Ian Bryce Aracely"" and concatenate them.
The last letters of each word in ""Lilian Ian Bryce Aracely"" are:

* Lilian: N
* Ian: N
* Bryce: E
* Aracely: Y

Concatenating these letters gives us: N-N-E-Y
Therefore, the final answer is",N-N-E-Y,nney,nney
"Take the last letters of each words in ""Walter Mikayla Larry Ryan"" and concatenate them.
Here are the last letters of each word:

* Walter: R
* Mikayla: A
* Larry: Y
* Ryan: N

Concatenating these letters gives us: R-A-Y-N
Therefore, the final answer is",R-A-Y-N,rayn,rayn
"Take the last letters of each words in ""Angelina Layla Jenny Zane"" and concatenate them.
Let's break down the words and take the last letters:

1. Angelina - A
2. Layla - A
3. Jenny - Y
4. Zane - E

Now, let's concatenate these letters:

A-A-Y-E

The resulting string is: AAYE
Therefore, the final answer is",The final answer is AAYE.,aaye,aaye
"Take the last letters of each words in ""Lizzy Juany Aisha Brenda"" and concatenate them.
Here are the last letters of each word in the given name:

* Lizzy: Y
* Juany: Y
* Aisha: A
* Brenda: A

Concatenating these last letters gives: YYYA
Therefore, the final answer is","The final answer is indeed ""YYYYA"".",yyaa,yyaa
"Take the last letters of each words in ""Elise Lupe Renee Noemi"" and concatenate them.
Here are the last letters of each word:

* Elise: E
* Lupe: E
* Renee: E
* Noemi: I

Concatenating these letters gives: E-E-E-I
Therefore, the final answer is",E-E-E-I,eeei,eeei
"Take the last letters of each words in ""Jesse Roderick Travis Rita"" and concatenate them.
Let's take the last letters of each word:

* Jesse: E
* Roderick: K
* Travis: S
* Rita: A

Concatenating these letters gives us: E-K-S-A
Therefore, the final answer is",E-K-S-A,eksa,eksa
"Take the last letters of each words in ""Cinthia Lloyd Jacqueline Jc"" and concatenate them.
Here are the last letters of each word:

* Cinthia: A
* Lloyd: D
* Jacqueline: E
* Jc: C

Concatenating these letters gives: A-D-E-C
Therefore, the final answer is","A clever question!

Indeed, the last letters of each word are:

* Cinthia: A
* Lloyd: D
* Jacqueline: E
* Jc: C

And concatenating these letters gives:

A-D-E-C

So, the final answer is: A-D-E-C",adec,adec
"Take the last letters of each words in ""Sterling Jenifer Patsy Denise"" and concatenate them.
Here are the last letters of each word in ""Sterling Jenifer Patsy Denise"":

* Sterling: G
* Jenifer: R
* Patsy: Y
* Denise: E

Concatenating these letters gives us: G-R-Y-E
Therefore, the final answer is",G-R-Y-E,grye,grye
"Take the last letters of each words in ""Beatriz Gillian Coco Vivian"" and concatenate them.
Here are the last letters of each word in ""Beatriz Gillian Coco Vivian"":

* Beatriz: Z
* Gillian: N
* Coco: O
* Vivian: N

Concatenating these letters gives us: ZNNO
Therefore, the final answer is",ZNNO,znno,znon
"Take the last letters of each words in ""Prince Rene Vishal Patrick"" and concatenate them.
Here are the last letters of each word in ""Prince Rene Vishal Patrick"":

* Prince: E
* Rene: E
* Vishal: L
* Patrick: C

Concatenating these letters gives us: EE-L-C
Therefore, the final answer is",EE-L-C,eelc,eelk
"Take the last letters of each words in ""Jae Dennis Cris Bernadette"" and concatenate them.
Here are the last letters of each word:

* Jae: E
* Dennis: S
* Cris: S
* Bernadette: E

Concatenating these letters gives us: E-S-S-E
Therefore, the final answer is",E-S-S-E,esse,esse
"Take the last letters of each words in ""Hank Janine Frankie Isa"" and concatenate them.
Let's break it down:

* Hank: last letter is K
* Janine: last letter is E
* Frankie: last letter is E
* Isa: last letter is A

Concatenating these letters gives us KEAE.
Therefore, the final answer is",KEAE.,keae,keea
"Take the last letters of each words in ""Max Mikey Cynthia Holly"" and concatenate them.
Let's take the last letters of each word in the given phrase:

* Max: X
* Mikey: Y
* Cynthia: A
* Holly: Y

Now, let's concatenate these letters:

X-Y-A-Y

The result is X-Y-A-Y.
Therefore, the final answer is",X-Y-A-Y.,xyay,xyay
"Take the last letters of each words in ""Christy Rey Michelle Dolly"" and concatenate them.
Let's break down the words and take the last letter of each:

1. Christy - Y
2. Rey - Y
3. Michelle - E
4. Dolly - Y

Now, let's concatenate these last letters: Y-Y-E-Y.
Therefore, the final answer is",Y-Y-E-Y.,yyey,yyey
"Take the last letters of each words in ""Annie Toño Sharon Delores"" and concatenate them.
Let's take the last letters of each word in ""Annie Toño Sharon Delores"":

* Annie: E
* Toño: O
* Sharon: N
* Delores: S

Concatenating these letters gives us: E-O-N-S
Therefore, the final answer is",E-O-N-S,eons,eons
"Take the last letters of each words in ""Jessy Libby Danielle Red"" and concatenate them.
Here are the last letters of each word:

* Jessy: Y
* Libby: Y
* Danielle: E
* Red: D

Concatenating these letters gives us: Y-Y-E-D
Therefore, the final answer is",Y-Y-E-D,yyed,yyed
"Take the last letters of each words in ""Jorge Natalia Bryant Kiran"" and concatenate them.
Let's take the last letters of each word in the given string ""Jorge Natalia Bryant Kiran"":

1. Jorge: ends with the letter ""E""
2. Natalia: ends with the letter ""A""
3. Bryant: ends with the letter ""T""
4. Kiran: ends with the letter ""N""

Now, let's concatenate these letters: E-A-T-N
Therefore, the final answer is",E-A-T-N,eatn,eatn
"Take the last letters of each words in ""Yan Eunice Joseph Hugh"" and concatenate them.
Here are the last letters of each word in ""Yan Eunice Joseph Hugh"":

* Yan: N
* Eunice: E
* Joseph: F
* Hugh: H

Concatenating these letters gives us: NEFH
Therefore, the final answer is",NEFH,nefh,nehh
"Take the last letters of each words in ""Melody Ramiro Humberto Jacob"" and concatenate them.
Here are the last letters of each word:

* Melody: Y
* Ramiro: O
* Humberto: O
* Jacob: B

Concatenating these letters gives: Y-O-O-B
Therefore, the final answer is",Y-O-O-B,yoob,yoob
"Take the last letters of each words in ""Domingo Briana Michael Joan"" and concatenate them.
Let's take the last letters of each word in the given phrase:

* Domingo: O
* Briana: A
* Michael: L
* Joan: N

Concatenating these letters gives us: O-A-L-N
Therefore, the final answer is",O-A-L-N,oaln,oaln
"Take the last letters of each words in ""Kristopher Deb Jake Tammy"" and concatenate them.
Here are the last letters of each word:

* Kristopher: R
* Deb: B
* Jake: E
* Tammy: Y

Concatenating these letters gives us: R-B-E-Y
Therefore, the final answer is",The final answer is indeed R-B-E-Y.,rbey,rbey
"Take the last letters of each words in ""Morgan Perla Joao Marta"" and concatenate them.
Let's take the last letters of each word in ""Morgan Perla Joao Marta"" and concatenate them:

1. Morgan - N
2. Perla - A
3. Joao - O
4. Marta - A

Concatenating these letters gives us: N-A-O-A
Therefore, the final answer is",N-A-O-A,naoa,naoa
"Take the last letters of each words in ""Penny Harry Jessica Horacio"" and concatenate them.
Here are the last letters of each word in ""Penny Harry Jessica Horacio"":

* Penny: Y
* Harry: Y
* Jessica: A
* Horacio: O

Concatenating these letters gives: YYYAO
Therefore, the final answer is",YYYAO,yyyao,yyao
"Take the last letters of each words in ""Billie Paloma Tanner Raul"" and concatenate them.
Let's take the last letters of each word:

* Billie: E
* Paloma: A
* Tanner: R
* Raul: L

Concatenating these letters gives us: EAR
Therefore, the final answer is",EAR,ear,earl
"Take the last letters of each words in ""Rena Devon Rosalinda Paulina"" and concatenate them.
Here are the last letters of each word in ""Rena Devon Rosalinda Paulina"":

* Rena: A
* Devon: N
* Rosalinda: A
* Paulina: A

Concatenating these letters gives: ANAA
Therefore, the final answer is",The final answer is ANAA.,anaa,anaa
"Take the last letters of each words in ""Axel Osvaldo Mildred Sylvia"" and concatenate them.
Let's take the last letters of each word in the given name:

* Axel: L
* Osvaldo: O
* Mildred: D
* Sylvia: A

Concatenating these last letters gives us the result: L-O-D-A
Therefore, the final answer is",L-O-D-A,loda,loda
"Take the last letters of each words in ""Emiliano Jasmin Wade Vilma"" and concatenate them.
Let's take the last letters of each word in the given name ""Emiliano Jasmin Wade Vilma"":

1. Emiliano - O
2. Jasmin - N
3. Wade - E
4. Vilma - A

Now, let's concatenate these letters: O-N-E-A.
Therefore, the final answer is","O-N-E-A.

The correct answer is indeed ""O-N-E-A"", which is the concatenation of the last letters of each word in the given name ""Emiliano Jasmin Wade Vilma"".",onea,onea
"Take the last letters of each words in ""Lino Mariel Aditya Elisabeth"" and concatenate them.
Here are the last letters of each word:

* Lino: O
* Mariel: L
* Aditya: A
* Elisabeth: H

Concatenating these letters gives us: O-L-A-H
Therefore, the final answer is","A simple and clever question!

Indeed, the last letters of each word are:

* Lino: O
* Mariel: L
* Aditya: A
* Elisabeth: H

And concatenating them gives us: O-L-A-H

So, the final answer is: O-L-A-H",olah,olah
"Take the last letters of each words in ""Jacky Socorro Mark Wanda"" and concatenate them.
Let's take the last letters of each word:

* Jacky: Y
* Socorro: O
* Mark: K
* Wanda: A

Concatenating these letters gives us: YO KA
Therefore, the final answer is",Y O K A,yoka,yoka
"Take the last letters of each words in ""Mauricio Lee Madi Lizzie"" and concatenate them.
Let's take the last letter of each word in the given phrase:

""Mauricio"" ends with the letter ""O""
""Lee"" ends with the letter ""E""
""Madi"" ends with the letter ""I""
""Lizzie"" ends with the letter ""E""

Now, let's concatenate these last letters: O-E-I-E
Therefore, the final answer is",O-E-I-E,oeie,oeie
"Take the last letters of each words in ""Ruben Bernardo Ariel Shelley"" and concatenate them.
Let's take the last letters of each word:

* Ruben: N
* Bernardo: O
* Ariel: L
* Shelley: Y

Concatenating these letters gives us: N-O-L-Y
Therefore, the final answer is",N-O-L-Y,noly,noly
"Take the last letters of each words in ""Phillip Ajay Janie Augusto"" and concatenate them.
Here are the last letters of each word in ""Phillip Ajay Janie Augusto"":

* Phillip: P
* Ajay: Y
* Janie: E
* Augusto: O

Concatenating these letters gives us: P Y E O
Therefore, the final answer is",P Y E O,pyeo,pyeo
"Take the last letters of each words in ""Ari Jasmine Elliot Kendrick"" and concatenate them.
Let's take the last letters of each word in the name ""Ari Jasmine Elliot Kendrick"":

* Ari: i
* Jasmine: e
* Elliot: t
* Kendrick: d

Concatenating these letters gives us the result: i-e-t-d
Therefore, the final answer is",i-e-t-d,ietd,ietk
"Take the last letters of each words in ""Margarita Anabel Shaun Celina"" and concatenate them.
Here are the last letters of each word:

* Margarita: A
* Anabel: L
* Shaun: N
* Celina: A

Concatenating these letters gives: ALNA
Therefore, the final answer is",ALNA,alna,alna
"Take the last letters of each words in ""Geo Kody Isaias Giovanni"" and concatenate them.
Let's break it down:

* Geo: last letter is O
* Kody: last letter is Y
* Isaias: last letter is S
* Giovanni: last letter is I

Concatenating these last letters gives us: O-Y-S-I
Therefore, the final answer is",O-Y-S-I,oysi,oysi
"Take the last letters of each words in ""Kennedy Ginny Iliana Sky"" and concatenate them.
The last letters of each word are:

* Kennedy: Y
* Ginny: Y
* Iliana: A
* Sky: Y

Concatenating these letters gives: Y Y A Y
Therefore, the final answer is",The final answer is Y Y A Y.,yyay,yyay
"Take the last letters of each words in ""Billy Kassandra Joy Abe"" and concatenate them.
Let's take the last letters of each word in the given phrase:

* Billy: y
* Kassandra: a
* Joy: y
* Abe: e

Now, let's concatenate these last letters:

y-a-y-e

The resulting string is ""yaye"".
Therefore, the final answer is","The final answer is ""yaye"".",yaye,yaye
"Take the last letters of each words in ""Nubia Sarah Jalen Kris"" and concatenate them.
Let's take the last letter of each word in the given phrase ""Nubia Sarah Jalen Kris"":

1. Nubia - A
2. Sarah - H
3. Jalen - N
4. Kris - S

Now, let's concatenate these letters: A-H-N-S.
Therefore, the final answer is",A-H-N-S.,ahns,ahns
"Take the last letters of each words in ""Ale Gaspar Sonny Simon"" and concatenate them.
Let's take the last letter of each word:

* Ale: E
* Gaspar: R
* Sonny: Y
* Simon: N

Concatenating these letters gives us: E-R-Y-N
Therefore, the final answer is",E-R-Y-N.,eryn,eryn
"Take the last letters of each words in ""Skylar Chrissy Misty Kike"" and concatenate them.
Here are the last letters of each word in ""Skylar Chrissy Misty Kike"":

* Skylar: R
* Chrissy: Y
* Misty: Y
* Kike: E

Concatenating these letters gives us: R-Y-Y-E
Therefore, the final answer is",R-Y-Y-E,ryye,ryye
"Take the last letters of each words in ""Gavin Neha Asha Baltazar"" and concatenate them.
Here are the last letters of each word in ""Gavin Neha Asha Baltazar"":

* Gavin: N
* Neha: A
* Asha: A
* Baltazar: R

Concatenating these letters gives: N-A-A-R
Therefore, the final answer is",N-A-A-R,naar,naar
"Take the last letters of each words in ""Camilo Becky Eliza Rebecca"" and concatenate them.
Let's take the last letters of each word:

* Camilo: O
* Becky: Y
* Eliza: A
* Rebecca: A

Concatenating these last letters gives us: O-Y-A-A
Therefore, the final answer is",O-Y-A-A,oyaa,oyaa
"Take the last letters of each words in ""Isela Leslie Stacy Ingrid"" and concatenate them.
Let's take the last letters of each word in the given name ""Isela Leslie Stacy Ingrid"":

* Isela: A
* Leslie: Y
* Stacy: Y
* Ingrid: D

Now, let's concatenate these letters: A-Y-Y-D
Therefore, the final answer is",A-Y-Y-D.,ayyd,aeyd
"Take the last letters of each words in ""Meg Andrey Gerard Lilia"" and concatenate them.
Here are the last letters of each word in ""Meg Andrey Gerard Lilia"":

* Meg: G
* Andrey: Y
* Gerard: D
* Lilia: A

Concatenating these letters gives us: GYDA
Therefore, the final answer is",GYDA,gyda,gyda
"Take the last letters of each words in ""Denny Carlo Reinaldo Jessi"" and concatenate them.
Let's take the last letters of each word in ""Denny Carlo Reinaldo Jessi"":

* Denny: Y
* Carlo: O
* Reinaldo: O
* Jessi: I

Concatenating these last letters, we get: YOOI
Therefore, the final answer is",YOOI,yooi,yooi
"Take the last letters of each words in ""Cheri Rico Teo Jesus"" and concatenate them.
Here are the last letters of each word:

* Cheri: I
* Rico: O
* Teo: O
* Jesus: S

Concatenating these letters gives us: IOOS
Therefore, the final answer is",IOOS,ioos,ioos
"Take the last letters of each words in ""Alexandria Meghan Autumn Robert"" and concatenate them.
Let's take the last letters of each word:

* Alexandria: A
* Meghan: N
* Autumn: N
* Robert: T

Concatenating these letters gives us: A-N-N-T
Therefore, the final answer is","A simple and clever exercise!

Indeed, the last letters of each word are:

* Alexandria: A
* Meghan: N
* Autumn: N
* Robert: T

Concatenating these letters gives us: A-N-N-T

So, the final answer is: A-N-N-T",annt,annt
"Take the last letters of each words in ""Jr Meredith Zoe Robby"" and concatenate them.
Here are the last letters of each word in ""Jr Meredith Zoe Robby"":

* Jr: R
* Meredith: H
* Zoe: E
* Robby: Y

Concatenating these letters gives us: RHYE
Therefore, the final answer is",RHYE,rhye,rhey
"Take the last letters of each words in ""Pretty Jada Sarita Allen"" and concatenate them.
Here are the last letters of each word in the given name:

* Pretty: Y
* Jada: A
* Sarita: A
* Allen: N

Concatenating these letters, we get: Y-A-A-N
Therefore, the final answer is",Y-A-A-N,yaan,yaan
"Take the last letters of each words in ""Shari Bella Liza Maira"" and concatenate them.
Let's break it down:

* Shari: last letter is I
* Bella: last letter is A
* Liza: last letter is A
* Maira: last letter is A

Concatenating these letters, we get: I-A-A-A
Therefore, the final answer is","I-A-A-A

The correct answer is indeed ""I-A-A-A"", which is the result of concatenating the last letters of each word in the given name ""Shari Bella Liza Maira"".",iaaa,iaaa
"Take the last letters of each words in ""Lazaro Ana Charlotte Precious"" and concatenate them.
Here are the last letters of each word in ""Lazaro Ana Charlotte Precious"":

* Lazaro: O
* Ana: A
* Charlotte: E
* Precious: S

Concatenating these letters gives us: O-A-E-S
Therefore, the final answer is",O-A-E-S,oaes,oaes
"Take the last letters of each words in ""Imelda Andi Mack Rigoberto"" and concatenate them.
Here are the last letters of each word:

* Imelda: A
* Andi: I
* Mack: K
* Rigoberto: O

Concatenating these letters gives us: A-I-K-O
Therefore, the final answer is","A nice exercise in word manipulation!

Indeed, the last letters of each word are:

* Imelda: A
* Andi: I
* Mack: K
* Rigoberto: O

And when we concatenate them, we get:

A-I-K-O

So, the final answer is: A-I-K-O",aiko,aiko
"Take the last letters of each words in ""Ashish Tracey Varun Emil"" and concatenate them.
Here are the last letters of each word in the given phrase:

* Ashish: H
* Tracey: Y
* Varun: N
* Emil: L

Concatenating these letters gives: HYNL
Therefore, the final answer is","The correct answer is indeed ""HYNL"".",hynl,hynl
"Take the last letters of each words in ""Marian Joanne Darrin Rohit"" and concatenate them.
Here are the last letters of each word:

* Marian: N
* Joanne: E
* Darrin: N
* Rohit: T

Concatenating these letters gives us: N-E-N-T
Therefore, the final answer is",N-E-N-T.,nent,nent
"Take the last letters of each words in ""Julieta Zachary Jared Tyson"" and concatenate them.
Here are the last letters of each word:

* Julieta: A
* Zachary: Y
* Jared: D
* Tyson: N

Concatenating these letters gives us: AYDN
Therefore, the final answer is",AYDN,aydn,aydn
"Take the last letters of each words in ""Vicente Dayana Kasey Lin"" and concatenate them.
Here are the last letters of each word:

* Vicente: E
* Dayana: A
* Kasey: Y
* Lin: N

Concatenating these letters gives us: E-A-Y-N
Therefore, the final answer is",The final answer is E-A-Y-N.,eayn,eayn
"Take the last letters of each words in ""Craig Dillon Troy Griselda"" and concatenate them.
The last letters of each word in ""Craig Dillon Troy Griselda"" are:

* Craig: G
* Dillon: N
* Troy: Y
* Griselda: A

Concatenating these letters gives: G-N-Y-A
Therefore, the final answer is",G-N-Y-A,gnya,gnya
"Take the last letters of each words in ""Rubi Daisy Yadira Santa"" and concatenate them.
Let's take the last letters of each word in ""Rubi Daisy Yadira Santa"":

* Rubi: i
* Daisy: y
* Yadira: a
* Santa: a

Concatenating these last letters gives us: i-y-a-a
Therefore, the final answer is","Therefore, the final answer is i-y-a-a.",iyaa,iyaa
"Take the last letters of each words in ""Dave Ernesto Liam Marsha"" and concatenate them.
Let's take the last letters of each word:

* Dave: E
* Ernesto: O
* Liam: M
* Marsha: A

Concatenating these letters gives us: E-O-M-A
Therefore, the final answer is",E-O-M-A,eoma,eoma
"Take the last letters of each words in ""Ira Paola Jose Antonio Maria"" and concatenate them.
Here are the last letters of each word in the given name:

* Ira: A
* Paola: A
* Jose: E
* Antonio: O
* Maria: A

Concatenating these last letters, we get: A-A-E-O-A
Therefore, the final answer is","A simple and straightforward question!

According to the calculation:

* The last letters of each word are: A, A, E, O, A
* Concatenating these letters gives: A-A-E-O-A

So, the final answer is: A-A-E-O-A",aaeoa,aaoa
"Take the last letters of each words in ""Manish Lu Karl Don"" and concatenate them.
Let's take the last letters of each word in ""Manish Lu Karl Don"":

* Manish: H
* Lu: U
* Karl: L
* Don: N

Concatenating these letters gives us: H-U-L-N
Therefore, the final answer is",H-U-L-N,huln,huln
"Take the last letters of each words in ""Irving Hans Moses Nicole"" and concatenate them.
Let's take the last letter of each word in ""Irving Hans Moses Nicole"":

* Irving: G
* Hans: S
* Moses: S
* Nicole: E

Now, let's concatenate these letters: G-S-S-E
Therefore, the final answer is",G-S-S-E,gsse,gsse
"Take the last letters of each words in ""Micaela Kevin Diamond Ty"" and concatenate them.
Here are the last letters of each word:

* Micaela: A
* Kevin: N
* Diamond: D
* Ty: Y

Concatenating these letters gives: A-N-D-Y
Therefore, the final answer is","A simple yet clever question!

As calculated, the last letters of each word are indeed:

* A (Micaela)
* N (Kevin)
* D (Diamond)
* Y (Ty)

And concatenating these letters gives us:

A-N-D-Y

So, the final answer is: A-N-D-Y",andy,andy
"Take the last letters of each words in ""Maura Selvin Tabitha Gino"" and concatenate them.
Here are the last letters of each word:

* Maura: A
* Selvin: N
* Tabitha: A
* Gino: O

Concatenating these letters gives us: ANAO
Therefore, the final answer is",ANAO,anao,anao
"Take the last letters of each words in ""Rosendo Shayla Erica Georgia"" and concatenate them.
Let's take the last letters of each word:

* Rosendo: O
* Shayla: A
* Erica: A
* Georgia: A

Concatenating these letters gives us: O-A-A-A
Therefore, the final answer is",O-A-A-A.,oaaa,oaaa
"Take the last letters of each words in ""Lorena Shana Priscilla Summer"" and concatenate them.
Let's take the last letters of each word in the given phrase:

* Lorena: A
* Shana: A
* Priscilla: A
* Summer: R

Now, let's concatenate these letters: A-A-A-R
Therefore, the final answer is","A simple and straightforward task!

Indeed, the last letters of each word in the phrase ""Lorena Shana Priscilla Summer"" are:

* Lorena: A
* Shana: A
* Priscilla: A
* Summer: R

And when concatenated, these letters become: A-A-A-R

So, the final answer is: A-A-A-R",aaar,aaar
"Take the last letters of each words in ""Noelle Byron Jane Darin"" and concatenate them.
Let's take the last letters of each word:

* Noelle: E
* Byron: N
* Jane: E
* Darin: N

Concatenating these letters gives us: E-N-E-N
Therefore, the final answer is",E-N-E-N,enen,enen
"Take the last letters of each words in ""Chava Rosalia Kurt Linda"" and concatenate them.
Here are the last letters of each word in ""Chava Rosalia Kurt Linda"":

* Chava: A
* Rosalia: A
* Kurt: T
* Linda: A

Concatenating these letters gives us: A-A-T-A
Therefore, the final answer is","A simple and straightforward question!

The correct answer is: A-A-T-A",aata,aata
"Take the last letters of each words in ""Meagan Naomi Israel Marie"" and concatenate them.
Here are the last letters of each word in ""Meagan Naomi Israel Marie"":

* Meagan: N
* Naomi: I
* Israel: L
* Marie: E

Concatenating these letters gives us: N-I-L-E
Therefore, the final answer is",N-I-L-E,nile,nile
"Take the last letters of each words in ""Michele Karan Abraham Ellen"" and concatenate them.
Let's take the last letters of each word in the given name ""Michele Karan Abraham Ellen"":

1. Michele - E
2. Karan - N
3. Abraham - M
4. Ellen - N

Now, let's concatenate these last letters to get the result:

E-N-M-N
Therefore, the final answer is",E-N-M-N,enmn,enmn
"Take the last letters of each words in ""Laila Audrey Glenn Rhonda"" and concatenate them.
Here are the last letters of each word in the given name ""Laila Audrey Glenn Rhonda"":

* Laila: A
* Audrey: Y
* Glenn: N
* Rhonda: A

Concatenating these letters gives us: A-Y-N-A.
Therefore, the final answer is",A-Y-N-A.,ayna,ayna
"Take the last letters of each words in ""Regina Joel Justice Eli"" and concatenate them.
Let's take the last letters of each word:

* Regina: a
* Joel: l
* Justice: e
* Eli: i

Concatenating these letters gives us: a-l-e-i
Therefore, the final answer is","Correct! The last letters of each word in ""Regina Joel Justice Eli"" are indeed ""a"", ""l"", ""e"", and ""i"". Concatenating these letters results in the sequence ""a-l-e-i"", which is the final answer.",alei,alei
"Take the last letters of each words in ""Janet Ant Vickie Elias"" and concatenate them.
Here are the last letters of each word:

* Janet: T
* Ant: T
* Vickie: E
* Elias: S

Concatenating these letters gives us: T-T-E-S
Therefore, the final answer is",The final answer is indeed T-T-E-S.,ttes,ttes
"Take the last letters of each words in ""Russ Berta Mandy Lydia"" and concatenate them.
Let's take the last letters of each word:

* Russ: S
* Berta: A
* Mandy: Y
* Lydia: A

Concatenating these letters gives us: S-A-Y-A
Therefore, the final answer is",S-A-Y-A,saya,saya
"Take the last letters of each words in ""Tristan Marleny Santiago Viviana"" and concatenate them.
Here are the last letters of each word:

* Tristan: N
* Marleny: Y
* Santiago: O
* Viviana: A

Concatenating these letters gives: N-Y-O-A
Therefore, the final answer is","A simple and straightforward question!

The last letters of each word are indeed:

* N (Tristan)
* Y (Marleny)
* O (Santiago)
* A (Viviana)

And when concatenated, they form the string:

N-Y-O-A

So, the final answer is: N-Y-O-A",nyoa,nyoa
"Take the last letters of each words in ""Carole William Tiffany Hilary"" and concatenate them.
Here are the last letters of each word in the given name:

* Carole: E
* William: L
* Tiffany: Y
* Hilary: Y

Concatenating these letters gives: E-L-Y-Y
Therefore, the final answer is","A simple and clever question!

The last letters of each word in ""Carole William Tiffany Hilary"" are:

* Carole: E
* William: L
* Tiffany: Y
* Hilary: Y

Concatenating these letters indeed gives: E-L-Y-Y

So, the final answer is: E-L-Y-Y",elyy,emyy
"Take the last letters of each words in ""Amparo Gianna Dion Tessa"" and concatenate them.
Here are the last letters of each word:

* Amparo: O
* Gianna: A
* Dion: N
* Tessa: A

Concatenating these letters gives us: O-A-N-A
Therefore, the final answer is",O-A-N-A,oana,oana
"Take the last letters of each words in ""Lewis Azucena Kai Ravi"" and concatenate them.
Here are the last letters of each word:

* Lewis: S
* Azucena: A
* Kai: I
* Ravi: I

Concatenating these letters gives us: S-A-I-I
Therefore, the final answer is","A clever question!

Indeed, the last letters of each word are:

* Lewis: S
* Azucena: A
* Kai: I
* Ravi: I

And when we concatenate them, we get:

S-A-I-I

So, the final answer is indeed S-A-I-I!",saii,saii
"Take the last letters of each words in ""Issa Kendra Ignacio Henry"" and concatenate them.
Here are the last letters of each word in ""Issa Kendra Ignacio Henry"":

* Issa: A
* Kendra: A
* Ignacio: O
* Henry: Y

Concatenating these letters gives: A-A-O-Y
Therefore, the final answer is","A simple and clever task!

You're absolutely right. The last letters of each word in ""Issa Kendra Ignacio Henry"" are:

* Issa: A
* Kendra: A
* Ignacio: O
* Henry: Y

Concatenating these letters indeed gives: A-A-O-Y

So, the final answer is: A-A-O-Y",aaoy,aaoy
"Take the last letters of each words in ""Faustino Lamar Fransisco Rina"" and concatenate them.
Here are the last letters of each word in the given name:

* Faustino: O
* Lamar: R
* Fransisco: O
* Rina: A

Concatenating these letters gives us: O-R-O-A
Therefore, the final answer is",O-R-O-A,oroa,oroa
"Take the last letters of each words in ""Angelique Marissa Phyllis Bonnie"" and concatenate them.
Here are the last letters of each word:

* Angelique: E
* Marissa: A
* Phyllis: S
* Bonnie: E

Concatenating them gives: E-A-S-E
Therefore, the final answer is",E-A-S-E,ease,ease
"Take the last letters of each words in ""Loren Wes Dean Hayley"" and concatenate them.
The last letters of each word in ""Loren Wes Dean Hayley"" are:

* Loren: N
* Wes: S
* Dean: N
* Hayley: Y

Concatenating these letters gives us: NSNY
Therefore, the final answer is",NSNY,nsny,nsny
"Take the last letters of each words in ""Maxwell Jose Beto Joe"" and concatenate them.
Let's take the last letters of each word in the given phrase ""Maxwell Jose Beto Joe"":

* Maxwell: W
* Jose: E
* Beto: O
* Joe: E

Now, let's concatenate these last letters to get the resulting string: W-E-O-E
Therefore, the final answer is",W-E-O-E,weoe,leoe
"Take the last letters of each words in ""Liz Andrea Suresh Vera"" and concatenate them.
Let's take the last letter of each word in ""Liz Andrea Suresh Vera"":

1. Liz - Z
2. Andrea - A
3. Suresh - H
4. Vera - A

Concatenating these last letters gives us: ZAHA
Therefore, the final answer is",ZAHA,zaha,zaha
"Take the last letters of each words in ""Chantal Ines Valeria Francesca"" and concatenate them.
Here are the last letters of each word:

* Chantal: L
* Ines: S
* Valeria: A
* Francesca: A

Concatenating these letters gives us: L-S-A-A
Therefore, the final answer is","A simple and clever exercise!

You're absolutely right. The last letters of each word are:

* Chantal: L
* Ines: S
* Valeria: A
* Francesca: A

And when concatenated, they form: L-S-A-A

So, the final answer is indeed L-S-A-A. Well done!",lsaa,lsaa
"Take the last letters of each words in ""Ron Carl Joann Young"" and concatenate them.
Here are the last letters of each word in ""Ron Carl Joann Young"":

* Ron: N
* Carl: L
* Joann: N
* Young: G

Concatenating these letters gives us: NLNG
Therefore, the final answer is",NLNG.,nlng,nlng
"Take the last letters of each words in ""Sally Sadie Christie Ellie"" and concatenate them.
Let's take the last letters of each word in the given phrase:

* Sally: y
* Sadie: e
* Christie: e
* Ellie: e

Now, let's concatenate these last letters:

y-e-e-e

The resulting concatenated string is: y-e-e-e
Therefore, the final answer is",y-e-e-e,yeee,yeee
"Take the last letters of each words in ""Tomas Nic Zoila Calvin"" and concatenate them.
Here are the last letters of each word in ""Tomas Nic Zoila Calvin"":

* Tomas: S
* Nic: C
* Zoila: A
* Calvin: N

Concatenating these letters gives: S-C-A-N
Therefore, the final answer is",S-C-A-N,scan,scan
"Take the last letters of each words in ""Gabe Dora Aileen Modesto"" and concatenate them.
Here are the last letters of each word:

* Gabe: E
* Dora: A
* Aileen: N
* Modesto: O

Concatenating these letters gives us: EAONO
Therefore, the final answer is",EAONO,eaono,eano
"Take the last letters of each words in ""Victoria Aurora Amalia Princess"" and concatenate them.
Here are the last letters of each word in ""Victoria Aurora Amalia Princess"":

* Victoria: A
* Aurora: A
* Amalia: A
* Princess: S

Concatenating these letters gives: AAA S
Therefore, the final answer is","Therefore, the final answer is AAA S.",aaas,aaas
"Take the last letters of each words in ""Alec Arianna Corina Juancarlos"" and concatenate them.
Here are the last letters of each word:

* Alec: C
* Arianna: A
* Corina: A
* Juancarlos: S

Concatenating these letters gives: C-A-A-S
Therefore, the final answer is",C-A-A-S,caas,caas
"Take the last letters of each words in ""Carolyn Sasha Mercy Keri"" and concatenate them.
Let's take the last letters of each word in the given name ""Carolyn Sasha Mercy Keri"":

* Carolyn: N
* Sasha: A
* Mercy: Y
* Keri: I

Concatenating these letters gives us the result: N-A-Y-I
Therefore, the final answer is",N-A-Y-I,nayi,nayi
"Take the last letters of each words in ""Selena Keisha Gladys Cedric"" and concatenate them.
Let's take the last letters of each word in the given name ""Selena Keisha Gladys Cedric"":

* Selena: A
* Keisha: A
* Gladys: S
* Cedric: C

Now, let's concatenate these letters: A-A-S-C
Therefore, the final answer is",A-A-S-C,aasc,aasc
"Take the last letters of each words in ""Salma Pj Gladis Monica"" and concatenate them.
Here are the last letters of each word:

* Salma: A
* Pj: J (note: Pj is an abbreviation and doesn't have a traditional last letter, but I assume you meant to ask for the last letter of the word ""P"" which is J)
* Gladis: S
* Monica: A

Concatenating these letters gives: AJSA
Therefore, the final answer is","I'm glad we were able to clarify the interpretation of ""Pj"" as an abbreviation. Now, let's indeed concatenate the last letters of each word:

* Salma: A
* Pj: J
* Gladis: S
* Monica: A

As you've done, we concatenate these letters to get: AJSA

So, the final answer is indeed AJSA!",ajsa,ajsa
"Take the last letters of each words in ""Ralph Jeanne Kyle Alejandro"" and concatenate them.
Here are the last letters of each word in the given name:

* Ralph: H
* Jeanne: E
* Kyle: E
* Alejandro: O

Concatenating these letters, we get: H-E-E-O
Therefore, the final answer is",H-E-E-O.,heeo,heeo
"Take the last letters of each words in ""Letty Aimee Elvia Ted"" and concatenate them.
Here are the last letters of each word:

* Letty: Y
* Aimee: E
* Elvia: A
* Ted: D

Concatenating these letters gives us: Y E A D
Therefore, the final answer is",Y E A D,yead,yead
"Take the last letters of each words in ""April Molly Maurice Jaclyn"" and concatenate them.
Here are the last letters of each word in ""April Molly Maurice Jaclyn"":

* April: L
* Molly: Y
* Maurice: E
* Jaclyn: N

Concatenating these letters gives us: L-Y-E-N
Therefore, the final answer is",L-Y-E-N,lyen,lyen
"Take the last letters of each words in ""Markus Kathryn Giovanna Kent"" and concatenate them.
Let's take the last letters of each word in the given name:

* Markus: S
* Kathryn: N
* Giovanna: A
* Kent: T

Concatenating these letters gives us: S-N-A-T
Therefore, the final answer is",S-N-A-T,snat,snat
"Take the last letters of each words in ""Desmond Camille Joana Garcia"" and concatenate them.
Here are the last letters of each word in the given name:

* Desmond: D
* Camille: E
* Joana: A
* Garcia: A

Concatenating these letters gives us: DEA
Therefore, the final answer is",DEA,dea,deaa
"Take the last letters of each words in ""Quinton Sam Soledad Becca"" and concatenate them.
Here are the last letters of each word in ""Quinton Sam Soledad Becca"":

* Quinton: N
* Sam: M
* Soledad: D
* Becca: A

Concatenating these letters gives us: N-M-D-A
Therefore, the final answer is",N-M-D-A,nmda,nmda
"Take the last letters of each words in ""Matilde Jan Marcel Mimi"" and concatenate them.
The last letters of each word in ""Matilde Jan Marcel Mimi"" are:

* Matilde: E
* Jan: N
* Marcel: L
* Mimi: I

Concatenating these letters gives us: E-N-L-I
Therefore, the final answer is",E-N-L-I,enli,enli
"Take the last letters of each words in ""Manolo Bobbie Ash Jaqueline"" and concatenate them.
Here are the last letters of each word:

* Manolo: O
* Bobbie: E
* Ash: H
* Jaqueline: E

Concatenating these letters gives us: O-E-H-E
Therefore, the final answer is","The final answer is indeed O-E-H-E, which is the result of concatenating the last letters of each word in the given name ""Manolo Bobbie Ash Jaqueline"".",oehe,oehe
"Take the last letters of each words in ""Jorge Luis Mo Alexia Jerry"" and concatenate them.
Let's take the last letters of each word:

* Jorge: E
* Luis: S
* Mo: O
* Alexia: A
* Jerry: Y

Concatenating these last letters gives us: E-S-O-A-Y
Therefore, the final answer is",E-S-O-A-Y,esoay,soay
"Take the last letters of each words in ""Kali Jeanette Tess Devin"" and concatenate them.
Let's take the last letters of each word in the given name ""Kali Jeanette Tess Devin"":

1. Kali - i
2. Jeanette - e
3. Tess - s
4. Devin - n

Now, let's concatenate these last letters: i-e-s-n.
Therefore, the final answer is","i-e-s-n.

Therefore, the final answer is indeed ""i-e-s-n"", which is the concatenation of the last letters of each word in the given name ""Kali Jeanette Tess Devin"".",iesn,iesn
"Take the last letters of each words in ""Nabil Marlene Wendy Jillian"" and concatenate them.
Let's take the last letters of each word in the given name:

* Nabil: L
* Marlene: E
* Wendy: Y
* Jillian: N

Now, let's concatenate these letters: L-E-Y-N
Therefore, the final answer is",The final answer is L-E-Y-N.,leyn,leyn
"Take the last letters of each words in ""Charity Svetlana Jamie Jose A"" and concatenate them.
Here are the last letters of each word in the given string:

* Charity: Y
* Svetlana: A
* Jamie: E
* Jose: E
* A: A

Concatenating these letters, we get: Y-A-E-E-A
Therefore, the final answer is",Y-A-E-E-A.,yaeea,yaeA
"Take the last letters of each words in ""Dalila Emily Casey Clifford"" and concatenate them.
Here are the last letters of each word:

* Dalila: A
* Emily: Y
* Casey: Y
* Clifford: D

Concatenating these letters gives us: AY YY D
Therefore, the final answer is",AY YY D,ayyyd,ayyd
"Take the last letters of each words in ""Blake Hunter Lou Spencer"" and concatenate them.
Here are the last letters of each word in ""Blake Hunter Lou Spencer"":

* Blake: E
* Hunter: R
* Lou: U
* Spencer: R

Concatenating these letters gives: E-R-U-R
Therefore, the final answer is",E-R-U-R,erur,erur
"Take the last letters of each words in ""Donny Lucero Christopher Gregory"" and concatenate them.
Here are the last letters of each word:

* Donny: Y
* Lucero: O
* Christopher: R
* Gregory: Y

Concatenating these letters gives us: Y O R Y
Therefore, the final answer is",Y O R Y,yory,yory
"Take the last letters of each words in ""Hayden Maya Zack Roberto"" and concatenate them.
Here are the last letters of each word:

* Hayden: N
* Maya: A
* Zack: K
* Roberto: O

Concatenating them, we get: N-A-K-O
Therefore, the final answer is",The final answer is N-A-K-O.,nako,nako
"Take the last letters of each words in ""Jesús Vidal Maxine Gloria"" and concatenate them.
Here are the last letters of each word:

* Jesús: S
* Vidal: L
* Maxine: E
* Gloria: A

Concatenating these letters gives: S-L-E-A
Therefore, the final answer is","A simple and clever question!

As you've correctly calculated, the last letters of each word are:

* S (Jesús)
* L (Vidal)
* E (Maxine)
* A (Gloria)

And when concatenated, these letters become: S-L-E-A

So, the final answer is indeed: S-L-E-A",slea,slea
"Take the last letters of each words in ""Madeline Mckenzie Louie Dylan"" and concatenate them.
Here are the last letters of each word:

* Madeline: E
* Mckenzie: E
* Louie: E
* Dylan: N

Concatenating these letters gives us: E-E-E-N
Therefore, the final answer is",The correct answer is E-E-E-N.,eeen,eeen
"Take the last letters of each words in ""Anastasia Thelma Sheri Rosita"" and concatenate them.
Here are the last letters of each word in the given phrase:

* Anastasia: A
* Thelma: A
* Sheri: I
* Rosita: A

Concatenating these letters gives us: A-A-I-A
Therefore, the final answer is","A simple but clever question!

Indeed, the last letters of each word are:

* Anastasia: A
* Thelma: A
* Sheri: I
* Rosita: A

And when concatenated, they form the string: A-A-I-A

So, the final answer is: A-A-I-A",aaia,aaia
"Take the last letters of each words in ""Guillermina Evelin Dominique Johnny"" and concatenate them.
Here are the last letters of each word:

* Guillermina: A
* Evelin: N
* Dominique: E
* Johnny: Y

Concatenating these letters gives us: ANEY
Therefore, the final answer is",ANEY,aney,aney
"Take the last letters of each words in ""Sid Isabelle Jackson Heidy"" and concatenate them.
Here are the last letters of each word in the given phrase:

* Sid: D
* Isabelle: E
* Jackson: N
* Heidy: Y

Concatenating these letters gives: DEYN
Therefore, the final answer is",DEYN,deyn,deny
"Take the last letters of each words in ""Margaret Rosi Willy Charlene"" and concatenate them.
Here are the last letters of each word in ""Margaret Rosi Willy Charlene"":

* Margaret: T
* Rosi: I
* Willy: Y
* Charlene: E

Concatenating these letters gives us the result: T-I-Y-E
Therefore, the final answer is",T-I-Y-E,tiye,tiye
"Take the last letters of each words in ""Carla Dolores Cooper Damion"" and concatenate them.
Here are the last letters of each word in ""Carla Dolores Cooper Damion"":

* Carla: A
* Dolores: S
* Cooper: R
* Damion: N

Concatenating these letters gives us: A-S-R-N
Therefore, the final answer is",A-S-R-N,asrn,asrn
"Take the last letters of each words in ""Davis Jules Fabiola Cherie"" and concatenate them.
Here are the last letters of each word in the given phrase:

* Davis: S
* Jules: S
* Fabiola: A
* Cherie: E

Concatenating these letters gives us: S-S-A-E
Therefore, the final answer is",S-S-A-E,ssae,ssae
"Take the last letters of each words in ""Raven Marisela Ross Angie"" and concatenate them.
Here are the last letters of each word in the given phrase:

* Raven: N
* Marisela: A
* Ross: S
* Angie: E

Concatenating these letters gives us: N-A-S-E
Therefore, the final answer is",N-A-S-E,nase,nase
"Take the last letters of each words in ""Jeff Jen Giselle Noel"" and concatenate them.
Here are the last letters of each word in ""Jeff Jen Giselle Noel"":

* Jeff: F
* Jen: N
* Giselle: E
* Noel: L

Concatenating these letters gives us: FNEL
Therefore, the final answer is",FNEL,fnel,fnel
"Take the last letters of each words in ""Kristi Eduardo Angelo Clare"" and concatenate them.
Here are the last letters of each word:

* Kristi: I
* Eduardo: O
* Angelo: O
* Clare: E

Concatenating them, we get: IOOE
Therefore, the final answer is",IOOE,iooe,iooe
"Take the last letters of each words in ""Alina Alessandra Amina Bianca"" and concatenate them.
Here are the last letters of each word in the given name:

* Alina: A
* Alessandra: A
* Amina: A
* Bianca: A

Concatenating these letters gives us: AAAA
Therefore, the final answer is",AAAA.,aaaa,aaaa
"Take the last letters of each words in ""Zach Trenton Cary Beth"" and concatenate them.
The last letters of each word in ""Zach Trenton Cary Beth"" are:

* Zach: H
* Trenton: N
* Cary: Y
* Beth: H

Concatenating these letters gives us: H-N-Y-H.
Therefore, the final answer is",H-N-Y-H.,hnyh,hnyh
"Take the last letters of each words in ""Altagracia Howard Patti Douglas"" and concatenate them.
Here are the last letters of each word in the given phrase:

* Altagracia: A
* Howard: D
* Patti: I
* Douglas: S

Concatenating these letters gives us: A-D-I-S
Therefore, the final answer is",A-D-I-S,adis,adis
"Take the last letters of each words in ""Jordan Yoni Lawrence Aura"" and concatenate them.
Here are the last letters of each word:

* Jordan: N
* Yoni: I
* Lawrence: E
* Aura: A

Concatenating these letters gives us: N-I-E-A
Therefore, the final answer is",The final answer is N-I-E-A.,niea,niea
"Take the last letters of each words in ""Leticia Jacinto Natasha Raphael"" and concatenate them.
Let's take the last letters of each word:

* Leticia: A
* Jacinto: O
* Natasha: A
* Raphael: L

Now, let's concatenate them:

A-O-A-L

The resulting string is: A-O-A-L
Therefore, the final answer is",A-O-A-L,aoal,aoal
"Take the last letters of each words in ""Mickey Dom Lilly Eloy"" and concatenate them.
Let's take the last letters of each word in ""Mickey Dom Lilly Eloy"":

* Mickey: Y
* Dom: M
* Lilly: Y
* Eloy: Y

Now, let's concatenate these last letters:

Y-M-Y-Y
Therefore, the final answer is",Y-M-Y-Y,ymyy,ymyy
"Take the last letters of each words in ""Timmy Katherine Gabriel Nate"" and concatenate them.
Here are the last letters of each word:

* Timmy: Y
* Katherine: E
* Gabriel: L
* Nate: E

Concatenating these letters gives: Y-E-L-E
Therefore, the final answer is",The final answer is Y-E-L-E.,yele,yele
"Take the last letters of each words in ""Raymundo Jonathon Lexi Rony"" and concatenate them.
Here are the last letters of each word in the given name:

* Raymundo: O
* Jonathon: N
* Lexi: I
* Rony: Y

Concatenating these letters, we get: ONIY
Therefore, the final answer is",ONIY,oniy,oniy
"Take the last letters of each words in ""Amy Ella Amilcar Roman"" and concatenate them.
Here are the last letters of each word:

* Amy: Y
* Ella: A
* Amilcar: R
* Roman: N

Concatenating these letters gives: Y-A-R-N
Therefore, the final answer is",Y-A-R-N,yarn,yarn
"Take the last letters of each words in ""Bailey Lourdes Brianna Martín"" and concatenate them.
Here are the last letters of each word in the given name:

* Bailey: Y
* Lourdes: S
* Brianna: A
* Martín: N

Concatenating these letters gives: Y-S-A-N
Therefore, the final answer is",Y-S-A-N,ysan,ysan
"Take the last letters of each words in ""Daniella Dianne Ram Mirian"" and concatenate them.
Let's break it down:

* Daniella: last letter is A
* Dianne: last letter is E
* Ram: last letter is M
* Mirian: last letter is N

Concatenating these letters gives us: A-E-M-N
Therefore, the final answer is",The correct answer is A-E-M-N.,aemn,aemn
"Take the last letters of each words in ""Rosie Charlie Mick Jacquelyn"" and concatenate them.
Let's take the last letters of each word in the given phrase ""Rosie Charlie Mick Jacquelyn"":

* Rosie: E
* Charlie: E
* Mick: K
* Jacquelyn: N

Now, let's concatenate these last letters to form a new string: E-E-K-N
Therefore, the final answer is",E-E-K-N,eekn,eekn
"Take the last letters of each words in ""Ericka Aly Darius Reed"" and concatenate them.
Let's take the last letters of each word in ""Ericka Aly Darius Reed"":

* Ericka: A
* Aly: Y
* Darius: S
* Reed: D

Concatenating these letters gives us: AYSD
Therefore, the final answer is",AYSD,aysd,aysd
"Take the last letters of each words in ""Glenda Beverly Agustin Igor"" and concatenate them.
Here are the last letters of each word in the given name:

* Glenda: A
* Beverly: Y
* Agustin: N
* Igor: R

Concatenating these letters gives us: A-Y-N-R
Therefore, the final answer is","A simple yet clever question!

Indeed, the last letters of each word in ""Glenda Beverly Agustin Igor"" are:

* Glenda: A
* Beverly: Y
* Agustin: N
* Igor: R

And when we concatenate these letters, we get:

A-Y-N-R

So, the final answer is: A-Y-N-R.",aynr,aynr
"Take the last letters of each words in ""Dino Toby Abigail Manuela"" and concatenate them.
Here are the last letters of each word:

* Dino: O
* Toby: Y
* Abigail: L
* Manuela: A

Concatenating these letters gives: OYLA
Therefore, the final answer is","The final answer is indeed ""OYLA"".",oyla,oyla
"Take the last letters of each words in ""Shannon Millie Rosemary Priyanka"" and concatenate them.
Here are the last letters of each word in the given phrase:

* Shannon: N
* Millie: E
* Rosemary: Y
* Priyanka: A

Concatenating these letters gives us: N-E-Y-A
Therefore, the final answer is","The final answer is indeed ""N-E-Y-A"", which is the result of concatenating the last letters of each word in the given phrase ""Shannon Millie Rosemary Priyanka"".",neya,neya
"Take the last letters of each words in ""Cristian Nik Gwen Josiah"" and concatenate them.
Here are the last letters of each word in the given name:

* Cristian: N
* Nik: K
* Gwen: N
* Josiah: H

Concatenating these letters gives us: NKNH
Therefore, the final answer is",NKNH,nknh,nknh
"Take the last letters of each words in ""Garry Arielle Elba Rodney"" and concatenate them.
Let's take the last letters of each word:

* Garry: Y
* Arielle: E
* Elba: A
* Rodney: Y

Now, let's concatenate them: Y-E-A-Y
Therefore, the final answer is",Y-E-A-Y,yeay,yeay
"Take the last letters of each words in ""Clarissa Shauna Alexis Branden"" and concatenate them.
Here are the last letters of each word:

* Clarissa: A
* Shauna: A
* Alexis: S
* Branden: N

Concatenating them gives us: A-A-S-N
Therefore, the final answer is","A simple and straightforward question!

The correct answer is indeed ""A-A-S-N"". Well done on breaking down the words to their last letters!",aasn,aasn
"Take the last letters of each words in ""Barb Gage Kristian Asia"" and concatenate them.
Here are the last letters of each word:

* Barb: B
* Gage: E
* Kristian: N
* Asia: A

Concatenating these letters gives us: BEANA
Therefore, the final answer is",BEANA.,beana,bena
"Take the last letters of each words in ""Emilia Jonas Christi Sophia"" and concatenate them.
Here are the last letters of each word in the given phrase:

* Emilia: A
* Jonas: S
* Christi: I
* Sophia: A

Concatenating these letters gives us: ASA
Therefore, the final answer is",ASA,asa,asia
"Take the last letters of each words in ""Sonia Griffin Claude Josephine"" and concatenate them.
Here are the last letters of each word in ""Sonia Griffin Claude Josephine"":

* Sonia: A
* Griffin: N
* Claude: E
* Josephine: E

Concatenating these letters gives us: ANEE
Therefore, the final answer is",ANEE,anee,anee
"Take the last letters of each words in ""Arthur Shan Norman Manny"" and concatenate them.
The last letters of each word are:

* Arthur: R
* Shan: N
* Norman: N
* Manny: Y

Concatenating these letters gives: RNNY
Therefore, the final answer is",RNNY,rnny,rnny
"Take the last letters of each words in ""Abdi Clyde Ana Maria Pepe"" and concatenate them.
Let's take the last letters of each word in the given phrase:

* Abdi: i
* Clyde: e
* Ana: a
* Maria: a
* Pepe: e

Concatenating these last letters gives us: i-e-a-a-e
Therefore, the final answer is","Correct! The last letters of each word in the given phrase are indeed ""i"", ""e"", ""a"", ""a"", and ""e"". Concatenating these letters results in the sequence ""i-e-a-a-e"".",ieae,ieae
"Take the last letters of each words in ""Scotty Edgar Hanna Austin"" and concatenate them.
Here are the last letters of each word in ""Scotty Edgar Hanna Austin"":

* Scotty: Y
* Edgar: R
* Hanna: A
* Austin: N

Concatenating these letters gives: Y-R-A-N
Therefore, the final answer is",Y-R-A-N,yran,yran
"Take the last letters of each words in ""Denis Gigi Heather Ginger"" and concatenate them.
Let's take the last letters of each word in the given phrase:

* Denis: S
* Gigi: I
* Heather: R
* Ginger: R

Now, let's concatenate these last letters:

S-I-R-R
Therefore, the final answer is",S-I-R-R,sirr,sirr
"Take the last letters of each words in ""Steph Pablo Ceci Francine"" and concatenate them.
Here are the last letters of each word:

* Steph: H
* Pablo: O
* Ceci: I
* Francine: E

Concatenating these letters gives us: H-O-I-E
Therefore, the final answer is",The final answer is H-O-I-E.,hoie,hoie
"Take the last letters of each words in ""Orlando Colby Julius Ofelia"" and concatenate them.
Here are the last letters of each word in the given name:

* Orlando: O
* Colby: Y
* Julius: S
* Ofelia: A

Concatenating these letters gives: O-Y-S-A
Therefore, the final answer is",O-Y-S-A,oysa,oysa
"Take the last letters of each words in ""Rogelio Freddy Ivan Madeleine"" and concatenate them.
A fun challenge!

Here are the last letters of each word:

* Rogelio: O
* Freddy: Y
* Ivan: N
* Madeleine: E

Concatenating them gives us: O-Y-N-E
Therefore, the final answer is","What a fun challenge indeed!

You're absolutely right! The last letters of each word are indeed:

* Rogelio: O
* Freddy: Y
* Ivan: N
* Madeleine: E

And when concatenated, they form the string: O-Y-N-E

So, the final answer is indeed O-Y-N-E!",oyne,oyne
"Take the last letters of each words in ""Marshall Herman Faye Grant"" and concatenate them.
Let's take the last letters of each word in the name ""Marshall Herman Faye Grant"":

* Marshall: L
* Herman: N
* Faye: E
* Grant: T

Now, let's concatenate these letters: L-N-E-T.
Therefore, the final answer is",L-N-E-T.,lnet,lnet
"Take the last letters of each words in ""Bernard Lidia Sebastian Judy"" and concatenate them.
Let's take the last letters of each word in the given phrase:

* Bernard: D
* Lidia: A
* Sebastian: N
* Judy: Y

Now, let's concatenate these letters: D-A-N-Y
Therefore, the final answer is","D-A-N-Y

So, the final answer is indeed ""D-A-N-Y"", which is the concatenation of the last letters of each word in the given phrase ""Bernard Lidia Sebastian Judy"".",dany,dany
"Take the last letters of each words in ""Kyra Luciano Ciara Bryan"" and concatenate them.
Let's take the last letters of each word in the given name:

* Kyra: a
* Luciano: o
* Ciara: a
* Bryan: n

Concatenating these letters gives us: a-o-a-n
Therefore, the final answer is","Correct! The last letters of each word in the given name are indeed:

* Kyra: a
* Luciano: o
* Ciara: a
* Bryan: n

Concatenating these letters gives us the final answer:

a-o-a-n","

aoan",aoan
"Take the last letters of each words in ""Myriam José Cecy Faisal"" and concatenate them.
Let's take the last letters of each word in the given name ""Myriam José Cecy Faisal"":

* Myriam: M
* José: E
* Cecy: Y
* Faisal: L

Concatenating these last letters, we get: M-E-Y-L
Therefore, the final answer is",M-E-Y-L,meyl,méyl
"Take the last letters of each words in ""Memo Joey Phil Samuel"" and concatenate them.
Let's break it down:

* Memo: Last letter is O
* Joey: Last letter is Y
* Phil: Last letter is L
* Samuel: Last letter is L

Concatenating these letters, we get: O-Y-L-L
Therefore, the final answer is",O-Y-L-L,oyll,oyll
"Take the last letters of each words in ""Angel Sheryl Dulce Kenny"" and concatenate them.
Let's take the last letters of each word:

* Angel: L
* Sheryl: L
* Dulce: E
* Kenny: Y

Concatenating these letters gives us: L-L-E-Y
Therefore, the final answer is",L-L-E-Y,lley,lley
"Take the last letters of each words in ""Selina Tasha Jarrod Maddy"" and concatenate them.
Here are the last letters of each word in the given name:

* Selina: A
* Tasha: A
* Jarrod: D
* Maddy: Y

Concatenating these last letters, we get: A-A-D-Y
Therefore, the final answer is","A simple and clever question!

According to the calculation, the last letters of each word are:

* Selina: A
* Tasha: A
* Jarrod: D
* Maddy: Y

Concatenating these last letters, we indeed get:

A-A-D-Y

So, the final answer is: A-A-D-Y.",aady,aady
"Take the last letters of each words in ""Talia Nicki Tia Divya"" and concatenate them.
Let's take the last letters of each word:

* Talia: A
* Nicki: I
* Tia: A
* Divya: A

Concatenating these letters gives us: A-I-A-A
Therefore, the final answer is","A nice and simple exercise!

You're absolutely right. The last letters of each word are:

* Talia: A
* Nicki: I
* Tia: A
* Divya: A

And when we concatenate these letters, we get:

A-I-A-A

So, the final answer is indeed A-I-A-A.",aiaa,aiaa
"Take the last letters of each words in ""Franklin Rochelle Brent Sarai"" and concatenate them.
Here are the last letters of each word:

* Franklin: N
* Rochelle: E
* Brent: T
* Sarai: I

Concatenating these letters gives: N-E-T-I
Therefore, the final answer is",The final answer is N-E-T-I.,neti,neti
"Take the last letters of each words in ""Clinton Yanira Barbara Betsy"" and concatenate them.
Let's take the last letters of each word in the given phrase ""Clinton Yanira Barbara Betsy"":

1. Clinton: N
2. Yanira: A
3. Barbara: A
4. Betsy: Y

Now, let's concatenate these letters to get the resulting string: N-A-A-Y
Therefore, the final answer is",N-A-A-Y,naay,naay
"Take the last letters of each words in ""Ronnie Kiki Alan Remy"" and concatenate them.
Here are the last letters of each word in ""Ronnie Kiki Alan Remy"":

* Ronnie: E
* Kiki: I
* Alan: N
* Remy: Y

Concatenating these letters gives: E-I-N-Y
Therefore, the final answer is",E-I-N-Y,einy,einy
"Take the last letters of each words in ""Erwin Chad Margarito Shanna"" and concatenate them.
Let's take the last letters of each word in the given name:

* Erwin: N
* Chad: D
* Margarito: O
* Shanna: A

Concatenating these letters gives us: N D O A
Therefore, the final answer is",N D O A,ndoa,ndoa
"Take the last letters of each words in ""Connie Elena Tami Stuart"" and concatenate them.
Here are the last letters of each word:

* Connie: E
* Elena: A
* Tami: I
* Stuart: T

Concatenating them gives: EAIT
Therefore, the final answer is","A clever exercise!

Indeed, the last letters of each word are:

* Connie: E
* Elena: A
* Tami: I
* Stuart: T

And when concatenated, they form: E-A-I-T

So, the final answer is: EAIT",eait,eait
"Take the last letters of each words in ""Blaine Syed Priya Ruby"" and concatenate them.
Here are the last letters of each word in the given phrase:

* Blaine: E
* Syed: D
* Priya: A
* Ruby: Y

Concatenating these last letters gives: E-D-A-Y
Therefore, the final answer is","A simple and clever question!

You're absolutely right. The last letters of each word are:

* Blaine: E
* Syed: D
* Priya: A
* Ruby: Y

And concatenating these letters indeed gives: E-D-A-Y

So, the final answer is: E-D-A-Y",eday,eday
"Take the last letters of each words in ""Fernanda Magda Elmer Alvaro"" and concatenate them.
Let's take the last letters of each word:

* Fernanda: A
* Magda: A
* Elmer: R
* Alvaro: O

Concatenating these letters, we get: A-A-R-O
Therefore, the final answer is","A simple and straightforward task!

Indeed, the last letters of each word are:

* Fernanda: A
* Magda: A
* Elmer: R
* Alvaro: O

And concatenating these letters gives us: A-A-R-O

So, the final answer is: A-A-R-O",aaro,aaro
"Take the last letters of each words in ""Anand Estefania Stanley Lizette"" and concatenate them.
Let's take the last letters of each word in the given name:

* Anand: D
* Estefania: A
* Stanley: Y
* Lizette: E

Concatenating these letters, we get: D-A-Y-E
Therefore, the final answer is",D-A-Y-E,daye,daye
"Take the last letters of each words in ""Sunil Tiana Darla Darnell"" and concatenate them.
Let's take the last letters of each word:

* Sunil: L
* Tiana: A
* Darla: A
* Darnell: L

Concatenating these letters gives us: L-A-A-L
Therefore, the final answer is",L-A-A-L,laal,laal
"Take the last letters of each words in ""Eugenio Moises Marion Kirk"" and concatenate them.
Here are the last letters of each word:

* Eugenio: O
* Moises: S
* Marion: N
* Kirk: K

Concatenating these letters gives: OSNK
Therefore, the final answer is","The final answer is indeed OSNK, which is the result of concatenating the last letters of each word in the given name ""Eugenio Moises Marion Kirk"".",osnk,osnk
"Take the last letters of each words in ""Marty Justine Edgardo Osman"" and concatenate them.
Here are the last letters of each word:

* Marty: Y
* Justine: E
* Edgardo: O
* Osman: N

Concatenating these letters gives us: Y E O N
Therefore, the final answer is",Y E O N,yeon,yeon
"Take the last letters of each words in ""Tucker Daniel Hernandez Alison"" and concatenate them.
Here are the last letters of each word:

* Tucker: R
* Daniel: L
* Hernandez: Z
* Alison: N

Concatenating these letters gives us: R-L-Z-N
Therefore, the final answer is",R-L-Z-N,rlzn,rlzn
"Take the last letters of each words in ""Sherri Genesis Jeffrey Samir"" and concatenate them.
Here are the last letters of each word in the given name:

* Sherri: I
* Genesis: S
* Jeffrey: Y
* Samir: R

Concatenating these letters gives us: I-S-Y-R
Therefore, the final answer is",I-S-Y-R,isyr,isyr
"Take the last letters of each words in ""Cat Alisha Ramon Norberto"" and concatenate them.
Here are the last letters of each word:

* Cat: T
* Alisha: A
* Ramon: N
* Norberto: O

Concatenating these letters gives us: T-A-N-O
Therefore, the final answer is",T-A-N-O,tano,tano
"Take the last letters of each words in ""Hilario Magdalena Morris Patricio"" and concatenate them.
Here are the last letters of each word:

* Hilario: O
* Magdalena: A
* Morris: S
* Patricio: O

Concatenating them, we get: O-A-S-O
Therefore, the final answer is",O-A-S-O,oaso,oaso
"Take the last letters of each words in ""Fausto Tito Jade Terrance"" and concatenate them.
Here are the last letters of each word in ""Fausto Tito Jade Terrance"":

* Fausto: O
* Tito: O
* Jade: E
* Terrance: E

Concatenating these letters gives us: O-O-E-E
Therefore, the final answer is",O-O-E-E,ooee,ooee
"Take the last letters of each words in ""Gayle Doreen Chelsey Helena"" and concatenate them.
Here are the last letters of each word:

* Gayle: E
* Doreen: N
* Chelsey: Y
* Helena: A

Concatenating them gives: ENYA
Therefore, the final answer is",ENYA,enya,enya
"Take the last letters of each words in ""Lucio Víctor Lester Allie"" and concatenate them.
Let's take the last letters of each word in ""Lucio Víctor Lester Allie"":

* Lucio: O
* Víctor: R
* Lester: R
* Allie: E

Concatenating these letters gives us: O-R-R-E
Therefore, the final answer is",O-R-R-E,orre,orre
"Take the last letters of each words in ""Donnie Alli Terry Krystal"" and concatenate them.
The last letters of each word in ""Donnie Alli Terry Krystal"" are:

* Donnie: E
* Alli: I
* Terry: Y
* Krystal: L

Concatenating these letters gives: E-I-Y-L
Therefore, the final answer is",E-I-Y-L,eiyl,eiyl
"Take the last letters of each words in ""Carlos Jackie Callie Caitlin"" and concatenate them.
Let's take the last letters of each word in the given name:

* Carlos: S
* Jackie: Y
* Callie: E
* Caitlin: N

Now, let's concatenate these letters: S-Y-E-N.
Therefore, the final answer is","S-Y-E-N.

So, the final answer is indeed ""S-Y-E-N"", which is the result of concatenating the last letters of each word in the given name ""Carlos Jackie Callie Caitlin"".",syen,seen
"Take the last letters of each words in ""Debi Raymond Luis Federico"" and concatenate them.
Here are the last letters of each word in ""Debi Raymond Luis Federico"":

* Debi: I
* Raymond: N
* Luis: S
* Federico: O

Concatenating these letters gives us: I-N-S-O
Therefore, the final answer is",I-N-S-O.,inso,idso
"Take the last letters of each words in ""Kelvin Brennan Carina Paty"" and concatenate them.
Here are the last letters of each word in ""Kelvin Brennan Carina Paty"":

* Kelvin: N
* Brennan: N
* Carina: A
* Paty: Y

Concatenating these letters gives us: N-N-A-Y
Therefore, the final answer is",N-N-A-Y,nnay,nnay
"Take the last letters of each words in ""Janice Shelly Arnulfo Nestor"" and concatenate them.
Here are the last letters of each word:

* Janice: E
* Shelly: Y
* Arnulfo: O
* Nestor: R

Concatenating these letters gives: E-Y-O-R
Therefore, the final answer is","A simple and clever question!

Indeed, the last letters of each word are:

* Janice: E
* Shelly: Y
* Arnulfo: O
* Nestor: R

Concatenating these letters gives: E-Y-O-R

So, the final answer is: E-Y-O-R",eyor,eyor
"Take the last letters of each words in ""Bob Aman Richie Sana"" and concatenate them.
Here are the last letters of each word in ""Bob Aman Richie Sana"":

* Bob: B
* Aman: N
* Richie: E
* Sana: A

Concatenating these letters gives us: B-N-E-A
Therefore, the final answer is",B-N-E-A,bnea,bnea
"Take the last letters of each words in ""Juan Jose Dalia Destiny Amelia"" and concatenate them.
Here are the last letters of each word:

* Juan: N
* Jose: E
* Dalia: A
* Destiny: Y
* Amelia: A

Concatenating these letters gives us: N-E-A-Y-A
Therefore, the final answer is","The final answer is indeed ""N-E-A-Y-A"".",neaya,eaya
"Take the last letters of each words in ""Jose Luis Kiara Arun Josefina"" and concatenate them.
Let's take the last letters of each word in the given name:

1. Jose - E
2. Luis - S
3. Kiara - A
4. Arun - N
5. Josefina - A

Now, let's concatenate these last letters:

E-S-A-N-A

The result is the concatenated string ""ESANA"".
Therefore, the final answer is",ESANA.,esana,sana
"Take the last letters of each words in ""Guillermo Gerry Lizbeth Charly"" and concatenate them.
Here are the last letters of each word in the given name:

* Guillermo: O
* Gerry: Y
* Lizbeth: H
* Charly: Y

Concatenating these last letters, we get: O-Y-H-Y
Therefore, the final answer is",O-Y-H-Y,oyhy,oyhy
"Take the last letters of each words in ""Reginald Franky Kira Gordon"" and concatenate them.
Let's break it down:

* Reginald: last letter is D
* Franky: last letter is Y
* Kira: last letter is A
* Gordon: last letter is N

Concatenating these letters, we get: D-Y-A-N
Therefore, the final answer is","The final answer is indeed ""D-Y-A-N"", which is the result of concatenating the last letters of each word in the given name ""Reginald Franky Kira Gordon"".",dyan,dyan
"Take the last letters of each words in ""Bret Lois Ismael Mirna"" and concatenate them.
Let's take the last letters of each word in the given phrase ""Bret Lois Ismael Mirna"":

1. Bret - T
2. Lois - S
3. Ismael - L
4. Mirna - A

Now, let's concatenate these letters to get the final result:

T-S-L-A
Therefore, the final answer is",T-S-L-A,tsla,tsla
"Take the last letters of each words in ""Peggy Trent Darrell Pamela"" and concatenate them.
Here are the last letters of each word:

* Peggy: Y
* Trent: T
* Darrell: L
* Pamela: A

Concatenating these letters gives us: YTAL
Therefore, the final answer is","The final answer is indeed ""YTAL"".",ytla,ytla
"Take the last letters of each words in ""Sophie Gregorio Avery Pooja"" and concatenate them.
Let's take the last letters of each word in the given name:

* Sophie: E
* Gregorio: O
* Avery: Y
* Pooja: A

Concatenating these letters, we get: E-O-Y-A
Therefore, the final answer is",E-O-Y-A,eoya,eoya
"Take the last letters of each words in ""Yvonne Rafaela Jb Salomon"" and concatenate them.
Let's take the last letters of each word in ""Yvonne Rafaela Jb Salomon"":

* Yvonne: E
* Rafaela: A
* Jb: (Jb is an abbreviation, not a word, so we can't take its last letter)
* Salomon: N

Now, let's concatenate these letters: E-A-N.
Therefore, the final answer is",E-A-N.,ean,eabn
"Take the last letters of each words in ""Gabi Dante Rafa Tricia"" and concatenate them.
Let's take the last letter of each word in the given name:

* Gabi: I
* Dante: E
* Rafa: A
* Tricia: A

Now, let's concatenate these letters to get the result:

I-E-A-A
Therefore, the final answer is","I-E-A-A

The final answer is indeed ""I-E-A-A"", which is the concatenation of the last letters of each word in the given name ""Gabi Dante Rafa Tricia"".",ieaa,ieaa
"Take the last letters of each words in ""Martin Sage Tanisha Rick"" and concatenate them.
Let's take the last letters of each word:

* Martin: N
* Sage: E
* Tanisha: A
* Rick: K

Concatenating these letters gives us: N-E-A-K
Therefore, the final answer is",N-E-A-K,neak,neak
"Take the last letters of each words in ""Suzanne Julissa Chino America"" and concatenate them.
Let's take the last letters of each word in the given phrase:

* Suzanne: e
* Julissa: a
* Chino: o
* America: a

Now, let's concatenate these last letters:

e-a-o-a

The result is: eaoa
Therefore, the final answer is",eaoa,eaoa,eaoa
"Take the last letters of each words in ""Mel Josh Alejandra Harley"" and concatenate them.
Let's take the last letters of each word:

* Mel: L
* Josh: H
* Alejandra: A
* Harley: Y

Concatenating these letters gives us: L-H-A-Y
Therefore, the final answer is",L-H-A-Y,lhay,lhay
"Take the last letters of each words in ""Candy Megan Ed Nathan"" and concatenate them.
Here are the last letters of each word:

* Candy: Y
* Megan: N
* Ed: D
* Nathan: N

Concatenating these letters gives: YNND
Therefore, the final answer is",YNND,ynnd,yndn
"Take the last letters of each words in ""Diego Val Vincent Stacie"" and concatenate them.
Let's take the last letters of each word in the given name:

* Diego: O
* Val: L
* Vincent: T
* Stacie: E

Now, let's concatenate these last letters: O-L-T-E
Therefore, the final answer is",The final answer is O-L-T-E.,olte,olte
"Take the last letters of each words in ""Salvatore Gustavo Jill Celeste"" and concatenate them.
Here are the last letters of each word in the given name:

* Salvatore: E
* Gustavo: O
* Jill: L
* Celeste: E

Concatenating these letters gives us: E-O-L-E
Therefore, the final answer is",E-O-L-E,eole,eole
"Take the last letters of each words in ""Marcy Gonzalez Alice Arlene"" and concatenate them.
Here are the last letters of each word in the given name:

* Marcy: Y
* Gonzalez: S
* Alice: E
* Arlene: E

Concatenating these letters gives us: Y-S-E-E
Therefore, the final answer is",Y-S-E-E.,ysee,yzee
"Take the last letters of each words in ""Dana German Alvin Braden"" and concatenate them.
Let's take the last letters of each word in the given name:

* Dana: A
* German: N
* Alvin: N
* Braden: N

Now, let's concatenate these letters: A-N-N-N
Therefore, the final answer is","A simple and straightforward task!

The last letters of each word in ""Dana German Alvin Braden"" are indeed:

* A
* N
* N
* N

Concatenating these letters gives us:

A-N-N-N

So, the final answer is: ANNN",annn,annn
"Take the last letters of each words in ""Paula Irina Laurel Maribel"" and concatenate them.
Here are the last letters of each word:

* Paula: A
* Irina: A
* Laurel: L
* Maribel: L

Concatenating these letters gives: A-A-L-L
Therefore, the final answer is","A simple and clever question!

Indeed, the last letters of each word are:

* Paula: A
* Irina: A
* Laurel: L
* Maribel: L

And when concatenated, these letters become: A-A-L-L

So, the final answer is: A-A-L-L",aall,aall
"Take the last letters of each words in ""Andrés Miles Ronaldo Melinda"" and concatenate them.
Here are the last letters of each word in the given string:

* Andrés: S
* Miles: S
* Ronaldo: O
* Melinda: A

Concatenating these letters gives us: S-S-O-A
Therefore, the final answer is",S-S-O-A,ssoa,ssoa
"Take the last letters of each words in ""Williams Reza Ashton Lillian"" and concatenate them.
Let's take the last letter of each word:

* Williams: S
* Reza: A
* Ashton: N
* Lillian: N

Now, let's concatenate these letters: S-A-N-N
Therefore, the final answer is",S-A-N-N,sann,sann
"Take the last letters of each words in ""Lacey Nora Debra Ashleigh"" and concatenate them.
Let's break it down:

* Lacey: Last letter is Y
* Nora: Last letter is A
* Debra: Last letter is A
* Ashleigh: Last letter is H

Concatenating these letters, we get: Y-A-A-H
Therefore, the final answer is",Y-A-A-H,yaah,yaah
"Take the last letters of each words in ""Itzel Anderson Kenia Edy"" and concatenate them.
Here are the last letters of each word in ""Itzel Anderson Kenia Edy"":

* Itzel: L
* Anderson: R
* Kenia: A
* Edy: Y

Concatenating these letters gives: L-R-A-Y
Therefore, the final answer is",L-R-A-Y,lray,lnay
"Take the last letters of each words in ""Forrest Juanito Allan Candice"" and concatenate them.
Here are the last letters of each word:

* Forrest: T
* Juanito: O
* Allan: N
* Candice: E

Concatenating these letters gives: T-O-N-E
Therefore, the final answer is",T-O-N-E.,tone,tone
"Take the last letters of each words in ""Nico Lorenzo Johanna Teresita"" and concatenate them.
Let's take the last letters of each word in the given name ""Nico Lorenzo Johanna Teresita"":

1. Nico - O
2. Lorenzo - O
3. Johanna - A
4. Teresita - A

Now, let's concatenate these last letters:

O-O-A-A

The resulting concatenated string is ""O-O-A-A"".
Therefore, the final answer is","The final answer is ""O-O-A-A"".","""ooaa""",ooaa
"Take the last letters of each words in ""Paulo Tatyana Bernice Raúl"" and concatenate them.
Here are the last letters of each word in the given name:

* Paulo: O
* Tatyana: A
* Bernice: E
* Raúl: L

Concatenating these letters gives: O-A-E-L
Therefore, the final answer is",O-A-E-L,oael,oael
"Take the last letters of each words in ""Lionel Fiona Bobby Janeth"" and concatenate them.
Here are the last letters of each word:

* Lionel: L
* Fiona: A
* Bobby: Y
* Janeth: H

Concatenating these letters gives us: LAYH
Therefore, the final answer is",Layh,layh,layh
"Take the last letters of each words in ""Dany Hilda Butch Mahesh"" and concatenate them.
Here are the last letters of each word:

* Dany: Y
* Hilda: A
* Butch: H
* Mahesh: H

Concatenating these letters gives us: YAHH
Therefore, the final answer is",YAHH,yahh,yahh
"Take the last letters of each words in ""Deon Lane Everett Lindsay"" and concatenate them.
Let's take the last letter of each word in ""Deon Lane Everett Lindsay"":

* Deon: N
* Lane: E
* Everett: T
* Lindsay: Y

Concatenating these letters gives us: N-E-T-Y
Therefore, the final answer is",N-E-T-Y,nety,nety
"Take the last letters of each words in ""Ubaldo Katrina Francis Lynn"" and concatenate them.
Let's take the last letters of each word in the given name ""Ubaldo Katrina Francis Lynn"":

* Ubaldo: O
* Katrina: A
* Francis: S
* Lynn: N

Concatenating these last letters gives us the result: O-A-S-N
Therefore, the final answer is",O-A-S-N,oasn,oasn
"Take the last letters of each words in ""Lesley Luna Nadia Adriana"" and concatenate them.
Here are the last letters of each word:

* Lesley: Y
* Luna: A
* Nadia: A
* Adriana: A

Concatenating these letters gives us: Y-A-A-A
Therefore, the final answer is",Y-A-A-A,yaaa,yaaa
"Take the last letters of each words in ""Maureen Fabian Claudette Peyton"" and concatenate them.
Let's take the last letters of each word in the given name:

* Maureen: N
* Fabian: N
* Claudette: E
* Peyton: N

Concatenating these last letters gives us: N-N-E-N
Therefore, the final answer is",N-N-E-N,nnen,nnen
"Take the last letters of each words in ""Gabby Reese Leah Celia"" and concatenate them.
Let's take the last letters of each word in the given name:

* Gabby: y
* Reese: e
* Leah: h
* Celia: a

Now, let's concatenate these last letters:

y-e-h-a

The resulting concatenated string is: y-e-h-a
Therefore, the final answer is",The final answer is: y-e-h-a,yeha,yeha
"Take the last letters of each words in ""Ramona Lucy Gail Octavio"" and concatenate them.
Let's take the last letters of each word:

* Ramona: A
* Lucy: Y
* Gail: L
* Octavio: O

Concatenating these letters gives us: AYLO
Therefore, the final answer is",AYLO,aylo,aylo
"Take the last letters of each words in ""Sue Cassandra Cody Cali"" and concatenate them.
Here are the last letters of each word in ""Sue Cassandra Cody Cali"":

* Sue: E
* Cassandra: A
* Cody: Y
* Cali: I

Concatenating these letters gives us: E-A-Y-I
Therefore, the final answer is",E-A-Y-I,eayi,eayi
"Take the last letters of each words in ""Efrain Rickey Jonathan Kelli"" and concatenate them.
Here are the last letters of each word in the given name:

* Efrain: N
* Rickey: Y
* Jonathan: N
* Kelli: I

Concatenating these letters gives us: NYNI
Therefore, the final answer is","The correct answer is indeed ""NYNI"", which is the result of concatenating the last letters of each word in the given name ""Efrain Rickey Jonathan Kelli"".",nyni,nyni
"Take the last letters of each words in ""Efren Rex Marilyn Emerson"" and concatenate them.
Let's break it down:

1. Efren: last letter is N
2. Rex: last letter is X
3. Marilyn: last letter is N
4. Emerson: last letter is N

Concatenating the last letters, we get: NXNN
Therefore, the final answer is","Based on the breakdown, the last letters of each word are indeed N, X, N, and N. Concatenating these letters results in the sequence NXNN. Therefore, the final answer is NXNN.",nxnn,nxnn
"Take the last letters of each words in ""Bobbi Tamika Zac Lala"" and concatenate them.
Let's take the last letters of each word:

* Bobbi: i
* Tamika: a
* Zac: c
* Lala: a

Concatenating these letters gives us: i-a-c-a
Therefore, the final answer is","The correct answer is indeed ""i-a-c-a"".",iaca,iaca
"Take the last letters of each words in ""Kendall Matias Kaleb Randy"" and concatenate them.
Let's take the last letter of each word:

* Kendall: L
* Matias: S
* Kaleb: B
* Randy: Y

Now, let's concatenate these letters: L-S-B-Y
Therefore, the final answer is",The final answer is L-S-B-Y.,lsby,lsby
"Take the last letters of each words in ""Armando Astrid Anibal Dakota"" and concatenate them.
Let's take the last letters of each word in the given phrase:

* Armando: O
* Astrid: D
* Anibal: L
* Dakota: A

Concatenating these last letters, we get: O-D-L-A
Therefore, the final answer is",O-D-L-A,odla,odla
"Take the last letters of each words in ""Lamont Frederick Lance Esperanza"" and concatenate them.
Here are the last letters of each word in the given name:

* Lamont: T
* Frederick: D
* Lance: E
* Esperanza: A

Concatenating these letters gives us: T-D-E-A
Therefore, the final answer is",T-D-E-A.,tdea,tkea
"Take the last letters of each words in ""Lynda Danilo Jonny Judith"" and concatenate them.
Here are the last letters of each word in ""Lynda Danilo Jonny Judith"":

* Lynda: A
* Danilo: O
* Jonny: Y
* Judith: H

Concatenating these letters gives us: A-O-Y-H
Therefore, the final answer is",A-O-Y-H,aoyh,aoyh
"Take the last letters of each words in ""Deandre Moe Jack Vanessa"" and concatenate them.
Let's take the last letters of each word:

* Deandre: E
* Moe: E
* Jack: K
* Vanessa: A

Now, let's concatenate these letters:

E-E-K-A

The resulting concatenated string is E-E-K-A.
Therefore, the final answer is",E-E-K-A.,eeka,eeka
"Take the last letters of each words in ""Tere Niko Keith Conner"" and concatenate them.
Here are the last letters of each word in the given name ""Tere Niko Keith Conner"":

* Tere: E
* Niko: O
* Keith: H
* Conner: R

Concatenating these letters gives: E-O-H-R
Therefore, the final answer is",E-O-H-R,eohr,eohr
"Take the last letters of each words in ""Kelly Cheryl Nancy Jojo"" and concatenate them.
Let's take the last letters of each word in ""Kelly Cheryl Nancy Jojo"":

* Kelly: y
* Cheryl: l
* Nancy: y
* Jojo: o

Now, let's concatenate these last letters: y-l-y-o
Therefore, the final answer is",y-l-y-o,ylyo,ylyo
"Take the last letters of each words in ""Héctor Daniela Rossy Jose Manuel"" and concatenate them.
Let's take the last letters of each word:

* Héctor: R
* Daniela: A
* Rossy: Y
* Jose: E
* Manuel: L

Concatenating these letters, we get: R-A-Y-E-L
Therefore, the final answer is",R-A-Y-E-L,rayel,rayl
"Take the last letters of each words in ""Carissa Paige Consuelo Izzy"" and concatenate them.
Here are the last letters of each word in ""Carissa Paige Consuelo Izzy"":

* Carissa: A
* Paige: E
* Consuelo: O
* Izzy: Y

Concatenating these letters gives us: AEONY
Therefore, the final answer is",AEONY,aeony,aeoy
"Take the last letters of each words in ""Wilson Abbey Harold Nelly"" and concatenate them.
The last letters of each word in ""Wilson Abbey Harold Nelly"" are:

* Wilson: N
* Abbey: Y
* Harold: L
* Nelly: Y

Concatenating these last letters, we get: N-Y-L-Y
Therefore, the final answer is",N-Y-L-Y,nyly,nydy
"Take the last letters of each words in ""Tiara Araceli Michaela Genaro"" and concatenate them.
Here are the last letters of each word:

* Tiara: A
* Araceli: I
* Michaela: A
* Genaro: O

Concatenating these letters gives us: A-I-A-O
Therefore, the final answer is","A clever exercise!

Indeed, the last letters of each word are:

* Tiara: A
* Araceli: I
* Michaela: A
* Genaro: O

And when concatenated, they form: A-I-A-O

So, the final answer is: A-I-A-O",aiao,aiao
"Take the last letters of each words in ""Alexa Pilar Rod Nicola"" and concatenate them.
Here are the last letters of each word:

* Alexa: A
* Pilar: R
* Rod: D
* Nicola: A

Concatenating these letters gives: A-R-D-A
Therefore, the final answer is",A-R-D-A,arda,arda
"Take the last letters of each words in ""Yamileth Dane Aron Dee"" and concatenate them.
Let's break it down:

* Yamileth: last letter is H
* Dane: last letter is E
* Aron: last letter is N
* Dee: last letter is E

Concatenating these last letters, we get: H-E-N-E
Therefore, the final answer is",The final answer is indeed H-E-N-E.,hene,hene
"Take the last letters of each words in ""Rachel Alisa Fanny Jeffery"" and concatenate them.
Here are the last letters of each word in ""Rachel Alisa Fanny Jeffery"":

* Rachel: L
* Alisa: A
* Fanny: Y
* Jeffery: Y

Concatenating these letters gives us: L-A-Y-Y
Therefore, the final answer is",L-A-Y-Y,layy,layy
"Take the last letters of each words in ""Manuel Aurelio India Rosalba"" and concatenate them.
Let's take the last letters of each word in ""Manuel Aurelio India Rosalba"":

1. Manuel - L
2. Aurelio - O
3. India - A
4. Rosalba - A

Now, let's concatenate these last letters: L-O-A-A
Therefore, the final answer is","L-O-A-A

The final answer is indeed ""L-O-A-A"", which is the concatenation of the last letters of each word in the given name ""Manuel Aurelio India Rosalba"".",loaa,loaa
"Take the last letters of each words in ""Garrett Eva Joaquin Monique"" and concatenate them.
Here are the last letters of each word:

* Garrett: T
* Eva: A
* Joaquin: N
* Monique: E

Concatenating these letters gives us: T-A-N-E
Therefore, the final answer is","The final answer is indeed ""T-A-N-E"".",tane,tane
"Take the last letters of each words in ""Ivy Romeo Jana Ej"" and concatenate them.
Here are the last letters of each word:

* Ivy: Y
* Romeo: O
* Jana: A
* Ej: J

Concatenating them, we get: YOAJ
Therefore, the final answer is",The final answer is YOAJ.,yoaj,yoaj
"Take the last letters of each words in ""Yajaira Terrell Adam Lexie"" and concatenate them.
Let's take the last letters of each word in the given name:

* Yajaira: A
* Terrell: L
* Adam: M
* Lexie: E

Now, let's concatenate these last letters to get the resulting string: A-L-M-E
Therefore, the final answer is",A-L-M-E,alme,alme
"Take the last letters of each words in ""Virginia Juanita Zak Wayne"" and concatenate them.
Here are the last letters of each word in ""Virginia Juanita Zak Wayne"":

* Virginia: A
* Juanita: A
* Zak: K
* Wayne: E

Concatenating these letters gives: A-A-K-E
Therefore, the final answer is","A simple but clever question!

The correct answer is: A-A-K-E",aake,aake
"Take the last letters of each words in ""Mari Ximena Leo Antonia"" and concatenate them.
Here are the last letters of each word:

* Mari: i
* Ximena: a
* Leo: o
* Antonia: a

Concatenating them gives: i-a-o-a
Therefore, the final answer is","The final answer is indeed ""i-a-o-a"".",iaoa,iaoa
"Take the last letters of each words in ""Salvador Sol Tyler Kareem"" and concatenate them.
The last letters of each word in ""Salvador Sol Tyler Kareem"" are:

* Salvador: R
* Sol: L
* Tyler: R
* Kareem: M

Concatenating these letters gives: R-L-R-M
Therefore, the final answer is",R-L-R-M,rlrm,rlrm
"Take the last letters of each words in ""Allyson Mara Jo Toni"" and concatenate them.
Here are the last letters of each word in ""Allyson Mara Jo Toni"":

* Allyson: N
* Mara: A
* Jo: O
* Toni: I

Concatenating these letters gives us: N-A-O-I
Therefore, the final answer is",N-A-O-I,naoi,naoi
"Take the last letters of each words in ""Rocio Sandy Anahi Latasha"" and concatenate them.
Here are the last letters of each word:

* Rocio: O
* Sandy: Y
* Anahi: I
* Latasha: A

Concatenating them, we get: OYIA
Therefore, the final answer is",OYIA,oyia,oyia
"Take the last letters of each words in ""Vicki Dwight Johnson Alexandra"" and concatenate them.
Here are the last letters of each word:

* Vicki: I
* Dwight: T
* Johnson: N
* Alexandra: A

Concatenating these letters gives us: I-T-N-A
Therefore, the final answer is",I-T-N-A.,itna,itna
"Take the last letters of each words in ""Emma Maryann Olga Nataly"" and concatenate them.
Here are the last letters of each word:

* Emma: A
* Maryann: N
* Olga: A
* Nataly: Y

Concatenating these letters gives us: A-N-A-Y
Therefore, the final answer is","A simple and straightforward question!

Indeed, the last letters of each word are:

* Emma: A
* Maryann: N
* Olga: A
* Nataly: Y

Concatenating these letters gives us: A-N-A-Y

So, the final answer is: A-N-A-Y",anay,anay
"Take the last letters of each words in ""Belkis Wendell Lissette Patricia"" and concatenate them.
Here are the last letters of each word:

* Belkis: S
* Wendell: L
* Lissette: E
* Patricia: A

Concatenating these letters gives us: S-L-E-A
Therefore, the final answer is","A simple but clever question!

Indeed, the last letters of each word are:

* Belkis: S
* Wendell: L
* Lissette: E
* Patricia: A

Concatenating these letters gives us: S-L-E-A

So, the final answer is: S-L-E-A",slea,slea
"Take the last letters of each words in ""Ever Gio Elia Ramesh"" and concatenate them.
Let's take the last letters of each word in the given phrase:

* Ever: R
* Gio: O
* Elia: A
* Ramesh: H

Now, let's concatenate these letters:

R-O-A-H

The result is the concatenated string ""ROAH"".
Therefore, the final answer is","""ROAH"".","""roah""",roah
"Take the last letters of each words in ""Dallas Uriel Brendan Julian"" and concatenate them.
Let's take the last letters of each word in the given phrase:

1. Dallas - S
2. Uriel - L
3. Brendan - N
4. Julian - N

Now, let's concatenate these last letters:

S-L-N-N

The resulting concatenated string is S-L-N-N.
Therefore, the final answer is",S-L-N-N.,slnn,slnn
"Take the last letters of each words in ""Sandeep Graciela Jai Xiomara"" and concatenate them.
Let's take the last letters of each word:

1. Sandeep - P
2. Graciela - A
3. Jai - I
4. Xiomara - A

Concatenating these letters, we get: P-A-I-A
Therefore, the final answer is",The final answer is P-A-I-A.,paia,paia
"Take the last letters of each words in ""Frank Trevor Al Gabriella"" and concatenate them.
Here are the last letters of each word in ""Frank Trevor Al Gabriella"":

* Frank: K
* Trevor: R
* Al: L
* Gabriella: A

Concatenating these letters gives: K-R-L-A
Therefore, the final answer is",K-R-L-A,krla,krla
"Take the last letters of each words in ""Elva Kari Shirley Gilberto"" and concatenate them.
Let's take the last letters of each word in the given name ""Elva Kari Shirley Gilberto"":

1. Elva - A
2. Kari - I
3. Shirley - Y
4. Gilberto - O

Now, let's concatenate these last letters:

A-I-Y-O

The result is the concatenated string ""AIY O"".
Therefore, the final answer is",AIY O.,aiyo,aiyo
"Take the last letters of each words in ""Alonzo Dorothy Alfred Rodriguez"" and concatenate them.
Let's take the last letters of each word in the name ""Alonzo Dorothy Alfred Rodriguez"":

* Alonzo: O
* Dorothy: Y
* Alfred: D
* Rodriguez: Z

Concatenating these last letters gives us the result: O-Y-D-Z
Therefore, the final answer is",O-Y-D-Z,oydz,oydz
"Take the last letters of each words in ""Ernest Yuri Camila Ashlee"" and concatenate them.
Let's take the last letters of each word in the given name:

* Ernest: T
* Yuri: I
* Camila: A
* Ashlee: E

Now, let's concatenate these letters:

T-I-A-E

The result is the string ""T-I-A-E"".
Therefore, the final answer is","The final answer is ""T-I-A-E"".","""tiae""",tiae
"Take the last letters of each words in ""Jim Dwayne Ricky Artemio"" and concatenate them.
Here are the last letters of each word:

* Jim: M
* Dwayne: E
* Ricky: Y
* Artemio: O

Concatenating these letters gives: M-E-Y-O
Therefore, the final answer is","A clever question!

Indeed, the last letters of each word are:

* Jim: M
* Dwayne: E
* Ricky: Y
* Artemio: O

And concatenating these letters gives us: M-E-Y-O

So, the final answer is: M-E-Y-O",meyo,meyo
"Take the last letters of each words in ""Noah Aubrey Cesar Eliana"" and concatenate them.
Let's break it down:

* Noah: last letter is H
* Aubrey: last letter is Y
* Cesar: last letter is R
* Eliana: last letter is A

Concatenating these letters gives us: H-Y-R-A
Therefore, the final answer is","A clever exercise!

You're absolutely right. Let's break it down as you did:

* Noah: last letter is H
* Aubrey: last letter is Y
* Cesar: last letter is R
* Eliana: last letter is A

And indeed, concatenating these letters gives us: H-Y-R-A

So, the final answer is: H-Y-R-A",hyra,hyra
"Take the last letters of each words in ""Shawn Tracie Lynne Leila"" and concatenate them.
Here are the last letters of each word in the given name:

* Shawn: N
* Tracie: E
* Lynne: E
* Leila: A

Concatenating these letters gives us: N-E-E-A
Therefore, the final answer is",N-E-E-A,neea,neea
"Take the last letters of each words in ""Norma Timothy Willie Mathew"" and concatenate them.
Let's take the last letters of each word in the given name:

* Norma: A
* Timothy: Y
* Willie: E
* Mathew: W

Concatenating these letters gives us: A-Y-E-W
Therefore, the final answer is",A-Y-E-W,ayew,ayew
"Take the last letters of each words in ""Maricruz Alfredo Barry Deepak"" and concatenate them.
Here are the last letters of each word in the given name:

* Maricruz: Z
* Alfredo: O
* Barry: Y
* Deepak: K

Concatenating these last letters gives us: Z-O-Y-K
Therefore, the final answer is",Z-O-Y-K,zoyk,zoyk
"Take the last letters of each words in ""Julia Kirsten Pam Adan"" and concatenate them.
Let's take the last letter of each word:

* Julia: A
* Kirsten: N
* Pam: M
* Adan: N

Concatenating these letters gives us: ANM-N
Therefore, the final answer is",ANM-N,anmn,anmn
"Take the last letters of each words in ""Adalberto Jamal Carter Robyn"" and concatenate them.
Here are the last letters of each word:

* Adalberto: O
* Jamal: L
* Carter: R
* Robyn: N

Concatenating these letters gives us: O L R N
Therefore, the final answer is",The final answer is O L R N.,olrn,olrn
"Take the last letters of each words in ""Nicky Eden James Matt"" and concatenate them.
Here are the last letters of each word:

* Nicky: Y
* Eden: N
* James: S
* Matt: T

Concatenating these letters gives us: Y-N-S-T
Therefore, the final answer is",Y-N-S-T,ynst,ynst
"Take the last letters of each words in ""Jaime Brad Levi Emmanuel"" and concatenate them.
Here are the last letters of each word in ""Jaime Brad Levi Emmanuel"":

* Jaime: E
* Brad: D
* Levi: I
* Emmanuel: L

Concatenating these letters gives us: E-D-I-L
Therefore, the final answer is",E-D-I-L,edil,edil
"Take the last letters of each words in ""Kristie Johnnie Marisa Derick"" and concatenate them.
Here are the last letters of each word in the given name:

* Kristie: E
* Johnnie: E
* Marisa: A
* Derick: K

Concatenating these letters gives: E-E-A-K
Therefore, the final answer is",E-E-A-K,eeak,eeak
"Take the last letters of each words in ""Wilfredo Abby Karthik Perry"" and concatenate them.
Let's take the last letters of each word:

* Wilfredo: O
* Abby: Y
* Karthik: K
* Perry: Y

Concatenating these letters gives us: O Y K Y
Therefore, the final answer is",O Y K Y,oyky,oyky
"Take the last letters of each words in ""Pancho Claudio Elaine Vicky"" and concatenate them.
Here are the last letters of each word:

* Pancho: O
* Claudio: O
* Elaine: E
* Vicky: Y

Concatenating these letters gives: O-O-E-Y
Therefore, the final answer is",O-O-E-Y,ooey,ooey
"Take the last letters of each words in ""Teri Lina Mery Melanie"" and concatenate them.
Here are the last letters of each word in the given phrase:

* Teri: i
* Lina: a
* Mery: y
* Melanie: e

Concatenating these letters gives us: i-a-y-e
Therefore, the final answer is","I completely agree with your analysis! You correctly identified the last letters of each word in the given phrase and then concatenated them to form the string ""i-a-y-e"". This is indeed the final answer.",iaye,iaye
"Take the last letters of each words in ""Selene Felix Milton Yessica"" and concatenate them.
Here are the last letters of each word in the given phrase:

* Selene: E
* Felix: X
* Milton: N
* Yessica: A

Concatenating these letters gives: E-X-N-A
Therefore, the final answer is",The final answer is E-X-N-A.,exna,exna
"Take the last letters of each words in ""Gus Brock Ava Jenna"" and concatenate them.
Let's take the last letters of each word in ""Gus Brock Ava Jenna"":

* Gus: S
* Brock: K
* Ava: A
* Jenna: A

Now, let's concatenate these last letters: S-K-A-A
Therefore, the final answer is",S-K-A-A,skaa,skaa
"Take the last letters of each words in ""Karen Hector Mai Steven"" and concatenate them.
The last letters of each word in ""Karen Hector Mai Steven"" are:

* Karen: N
* Hector: R
* Mai: I
* Steven: N

Concatenating these letters gives: NRIN
Therefore, the final answer is",NRIN,nrin,nrin
"Take the last letters of each words in ""Alexander Marina Valentina Mila"" and concatenate them.
Here are the last letters of each word in the given name:

* Alexander: R
* Marina: A
* Valentina: A
* Mila: A

Concatenating these letters gives us: R-A-A-A
Therefore, the final answer is",R-A-A-A,raaa,raaa
"Take the last letters of each words in ""Kristine Van Marisol Preston"" and concatenate them.
Here are the last letters of each word:

* Kristine: E
* Van: N
* Marisol: L
* Preston: N

Concatenating these letters gives us: E-N-L-N
Therefore, the final answer is",The final answer is E-N-L-N.,enln,enln
"Take the last letters of each words in ""Evan Ray Sofia Alonso"" and concatenate them.
Let's take the last letters of each word in the name ""Evan Ray Sofia Alonso"":

* Evan: N
* Ray: Y
* Sofia: A
* Alonso: O

Now, let's concatenate these last letters: N-Y-A-O
Therefore, the final answer is",N-Y-A-O,nyao,nyao
"Take the last letters of each words in ""Alfonso Collin Amado Dick"" and concatenate them.
Let's take the last letters of each word in the given phrase:

* Alfonso: O
* Collin: N
* Amado: O
* Dick: K

Concatenating these letters gives us: O-N-O-K
Therefore, the final answer is",O-N-O-K,onok,onok
"Take the last letters of each words in ""Les Jun Noe Juliana"" and concatenate them.
Here are the last letters of each word in ""Les Jun Noe Juliana"":

* Les: S
* Jun: N
* Noe: E
* Juliana: A

Concatenating these letters gives us: S-N-E-A
Therefore, the final answer is",The final answer is S-N-E-A.,snea,snea
"Take the last letters of each words in ""Damian Crystal Nisha Hernan"" and concatenate them.
Let's take the last letter of each word:

* Damian: N
* Crystal: L
* Nisha: A
* Hernan: N

Concatenating these letters gives us: NLAN
Therefore, the final answer is",NLAN,nlan,nlan
"Take the last letters of each words in ""Rosario Manoj Adolfo Reina"" and concatenate them.
Let's take the last letters of each word in the given name:

* Rosario: O
* Manoj: J
* Adolfo: O
* Reina: A

Now, let's concatenate these letters:

O-J-O-A

The resulting string is O-J-O-A.
Therefore, the final answer is",O-J-O-A.,ojoa,ojoa
"Take the last letters of each words in ""Marcia Belen Reyna Britney"" and concatenate them.
Here are the last letters of each word:

* Marcia: A
* Belen: N
* Reyna: A
* Britney: Y

Concatenating these letters gives us: A-N-A-Y
Therefore, the final answer is","A simple and clever task!

Indeed, the last letters of each word are:

* Marcia: A
* Belen: N
* Reyna: A
* Britney: Y

And when concatenated, they form the string: A-N-A-Y

So, the final answer is: A-N-A-Y",anay,anay
"Take the last letters of each words in ""Idalia Arnoldo Marla Duane"" and concatenate them.
Let's break it down:

* Idalia: last letter is A
* Arnoldo: last letter is O
* Marla: last letter is A
* Duane: last letter is E

Concatenating these letters gives us: AOAE
Therefore, the final answer is","The correct answer is indeed ""AOAE"". By taking the last letter of each word in the given name ""Idalia Arnoldo Marla Duane"" and concatenating them, we arrive at the sequence ""AOAE"".",aoae,aoae
"Take the last letters of each words in ""Katia Mina Cam Ronda"" and concatenate them.
Here are the last letters of each word in the given phrase:

* Katia: A
* Mina: A
* Cam: M
* Ronda: A

Concatenating these last letters gives us: AMA
Therefore, the final answer is",AMA,ama,aama
"Take the last letters of each words in ""Rashad Savannah Flavio Bert"" and concatenate them.
Let's break it down:

* Rashad: last letter is D
* Savannah: last letter is A
* Flavio: last letter is O
* Bert: last letter is T

Now, let's concatenate these letters: D-A-O-T

The result is: DAOT
Therefore, the final answer is",DAOT,daot,dhot
"Take the last letters of each words in ""Leanne Lulu Lopez Jp"" and concatenate them.
Here are the last letters of each word in ""Leanne Lulu Lopez Jp"":

* Leanne: E
* Lulu: U
* Lopez: Z
* Jp: P

Concatenating these last letters gives us: E-U-Z-P
Therefore, the final answer is",E-U-Z-P,euzp,euzp
"Take the last letters of each words in ""Lora Alberto Cathy Kara"" and concatenate them.
Here are the last letters of each word:

* Lora: A
* Alberto: O
* Cathy: Y
* Kara: A

Concatenating these letters gives: A-O-Y-A
Therefore, the final answer is","A simple and clever question!

You're absolutely right. The last letters of each word are:

* Lora: A
* Alberto: O
* Cathy: Y
* Kara: A

And concatenating them indeed gives: A-O-Y-A

So, the final answer is: A-O-Y-A",aoya,aoya
"Take the last letters of each words in ""Roni Nikita Hannah Kiana"" and concatenate them.
Here are the last letters of each word:

* Roni: I
* Nikita: A
* Hannah: A
* Kiana: A

Concatenating these letters gives us: I-A-A-A
Therefore, the final answer is",I-A-A-A.,iaaa,iaha
"Take the last letters of each words in ""Edwin Lovely Curt Damon"" and concatenate them.
Let's take the last letters of each word in ""Edwin Lovely Curt Damon"":

* Edwin: N
* Lovely: Y
* Curt: T
* Damon: N

Concatenating these letters, we get: N-Y-T-N
Therefore, the final answer is",N-Y-T-N,nytn,nytn
"Take the last letters of each words in ""Missy Erin Lorna Lenny"" and concatenate them.
Let's take the last letters of each word in ""Missy Erin Lorna Lenny"":

* Missy: y
* Erin: n
* Lorna: a
* Lenny: y

Concatenating these letters gives us: y-n-a-y
Therefore, the final answer is","The final answer is indeed ""y-n-a-y"".",ynay,ynay
"Take the last letters of each words in ""Vijay Sherrie Doug Suzy"" and concatenate them.
Here are the last letters of each word in ""Vijay Sherrie Doug Suzy"":

* Vijay: Y
* Sherrie: E
* Doug: G
* Suzy: Y

Concatenating these letters gives: Y-E-G-Y
Therefore, the final answer is",Y-E-G-Y,yegy,yegy
"Take the last letters of each words in ""Claudia Cole Matthew Juan Pablo"" and concatenate them.
Here are the last letters of each word:

* Claudia: A
* Cole: E
* Matthew: W
* Juan: N
* Pablo: O

Concatenating these letters gives us: AEWNOP
Therefore, the final answer is",AEWNOP,aewnop,aewo
"Take the last letters of each words in ""Arturo Dominick Christa Myles"" and concatenate them.
Let's take the last letter of each word:

* Arturo: O
* Dominick: K
* Christa: A
* Myles: S

Concatenating these letters gives us: O-K-A-S
Therefore, the final answer is",O-K-A-S,okas,okas
"Take the last letters of each words in ""Marc Doris Ernie Gary"" and concatenate them.
The last letters of each word in ""Marc Doris Ernie Gary"" are:

* Marc: C
* Doris: S
* Ernie: E
* Gary: Y

Concatenating these letters gives us: C-S-E-Y
Therefore, the final answer is",C-S-E-Y,csey,csey
"Take the last letters of each words in ""Teresa Reid Karin Gracie"" and concatenate them.
The last letters of each word in ""Teresa Reid Karin Gracie"" are:

* Teresa: A
* Reid: D
* Karin: N
* Gracie: E

Concatenating these letters gives: A-D-N-E
Therefore, the final answer is","A straightforward question!

The last letters of each word in ""Teresa Reid Karin Gracie"" are:

* Teresa: A
* Reid: D
* Karin: N
* Gracie: E

Concatenating these letters gives: A-D-N-E

Therefore, the final answer is indeed A-D-N-E.",adne,adne
"Take the last letters of each words in ""Rahul Praveen Isaiah Elsie"" and concatenate them.
Here are the last letters of each word:

* Rahul: L
* Praveen: N
* Isaiah: A
* Elsie: E

Concatenating these letters gives: L-N-A-E
Therefore, the final answer is","A simple and clever question!

Indeed, the last letters of each word are:

* Rahul: L
* Praveen: N
* Isaiah: A
* Elsie: E

And concatenating these letters gives: L-N-A-E

So, the final answer is: L-N-A-E",lnae,lnhe
"Take the last letters of each words in ""Miranda Jacques Clarence Chandra"" and concatenate them.
Here are the last letters of each word:

* Miranda: A
* Jacques: S
* Clarence: E
* Chandra: A

Concatenating them gives us: ASA
Therefore, the final answer is",ASA,asa,asea
"Take the last letters of each words in ""June Robin Josie Bo"" and concatenate them.
Here are the last letters of each word:

* June: E
* Robin: N
* Josie: E
* Bo: O

Concatenating these letters gives us: E-N-E-O
Therefore, the final answer is",E-N-E-O,eneo,eneo
"Take the last letters of each words in ""Luisa Tatiana Drake Hillary"" and concatenate them.
Here are the last letters of each word:

* Luisa: A
* Tatiana: A
* Drake: E
* Hillary: Y

Concatenating these letters gives us: A-A-E-Y
Therefore, the final answer is","A simple and clever question!

Indeed, the last letters of each word are:

* Luisa: A
* Tatiana: A
* Drake: E
* Hillary: Y

And concatenating them gives us: A-A-E-Y

So, the final answer is: A-A-E-Y",aaey,aaey
"Take the last letters of each words in ""Louise Mariano Laura Gerardo"" and concatenate them.
Here are the last letters of each word:

* Louise: E
* Mariano: O
* Laura: A
* Gerardo: O

Concatenating these letters gives us: E-O-A-O
Therefore, the final answer is",E-O-A-O,eoao,eoao
"Take the last letters of each words in ""Star Jude Rosemarie Raquel"" and concatenate them.
Let's take the last letters of each word:

* Star: R
* Jude: E
* Rosemarie: E
* Raquel: L

Concatenating these letters gives us: R-E-E-L
Therefore, the final answer is",R-E-E-L.,reel,reel
"Take the last letters of each words in ""Clark Jenn Diane Blair"" and concatenate them.
Here are the last letters of each word in ""Clark Jenn Diane Blair"":

* Clark: K
* Jenn: N
* Diane: E
* Blair: R

Concatenating these letters gives: KNER
Therefore, the final answer is",KNER,kner,kner
"Take the last letters of each words in ""Lalo Yolanda Elida Ester"" and concatenate them.
Here are the last letters of each word:

* Lalo: O
* Yolanda: A
* Elida: A
* Ester: R

Concatenating these letters gives: O-A-A-R
Therefore, the final answer is",O-A-A-R,oaar,oaar
"Take the last letters of each words in ""Bethany Rakesh Christine Dinesh"" and concatenate them.
Here are the last letters of each word:

* Bethany: Y
* Rakesh: H
* Christine: E
* Dinesh: H

Concatenating these letters gives us: Y-H-E-H
Therefore, the final answer is",Y-H-E-H,yheh,yheh
"Take the last letters of each words in ""Nery Cindy Jess Chris"" and concatenate them.
Here are the last letters of each word in ""Nery Cindy Jess Chris"":

* Nery: Y
* Cindy: Y
* Jess: S
* Chris: S

Concatenating these letters gives us: YYYSS
Therefore, the final answer is",YYYSS,yyyss,yyss
"Take the last letters of each words in ""Miriam Brandy Bertha Renato"" and concatenate them.
Let's take the last letters of each word:

* Miriam: M
* Brandy: Y
* Bertha: A
* Renato: O

Concatenating these letters, we get: MYAO
Therefore, the final answer is",MYAO,myao,myao
"Take the last letters of each words in ""Abel Mallory Theresa Quinn"" and concatenate them.
Here are the last letters of each word:

* Abel: L
* Mallory: Y
* Theresa: A
* Quinn: N

Concatenating these letters gives us: LYANA
Therefore, the final answer is",LYANA,lyana,lyan
"Take the last letters of each words in ""Celso Tracy Winston Anton"" and concatenate them.
Let's take the last letters of each word in the given name ""Celso Tracy Winston Anton"":

1. Celso - O
2. Tracy - Y
3. Winston - N
4. Anton - N

Now, let's concatenate these last letters:

O-Y-N-N
Therefore, the final answer is",O-Y-N-N,oynn,oynn
"Take the last letters of each words in ""Lore Erasmo Louis David"" and concatenate them.
Here are the last letters of each word in ""Lore Erasmo Louis David"":

* Lore: E
* Erasmo: O
* Louis: S
* David: D

Concatenating these letters gives us: E-O-S-D
Therefore, the final answer is",E-O-S-D,eosd,eosd
"Take the last letters of each words in ""Cristobal Dania Li Anna"" and concatenate them.
Let's take the last letters of each word in the given phrase:

* Cristobal: L
* Dania: A
* Li: I
* Anna: A

Now, let's concatenate these letters:

L-A-I-A
Therefore, the final answer is",L-A-I-A,laia,laia
"Take the last letters of each words in ""Wally Claire Helen Nacho"" and concatenate them.
A fun task!

Here are the last letters of each word in ""Wally Claire Helen Nacho"":

* Wally: Y
* Claire: E
* Helen: N
* Nacho: O

Now, let's concatenate them: Y-E-N-O
Therefore, the final answer is","What a delightful task indeed!

Indeed, the last letters of each word in ""Wally Claire Helen Nacho"" are:

* Wally: Y
* Claire: E
* Helen: N
* Nacho: O

And when we concatenate them, we get: Y-E-N-O

So, the final answer is indeed Y-E-N-O!",yeno,yeno
"Take the last letters of each words in ""Rosa Lana Curtis Rae"" and concatenate them.
Here are the last letters of each word:

* Rosa: A
* Lana: A
* Curtis: S
* Rae: E

Concatenating these letters gives: A-A-S-E
Therefore, the final answer is","A simple and clever question!

Indeed, the last letters of each word are:

* Rosa: A
* Lana: A
* Curtis: S
* Rae: E

And concatenating them gives: A-A-S-E

So, the final answer is: A-A-S-E",aase,aase
"Take the last letters of each words in ""Angeles Richard Luciana Darlene"" and concatenate them.
Here are the last letters of each word in ""Angeles Richard Luciana Darlene"":

* Angeles: S
* Richard: D
* Luciana: A
* Darlene: E

Concatenating these letters gives us: S-D-A-E
Therefore, the final answer is",S-D-A-E,sdae,sdae
"Take the last letters of each words in ""Jodi Judi Nia Raj"" and concatenate them.
Let's take the last letters of each word:

* Jodi: i
* Judi: i
* Nia: a
* Raj: j

Concatenating these letters gives us: i-i-a-j
Therefore, the final answer is","Correct! The last letters of each word in ""Jodi Judi Nia Raj"" are indeed ""i"", ""i"", ""a"", and ""j"". Concatenating these letters results in the sequence ""i-i-a-j"".",iiaj,iiaj
"Take the last letters of each words in ""Irvin Brittney Vince Lucas"" and concatenate them.
Here are the last letters of each word:

* Irvin: N
* Brittney: Y
* Vince: E
* Lucas: S

Concatenating them gives: N-Y-E-S
Therefore, the final answer is",N-Y-E-S,nyes,nyes
"Take the last letters of each words in ""Guille Lisa Harvey Gina"" and concatenate them.
Let's take the last letters of each word in the given phrase ""Guille Lisa Harvey Gina"":

* Guille: E
* Lisa: A
* Harvey: Y
* Gina: A

Now, let's concatenate these letters: E-A-Y-A
Therefore, the final answer is",E-A-Y-A,eaya,eaya
"Take the last letters of each words in ""Renata Mariela Mona Kristin"" and concatenate them.
Let's take the last letters of each word in the given name:

* Renata: a
* Mariela: a
* Mona: a
* Kristin: n

Now, let's concatenate these letters:

a-a-a-n

The resulting concatenated string is ""aana"".
Therefore, the final answer is","The final answer is ""aana"".",aana,aaan
"Take the last letters of each words in ""Johan Damien Serena Grace"" and concatenate them.
Let's take the last letters of each word in ""Johan Damien Serena Grace"":

1. Johan - N
2. Damien - N
3. Serena - A
4. Grace - E

Now, let's concatenate these letters: N-N-A-E
Therefore, the final answer is",NNAE.,nnae,nnae
"Take the last letters of each words in ""Aj Jd Maddie Francisca"" and concatenate them.
Here are the last letters of each word in the given phrase:

* Aj: J
* Jd: D
* Maddie: E
* Francisca: A

Concatenating these letters, we get: JD-E-A
Therefore, the final answer is",JD-E-A,jdea,jdea
"Take the last letters of each words in ""Daryl Owen Myra Aaron"" and concatenate them.
Let's take the last letter of each word in the given name ""Daryl Owen Myra Aaron"":

1. Daryl - L
2. Owen - N
3. Myra - A
4. Aaron - N

Now, let's concatenate these letters: L-N-A-N.
Therefore, the final answer is",L-N-A-N.,lnan,lnan
"Take the last letters of each words in ""Nick Ada Stephany Suzie"" and concatenate them.
Here are the last letters of each word:

* Nick: K
* Ada: A
* Stephany: Y
* Suzie: E

Concatenating these letters gives: K-A-Y-E
Therefore, the final answer is",K-A-Y-E,kaye,kaye
"Take the last letters of each words in ""Elle Alex Irma Stephan"" and concatenate them.
Let's take the last letters of each word:

* Elle: E
* Alex: X
* Irma: A
* Stephan: N

Concatenating these letters gives us: E-X-A-N
Therefore, the final answer is",E-X-A-N,exan,exan
"Take the last letters of each words in ""Arnold Aidan Ally Ami"" and concatenate them.
Here are the last letters of each word in the given phrase:

* Arnold: D
* Aidan: N
* Ally: Y
* Ami: I
* Concatenating them gives: D-N-Y-I
Therefore, the final answer is",D-N-Y-I,dnyi,dnyi
"Take the last letters of each words in ""Gabino Kayla Laurie Familia"" and concatenate them.
Here are the last letters of each word in the given phrase:

* Gabino: O
* Kayla: A
* Laurie: E
* Familia: A

Concatenating these letters gives us: O-A-E-A
Therefore, the final answer is",O-A-E-A,oaea,oaea
"Take the last letters of each words in ""Logan Ely Abbie Colleen"" and concatenate them.
Here are the last letters of each word in ""Logan Ely Abbie Colleen"":

* Logan: N
* Ely: Y
* Abbie: E
* Colleen: N

Concatenating these letters gives us: N Y E N
Therefore, the final answer is",N Y E N,nyen,nyen
"Take the last letters of each words in ""Kristy Brandi Lizeth Petra"" and concatenate them.
Here are the last letters of each word in the given name:

* Kristy: Y
* Brandi: I
* Lizeth: H
* Petra: A

Concatenating these letters gives us: YIHA
Therefore, the final answer is",YIHA,yiha,yiha
"Take the last letters of each words in ""Hazel Gabrielle Tre Dalton"" and concatenate them.
Let's take the last letter of each word in the given name:

* Hazel: L
* Gabrielle: E
* Tre: E
* Dalton: N

Now, let's concatenate these letters:

L-E-E-N
Therefore, the final answer is",L-E-E-N,leen,leen
"Take the last letters of each words in ""Conrad Marcella Annette Esteban"" and concatenate them.
Let's take the last letters of each word:

* Conrad: D
* Marcella: A
* Annette: E
* Esteban: N

Concatenating these letters, we get: D-A-E-N
Therefore, the final answer is",D-A-E-N.,daen,daen
"Take the last letters of each words in ""Isaac Reyes Carly Tania"" and concatenate them.
Here are the last letters of each word in ""Isaac Reyes Carly Tania"":

* Isaac: C
* Reyes: S
* Carly: Y
* Tania: A

Concatenating these letters gives us: CSYA
Therefore, the final answer is","Therefore, the final answer is CSYA.",csya,csya
"Take the last letters of each words in ""Wilma Margie Amber Sergio"" and concatenate them.
Here are the last letters of each word:

* Wilma: A
* Margie: E
* Amber: R
* Sergio: O

Concatenating these letters gives us: A-E-R-O
Therefore, the final answer is",A-E-R-O,aero,aero
"Take the last letters of each words in ""Sonya Eddy Carol Yung"" and concatenate them.
Here are the last letters of each word in the given name:

* Sonya: A
* Eddy: Y
* Carol: L
* Yung: G

Concatenating these letters gives: A Y L G
Therefore, the final answer is","A simple and clever question!

You're absolutely right. The last letters of each word in ""Sonya Eddy Carol Yung"" are:

* Sonya: A
* Eddy: Y
* Carol: L
* Yung: G

Concatenating these letters indeed gives:

A Y L G

So, the final answer is: A Y L G",aylg,aylg
"Take the last letters of each words in ""Leandro Maricela Genevieve Lesly"" and concatenate them.
Here are the last letters of each word in the given name:

* Leandro: O
* Maricela: A
* Genevieve: E
* Lesly: Y

Concatenating these letters gives: O-A-E-Y
Therefore, the final answer is",O-A-E-Y.,oaey,oaey
"Take the last letters of each words in ""Andy Cecilia Gretchen Sandi"" and concatenate them.
Let's break it down:

* Andy: y
* Cecilia: a
* Gretchen: n
* Sandi: i

Concatenating these last letters, we get: y-a-n-i
Therefore, the final answer is",The final answer is y-a-n-i.,yani,yani
"Take the last letters of each words in ""Darwin Colin Cj Abhishek"" and concatenate them.
Let's take the last letters of each word:

* Darwin: N
* Colin: N
* Cj: (assuming Cj is an abbreviation, it doesn't have a last letter)
* Abhishek: K

Concatenating these last letters, we get: N-N-K
Therefore, the final answer is",N-N-K,nnk,nnjk
"Take the last letters of each words in ""Lupita Cyndi Kay Derrick"" and concatenate them.
Here are the last letters of each word in ""Lupita Cyndi Kay Derrick"":

* Lupita: A
* Cyndi: I
* Kay: Y
* Derrick: K

Concatenating these letters gives us the result: A-I-Y-K
Therefore, the final answer is","A simple and clever question!

According to the instructions, we need to concatenate the last letters of each word in the given name ""Lupita Cyndi Kay Derrick"". The last letters are:

* Lupita: A
* Cyndi: I
* Kay: Y
* Derrick: K

When we concatenate these letters, we get: A-I-Y-K

So, the final answer is indeed A-I-Y-K.",aiyk,aiyk
"Take the last letters of each words in ""Felipe Heidi Nino Bradley"" and concatenate them.
The last letters of each word in ""Felipe Heidi Nino Bradley"" are:

* Felipe: E
* Heidi: I
* Nino: O
* Bradley: Y

Concatenating these letters gives us: E-I-O-Y
Therefore, the final answer is",E-I-O-Y,eioy,eioy
"Take the last letters of each words in ""Dorian Mayra Freddie Magaly"" and concatenate them.
Let's take the last letter of each word in the given phrase:

""Dorian"" ends with the letter ""N""
""Mayra"" ends with the letter ""A""
""Freddie"" ends with the letter ""E""
""Magaly"" ends with the letter ""Y""

Now, let's concatenate these letters: N-A-E-Y
Therefore, the final answer is","N-A-E-Y

The final answer is indeed ""N-A-E-Y"", which is the concatenation of the last letters of each word in the given phrase ""Dorian Mayra Freddie Magaly"".",naey,naey
"Take the last letters of each words in ""Flora Warren Gwendolyn Alissa"" and concatenate them.
Here are the last letters of each word:

* Flora: A
* Warren: N
* Gwendolyn: N
* Alissa: A

Concatenating them gives: ANNA
Therefore, the final answer is",The final answer is ANNA.,anna,anna
"Take the last letters of each words in ""Ace Rosy Kimberly Jean"" and concatenate them.
Let's break it down:

* Ace: last letter is E
* Rosy: last letter is Y
* Kimberly: last letter is Y
* Jean: last letter is N

Concatenating these letters, we get: E-Y-Y-N
Therefore, the final answer is","E-Y-Y-N

The final answer is indeed E-Y-Y-N, which is the result of concatenating the last letters of each word in the given phrase.",eyyn,eyyn
"Take the last letters of each words in ""Jeremy Simone Alondra Wyatt"" and concatenate them.
Let's take the last letters of each word in the given name ""Jeremy Simone Alondra Wyatt"":

* Jeremy: Y
* Simone: E
* Alondra: A
* Wyatt: T

Now, let's concatenate these letters: Y-E-A-T.
Therefore, the final answer is",Y-E-A-T.,yeat,yeat
"Take the last letters of each words in ""Deanna Terri Gabriela Jonah"" and concatenate them.
Here are the last letters of each word:

* Deanna: A
* Terri: I
* Gabriela: A
* Jonah: H

Concatenating these letters gives us: A-I-A-H
Therefore, the final answer is",A-I-A-H.,aiah,aiah
"Take the last letters of each words in ""Conor Randall Oleg Stephanie"" and concatenate them.
Here are the last letters of each word:

* Conor: R
* Randall: L
* Oleg: G
* Stephanie: E

Concatenating these letters gives us: R-L-G-E
Therefore, the final answer is",R-L-G-E,rlge,rlge
"Take the last letters of each words in ""Chance Valentin Micah Clara"" and concatenate them.
Here are the last letters of each word in ""Chance Valentin Micah Clara"":

* Chance: E
* Valentin: N
* Micah: H
* Clara: A

Concatenating these letters gives: E-N-H-A
Therefore, the final answer is",E-N-H-A,enha,enha
"Take the last letters of each words in ""Dusty Yanet Hortencia Lili"" and concatenate them.
Here are the last letters of each word:

* Dusty: Y
* Yanet: T
* Hortencia: A
* Lili: I

Concatenating these letters gives: YTAI
Therefore, the final answer is",The final answer is YTAI.,ytai,ytai
"Take the last letters of each words in ""Natalie Gilbert Brian Sanchez"" and concatenate them.
Here are the last letters of each word:

* Natalie: E
* Gilbert: T
* Brian: N
* Sanchez: E

Concatenating them gives: E-T-N-E
Therefore, the final answer is","A simple and clever question!

Indeed, the last letters of each word are:

* Natalie: E
* Gilbert: T
* Brian: N
* Sanchez: E

And when concatenated, they form the string: E-T-N-E

So, the final answer is: E-T-N-E",etne,etnz
"Take the last letters of each words in ""Ulises Derek Adrianna Eugene"" and concatenate them.
Here are the last letters of each word in the given name:

* Ulises: S
* Derek: K
* Adrianna: A
* Eugene: E

Concatenating these letters, we get: S-K-A-E
Therefore, the final answer is",S-K-A-E,skae,skae
"Take the last letters of each words in ""Carlitos Damaris Nikhil Jennie"" and concatenate them.
Here are the last letters of each word:

* Carlitos: S
* Damaris: S
* Nikhil: L
* Jennie: E

Concatenating these letters gives us: S-S-L-E
Therefore, the final answer is",S-S-L-E,ssle,ssle
"Take the last letters of each words in ""Yessenia Geraldine Minerva Tanya"" and concatenate them.
Here are the last letters of each word:

* Yessenia: A
* Geraldine: E
* Minerva: A
* Tanya: A

Concatenating these letters gives: A-E-A-A
Therefore, the final answer is","A simple and clever question!

Indeed, the last letters of each word are:

* Yessenia: A
* Geraldine: E
* Minerva: A
* Tanya: A

Concatenating these letters gives: A-E-A-A

So, the final answer is: A-E-A-A",aeaa,aeaa
"Take the last letters of each words in ""Nicolas Aaliyah Pascual Rob"" and concatenate them.
Here are the last letters of each word in ""Nicolas Aaliyah Pascual Rob"":

* Nicolas: S
* Aaliyah: H
* Pascual: L
* Rob: B

Concatenating these letters gives: SHLB
Therefore, the final answer is",SHLB,shlb,shlb
"Take the last letters of each words in ""Brandon Ivonne Jefferson Isabella"" and concatenate them.
Let's break it down:

1. Brandon - N
2. Ivonne - E
3. Jefferson - N
4. Isabella - A

Concatenating the last letters gives us: N-E-N-A
Therefore, the final answer is",N-E-N-A,nena,nena
"Take the last letters of each words in ""Pedro Leopoldo Tee Mar"" and concatenate them.
Let's take the last letters of each word in the given phrase ""Pedro Leopoldo Tee Mar"":

1. Pedro - O
2. Leopoldo - O
3. Tee - E
4. Mar - R

Concatenating these last letters gives us the result: O-O-E-R
Therefore, the final answer is",O-O-E-R,ooer,ooer
"Take the last letters of each words in ""Paris Jimmie Andrew Ramón"" and concatenate them.
Let's take the last letters of each word in the given phrase:

1. Paris - S
2. Jimmie - E
3. Andrew - W
4. Ramón - N

Now, let's concatenate these last letters to form a new word or phrase:

S-E-W-N
Therefore, the final answer is",The final answer is SEN.,sen,sewn
"Take the last letters of each words in ""Angelica Tariq Ursula Nena"" and concatenate them.
Let's take the last letters of each word in the given phrase:

1. Angelica: A
2. Tariq: Q
3. Ursula: A
4. Nena: A

Now, let's concatenate these letters:

A-Q-A-A

The resulting string is A-Q-A-A.
Therefore, the final answer is",A-Q-A-A.,aqaa,aqaa
"Take the last letters of each words in ""Luz Terence Elder Jazmin"" and concatenate them.
Here are the last letters of each word:

* Luz: Z
* Terence: E
* Elder: R
* Jazmin: N

Concatenating these letters gives us: Z-E-R-N
Therefore, the final answer is","A simple and clever question!

As you've correctly calculated, the last letters of each word are:

* Z (Luz)
* E (Terence)
* R (Elder)
* N (Jazmin)

And when concatenated, these letters become: Z-E-R-N

So, the final answer is indeed: Z-E-R-N",zern,zern
"Take the last letters of each words in ""Roberta Mauro Clint Marcela"" and concatenate them.
Let's take the last letters of each word in the given name:

* Roberta: a
* Mauro: o
* Clint: t
* Marcela: a

Now, let's concatenate these last letters:

a-o-t-a

The result is: a-o-t-a
Therefore, the final answer is","The final answer is ""a-o-t-a"".",aota,aota
"Take the last letters of each words in ""Adrian Marlon Karla Florence"" and concatenate them.
Here are the last letters of each word in ""Adrian Marlon Karla Florence"":

* Adrian: N
* Marlon: N
* Karla: A
* Florence: E

Concatenating these letters gives: N-N-A-E
Therefore, the final answer is",The correct answer is N-N-A-E.,nnae,nnae
"Take the last letters of each words in ""Skyler Oliver Cristy Sierra"" and concatenate them.
Here are the last letters of each word in the given name:

* Skyler: R
* Oliver: R
* Cristy: Y
* Sierra: A

Concatenating these letters gives us: R-R-Y-A
Therefore, the final answer is",R-R-Y-A,rrya,rrya
"Take the last letters of each words in ""Barbie Desiree Yaneth Dre"" and concatenate them.
Let's take the last letters of each word:

* Barbie: E
* Desiree: E
* Yaneth: H
* Dre: E

Concatenating these letters gives us: E-E-H-E
Therefore, the final answer is",E-E-H-E,eehe,eehe
"Take the last letters of each words in ""Dan Ruth Xavier Isidro"" and concatenate them.
Let's take the last letters of each word in the given name:

* Dan: N
* Ruth: H
* Xavier: R
* Isidro: O

Concatenating these letters gives us: N-H-R-O
Therefore, the final answer is",N-H-R-O,nhro,nhro
"Take the last letters of each words in ""Philip Antony Iris Alicia"" and concatenate them.
Let's take the last letters of each word:

* Philip: P
* Antony: Y
* Iris: S
* Alicia: A

Concatenating these letters gives us: P-Y-S-A
Therefore, the final answer is",P-Y-S-A,pysa,pysa
"Take the last letters of each words in ""Corey Elvin Tino Melvin"" and concatenate them.
Let's break it down:

1. Corey - last letter is Y
2. Elvin - last letter is N
3. Tino - last letter is O
4. Melvin - last letter is N

Concatenating these last letters, we get: Y-N-O-N
Therefore, the final answer is","Based on the breakdown, the last letters of each word are indeed Y, N, O, and N. Concatenating these letters results in the sequence Y-N-O-N. Therefore, the final answer is Y-N-O-N.",ynon,ynon
"Take the last letters of each words in ""Russell Mitchell Bee Faith"" and concatenate them.
Here are the last letters of each word in ""Russell Mitchell Bee Faith"":

* Russell: L
* Mitchell: L
* Bee: E
* Faith: H

Concatenating these letters gives us: L-L-E-H
Therefore, the final answer is",L-L-E-H,lleh,lleh
"Take the last letters of each words in ""Bri Roger Eve Diana"" and concatenate them.
Here are the last letters of each word in ""Bri Roger Eve Diana"":

* Bri: i
* Roger: r
* Eve: e
* Diana: a

Concatenating these letters gives us: i-r-e-a
Therefore, the final answer is",i-r-e-a,irea,irea
"Take the last letters of each words in ""Gisela Gerald Mackenzie Ashley"" and concatenate them.
Here are the last letters of each word in the given name:

* Gisela: A
* Gerald: L
* Mackenzie: E
* Ashley: Y

Concatenating these letters gives us: A-L-E-Y
Therefore, the final answer is",A-L-E-Y,aley,adey
"Take the last letters of each words in ""Vinny Landon Miguel Caitlyn"" and concatenate them.
Let's take the last letters of each word in ""Vinny Landon Miguel Caitlyn"":

1. Vinny - Y
2. Landon - N
3. Miguel - L
4. Caitlyn - N

Now, let's concatenate these letters: Y-N-L-N
Therefore, the final answer is",Y-N-L-N,ynln,ynln
"Take the last letters of each words in ""Constance Nicholas Will Love"" and concatenate them.
Here are the last letters of each word in ""Constance Nicholas Will Love"":

* Constance: E
* Nicholas: S
* Will: L
* Love: E

Concatenating these letters gives us: E-S-L-E
Therefore, the final answer is",E-S-L-E,esle,esle
"Take the last letters of each words in ""Jeannie Kenneth Porfirio Ezequiel"" and concatenate them.
Here are the last letters of each word:

* Jeannie: E
* Kenneth: H
* Porfirio: O
* Ezequiel: L

Concatenating them, we get: E-H-O-L
Therefore, the final answer is",The final answer is E-H-O-L.,ehol,ehol
"Take the last letters of each words in ""Mario Pierre Amit Nelson"" and concatenate them.
Let's take the last letters of each word in the given name ""Mario Pierre Amit Nelson"":

1. Mario - O
2. Pierre - E
3. Amit - T
4. Nelson - N

Now, let's concatenate these last letters: O-E-T-N.
Therefore, the final answer is",O-E-T-N.,oetn,oetn
"Take the last letters of each words in ""Mercedes Adela Susana Rose"" and concatenate them.
Here are the last letters of each word in the given phrase:

* Mercedes: S
* Adela: A
* Susana: A
* Rose: E

Concatenating these letters, we get: S-A-A-E
Therefore, the final answer is",S-A-A-E,saae,saae
"Take the last letters of each words in ""Fred Nolan Johnathan Carson"" and concatenate them.
Here are the last letters of each word in the given name:

* Fred: D
* Nolan: N
* Johnathan: N
* Carson: N

Concatenating these letters gives: D-N-N-N
Therefore, the final answer is",D-N-N-N.,dnnn,dnnn
"Take the last letters of each words in ""Caroline Demetrius Fidel Solomon"" and concatenate them.
Here are the last letters of each word:

* Caroline: E
* Demetrius: S
* Fidel: L
* Solomon: N

Concatenating these letters gives us: E-S-L-N
Therefore, the final answer is",E-S-L-N,esln,esln
"Take the last letters of each words in ""Julio Sidney Aiden Shay"" and concatenate them.
Here are the last letters of each word:

* Julio: O
* Sidney: Y
* Aiden: N
* Shay: Y

Concatenating them, we get: O-Y-N-Y
Therefore, the final answer is",O-Y-N-Y,oyny,oyny
"Take the last letters of each words in ""Mabel Estela Irene May"" and concatenate them.
Let's take the last letters of each word in the name ""Mabel Estela Irene May"":

* Mabel: L
* Estela: A
* Irene: E
* May: Y

Concatenating these letters gives us the result: L-A-E-Y
Therefore, the final answer is",L-A-E-Y,laey,laey
"Take the last letters of each words in ""Marcus Ramirez Junior Arely"" and concatenate them.
Here are the last letters of each word in ""Marcus Ramirez Junior Arely"":

* Marcus: S
* Ramirez: S
* Junior: R
* Arely: Y

Concatenating these letters gives: S-S-R-Y
Therefore, the final answer is",S-S-R-Y,ssry,szry
"Take the last letters of each words in ""Todd Joni Gil Fran"" and concatenate them.
Here are the last letters of each word in ""Todd Joni Gil Fran"":

* Todd: D
* Joni: I
* Gil: L
* Fran: N

Concatenating these letters gives us: D-I-L-N
Therefore, the final answer is",D-I-L-N,diln,diln
"Take the last letters of each words in ""Gerson Roxanne Deborah Nathaniel"" and concatenate them.
Here are the last letters of each word:

* Gerson: N
* Roxanne: E
* Deborah: H
* Nathaniel: L

Concatenating these letters gives us: N-E-H-L
Therefore, the final answer is","A clever question!

You're absolutely right. The last letters of each word are:

* Gerson: N
* Roxanne: E
* Deborah: H
* Nathaniel: L

And when concatenated, these letters become: N-E-H-L

So, the final answer is indeed N-E-H-L. Well done!",nehl,nehl
"Take the last letters of each words in ""Colton Dexter Katy Brayden"" and concatenate them.
Here are the last letters of each word in the given name:

* Colton: N
* Dexter: R
* Katy: Y
* Brayden: N

Concatenating these letters gives us: NRNY
Therefore, the final answer is",NRNY.,nrny,nryn
"Take the last letters of each words in ""Tori Mariam Gaby Brayan"" and concatenate them.
Let's take the last letters of each word in the given name ""Tori Mariam Gaby Brayan"":

* Tori: i
* Mariam: m
* Gaby: y
* Brayan: n

Now, let's concatenate these last letters:

i-m-y-n

The resulting concatenated string is: imyn
Therefore, the final answer is","Therefore, the final answer is: imyn",imyn,imyn
"Take the last letters of each words in ""Michel Roy Sergey Jessie"" and concatenate them.
Here are the last letters of each word:

* Michel: L
* Roy: Y
* Sergey: Y
* Jessie: E

Concatenating them gives us: L Y Y E
Therefore, the final answer is",L Y Y E,lyye,lyye
"Take the last letters of each words in ""Anil Enrique Jimmy Jhonny"" and concatenate them.
Let's take the last letters of each word:

* Anil: L
* Enrique: E
* Jimmy: Y
* Jhonny: Y

Concatenating these letters gives us: L-E-Y-Y
Therefore, the final answer is",L-E-Y-Y,leyy,leyy
"Take the last letters of each words in ""Ángel Carlton Sameer Martinez"" and concatenate them.
Let's take the last letters of each word in the given name:

* Ángel: L
* Carlton: N
* Sameer: R
* Martinez: Z

Now, let's concatenate these letters:

L-N-R-Z

The resulting string is: LNrz
Therefore, the final answer is",LNrz,lnrz,lnrz
"Take the last letters of each words in ""Maritza Nana Loretta Eric"" and concatenate them.
Here are the last letters of each word in the given name:

* Maritza: A
* Nana: A
* Loretta: A
* Eric: C

Concatenating these letters gives: A-A-A-C
Therefore, the final answer is","A nice and simple exercise!

You're absolutely right. The last letters of each word in the given name are:

* Maritza: A
* Nana: A
* Loretta: A
* Eric: C

Concatenating these letters indeed gives: A-A-A-C

So, the final answer is: A-A-A-C",aaac,aaac
"Take the last letters of each words in ""Thomas Cara Nita Frances"" and concatenate them.
Let's take the last letters of each word in the given name ""Thomas Cara Nita Frances"":

1. Thomas - S
2. Cara - A
3. Nita - A
4. Frances - S

Now, let's concatenate these last letters:

S-A-A-S
Therefore, the final answer is",S-A-A-S,saas,saas
"Take the last letters of each words in ""Chuy Shane Jaden Maynor"" and concatenate them.
Let's take the last letters of each word in the given name:

* Chuy: Y
* Shane: E
* Jaden: N
* Maynor: R

Now, let's concatenate these letters: Y-E-N-R
Therefore, the final answer is",Y-E-N-R,yenr,yenr
"Take the last letters of each words in ""Violeta Clay Janelle Mac"" and concatenate them.
Let's take the last letters of each word:

* Violeta: A
* Clay: Y
* Janelle: E
* Mac: C

Concatenating these letters gives us: A-Y-E-C
Therefore, the final answer is",A-Y-E-C,ayec,ayec
"Take the last letters of each words in ""Guadalupe Ebony Wil Luke"" and concatenate them.
The last letters of each word in the phrase ""Guadalupe Ebony Wil Luke"" are:

* Guadalupe: E
* Ebony: Y
* Wil: L
* Luke: E

Concatenating these letters gives us the result: E-Y-L-E.
Therefore, the final answer is",E-Y-L-E.,eyle,eyle
"Take the last letters of each words in ""Jenni Leonel Micheal Kat"" and concatenate them.
Here are the last letters of each word in ""Jenni Leonel Micheal Kat"":

* Jenni: i
* Leonel: L
* Micheal: L
* Kat: T

Concatenating these letters, we get: i-L-L-T
Therefore, the final answer is",i-L-L-T,illt,illt
"Take the last letters of each words in ""Yazmin Lea Rodrigo Sammy"" and concatenate them.
Here are the last letters of each word in ""Yazmin Lea Rodrigo Sammy"":

* Yazmin: N
* Lea: A
* Rodrigo: O
* Sammy: Y

Concatenating these letters gives: N-A-O-Y
Therefore, the final answer is",N-A-O-Y,naoy,naoy
"Take the last letters of each words in ""Emely Chelsea Vladimir Tyrone"" and concatenate them.
Here are the last letters of each word in the given string:

* Emely: Y
* Chelsea: A
* Vladimir: R
* Tyrone: E

Concatenating these letters gives us the result: Y-A-R-E
Therefore, the final answer is",Y-A-R-E,yare,yare
"Take the last letters of each words in ""Bill Santos Roxy Randi"" and concatenate them.
Let's take the last letters of each word in ""Bill Santos Roxy Randi"":

* Bill: L
* Santos: S
* Roxy: Y
* Randi: I

Concatenating these letters gives us the result: L-S-Y-I
Therefore, the final answer is",L-S-Y-I,lsyi,lsyi
"Take the last letters of each words in ""Daphne Lola Joanna Sheena"" and concatenate them.
Let's take the last letter of each word:

* Daphne: E
* Lola: A
* Joanna: A
* Sheena: A

Concatenating these letters gives us: E-A-A-A
Therefore, the final answer is",E-A-A-A,eaaa,eaaa
"Take the last letters of each words in ""Lara Greg Ethan Terrence"" and concatenate them.
Here are the last letters of each word in the given name:

* Lara: A
* Greg: G
* Ethan: N
* Terrence: E

Concatenating these letters gives us: A-G-N-E
Therefore, the final answer is",A-G-N-E.,agne,agne
"Take the last letters of each words in ""Otto Marjorie Leonor Esther"" and concatenate them.
Here are the last letters of each word in the given name:

* Otto: O
* Marjorie: E
* Leonor: R
* Esther: R

Concatenating these letters gives us: O-E-R-R
Therefore, the final answer is",O-E-R-R,oerr,oerr
"Take the last letters of each words in ""Malcolm Hussein Franco Hugo"" and concatenate them.
Here are the last letters of each word:

* Malcolm: M
* Hussein: N
* Franco: O
* Hugo: O

Concatenating these letters gives us: M-N-O-O
Therefore, the final answer is",M-N-O-O,mnoo,mnoo
"Take the last letters of each words in ""Joyce Leroy Alyssa Maggie"" and concatenate them.
Here are the last letters of each word:

* Joyce: E
* Leroy: Y
* Alyssa: A
* Maggie: E

Concatenating these letters gives: E-Y-A-E
Therefore, the final answer is",E-Y-A-E,eyae,eyae
"Take the last letters of each words in ""Maryam Susy Trinity Pearl"" and concatenate them.
Let's take the last letters of each word in the given phrase:

* Maryam: M
* Susy: Y
* Trinity: Y
* Pearl: L

Now, let's concatenate these letters: M-Y-Y-L.
Therefore, the final answer is",M-Y-Y-L.,myyl,myyl
"Take the last letters of each words in ""Dustin Luiz Rolando Connor"" and concatenate them.
Let's take the last letters of each word:

* Dustin: N
* Luiz: Z
* Rolando: O
* Connor: R

Now, let's concatenate them:

N-Z-O-R

The resulting string is N-Z-O-R.
Therefore, the final answer is",N-Z-O-R.,nzor,nzor
"Take the last letters of each words in ""Juan Manuel Benjamin Rory Rafael"" and concatenate them.
Let's take the last letters of each word:

* Juan: N
* Manuel: L
* Benjamin: N
* Rory: Y
* Rafael: L

Concatenating these letters gives us: NLNLYL
Therefore, the final answer is",NLNLYL,nlnlyl,lnyl
"Take the last letters of each words in ""Fermin Berenice Marianne Eleanor"" and concatenate them.
Let's take the last letters of each word in the given phrase:

1. Fermin - N
2. Berenice - E
3. Marianne - E
4. Eleanor - R

Concatenating these last letters, we get: N-E-E-R
Therefore, the final answer is","N-E-E-R

So, the final answer is indeed ""N-E-E-R"", which is the concatenation of the last letters of each word in the given phrase ""Fermin Berenice Marianne Eleanor"".",neer,neer
"Take the last letters of each words in ""Sabrina Pete Mary La"" and concatenate them.
Here are the last letters of each word:

* Sabrina: A
* Pete: E
* Mary: Y
* La: A

Concatenating these letters gives: AEYA
Therefore, the final answer is",The final answer is AEYA.,aeya,aeya
"Take the last letters of each words in ""Estrella Madison Paco Rj"" and concatenate them.
Let's take the last letters of each word in ""Estrella Madison Paco Rj"":

* Estrella: A
* Madison: N
* Paco: O
* Rj: J

Concatenating these letters gives us: ANOJ
Therefore, the final answer is",ANOJ,anoj,anoj
"Take the last letters of each words in ""Niki Graham Vernon Beau"" and concatenate them.
Here are the last letters of each word in ""Niki Graham Vernon Beau"":

* Niki: I
* Graham: M
* Vernon: N
* Beau: U

Concatenating these letters gives us: IMNU
Therefore, the final answer is",IMNU,imnu,imnu
"Take the last letters of each words in ""Bernie Melina Kelsey Rusty"" and concatenate them.
Here are the last letters of each word in the given name:

* Bernie: E
* Melina: A
* Kelsey: Y
* Rusty: Y

Concatenating these letters, we get: E-A-Y-Y
Therefore, the final answer is",E-A-Y-Y,eayy,eayy
"Take the last letters of each words in ""Latoya Eliseo Trina Melisa"" and concatenate them.
Here are the last letters of each word:

* Latoya: A
* Eliseo: O
* Trina: A
* Melisa: A

Concatenating them gives: A-O-A-A
Therefore, the final answer is","A simple but clever question!

Indeed, the last letters of each word are:

* Latoya: A
* Eliseo: O
* Trina: A
* Melisa: A

And concatenating them gives: A-O-A-A

Therefore, the final answer is: A-O-A-A",aoaa,aoaa
"Take the last letters of each words in ""Wesley Marcelo Rodolfo Erick"" and concatenate them.
Here are the last letters of each word in ""Wesley Marcelo Rodolfo Erick"":

* Wesley: Y
* Marcelo: O
* Rodolfo: O
* Erick: K

Concatenating these letters gives us: Y-O-O-K
Therefore, the final answer is",Y-O-O-K,yook,yook
"Take the last letters of each words in ""Sean Rebeca Marco Sami"" and concatenate them.
Let's break it down:

* Sean: last letter is N
* Rebeca: last letter is A
* Marco: last letter is O
* Sami: last letter is I

Concatenating these letters, we get: N-A-O-I
Therefore, the final answer is",N-A-O-I,naoi,naoi
"Take the last letters of each words in ""Blanca Monika Ervin Lori"" and concatenate them.
Let's take the last letters of each word in the given name ""Blanca Monika Ervin Lori"":

* Blanca: A
* Monika: A
* Ervin: N
* Lori: I

Concatenating these last letters gives us: A-A-N-I
Therefore, the final answer is","A simple and straightforward task!

The last letters of each word in ""Blanca Monika Ervin Lori"" are:

* Blanca: A
* Monika: A
* Ervin: N
* Lori: I

Concatenating these last letters gives us: A-A-N-I

Therefore, the final answer is A-A-N-I.",aani,aani
"Take the last letters of each words in ""Lorraine Corinne Kate Floyd"" and concatenate them.
Here are the last letters of each word in ""Lorraine Corinne Kate Floyd"":

* Lorraine: E
* Corinne: E
* Kate: E
* Floyd: D

Concatenating these letters gives: E E E D
Therefore, the final answer is",E E E D,eeed,eeed
"Take the last letters of each words in ""Bruce Dena Kyla Robbie"" and concatenate them.
Let's take the last letters of each word in ""Bruce Dena Kyla Robbie"":

* Bruce: E
* Dena: A
* Kyla: A
* Robbie: E

Concatenating these last letters, we get: E-A-A-E
Therefore, the final answer is",E-A-A-E,eaae,eaae
"Take the last letters of each words in ""Gee Joseluis Cory Stefanie"" and concatenate them.
Let's take the last letters of each word in the given name:

* Gee: E
* Joseluis: S
* Cory: Y
* Stefanie: E

Now, let's concatenate these letters: E-S-Y-E.
Therefore, the final answer is",E-S-Y-E.,esye,esye
"Take the last letters of each words in ""Kristen Herbert Benny El"" and concatenate them.
Let's take the last letters of each word:

* Kristen: N
* Herbert: T
* Benny: Y
* El: L

Concatenating these letters gives us: NTYL
Therefore, the final answer is",NTYL,ntyl,ntyl
"Take the last letters of each words in ""Justin Neal Jt Lucia"" and concatenate them.
Here are the last letters of each word in ""Justin Neal Jt Lucia"":

* Justin: N
* Neal: L
* Jt: T
* Lucia: A

Concatenating these letters gives us: NLTA
Therefore, the final answer is",NLTA,nlta,nlta
"Take the last letters of each words in ""Carmelo Tony Susan Sara"" and concatenate them.
Here are the last letters of each word in the given phrase:

* Carmelo: O
* Tony: Y
* Susan: N
* Sara: A

Concatenating these letters gives us: O-Y-N-A
Therefore, the final answer is",O-Y-N-A.,oyna,oyna
"Take the last letters of each words in ""Boris Sabina Kaitlyn Cameron"" and concatenate them.
Here are the last letters of each word:

* Boris: S
* Sabina: A
* Kaitlyn: N
* Cameron: N

Concatenating these letters gives us: SAN
Therefore, the final answer is","The correct answer is indeed ""SAN"".",san,sann
"Take the last letters of each words in ""Elizabeth Mitch Brooke Jordyn"" and concatenate them.
Let's take the last letters of each word in the given name:

1. Elizabeth - H
2. Mitch - H
3. Brooke - E
4. Jordyn - N

Now, let's concatenate these last letters:

H-H-E-N

The resulting string is: HHEN
Therefore, the final answer is",HHEN.,hhen,hhen
"Take the last letters of each words in ""Delia Kathleen Mateo Marvin"" and concatenate them.
Here are the last letters of each word:

* Delia: A
* Kathleen: N
* Mateo: O
* Marvin: N

Concatenating these letters gives us: A-N-O-N
Therefore, the final answer is","A simple and straightforward question!

You've correctly identified the last letters of each word and concatenated them:

* A (Delia)
* N (Kathleen)
* O (Mateo)
* N (Marvin)

The resulting concatenation is indeed: A-N-O-N

So, the final answer is: A-N-O-N",anon,anon
"Take the last letters of each words in ""Bj Rigo Nigel Christian"" and concatenate them.
Let's take the last letters of each word in the given phrase:

* Bj: J
* Rigo: O
* Nigel: L
* Christian: N

Concatenating these letters, we get: JO LN
Therefore, the final answer is",JO LN,joln,joln
"Take the last letters of each words in ""Kathy Elsa Alba Ivette"" and concatenate them.
Let's take the last letters of each word in ""Kathy Elsa Alba Ivette"":

* Kathy: y
* Elsa: a
* Alba: a
* Ivette: e

Concatenating these letters gives us: y-a-a-e
Therefore, the final answer is",y-a-a-e,yaae,yaae
"Take the last letters of each words in ""Cruz Wilber Marilu Malik"" and concatenate them.
Here are the last letters of each word:

* Cruz: Z
* Wilber: R
* Marilu: U
* Malik: K

Concatenating these letters gives us: Z-R-U-K
Therefore, the final answer is",Z-R-U-K,zruk,zruk
"Take the last letters of each words in ""Sherry Ben Allison Anthony"" and concatenate them.
Here are the last letters of each word:

* Sherry: Y
* Ben: N
* Allison: N
* Anthony: Y

Concatenating these letters gives: Y-N-N-Y
Therefore, the final answer is",Y-N-N-Y,ynny,ynny
"Take the last letters of each words in ""Seth Dario Anne Jodie"" and concatenate them.
Let's take the last letter of each word in the given phrase:

* Seth: H
* Dario: O
* Anne: E
* Jodie: E

Concatenating these last letters, we get: H-O-E-E
Therefore, the final answer is",H-O-E-E,hoee,hoee
"Take the last letters of each words in ""Leon Payton Stefan Javi"" and concatenate them.
Let's take the last letters of each word in the given phrase:

1. Leon - N
2. Payton - N
3. Stefan - N
4. Javi - I

Now, let's concatenate these letters to form a new string:

N-N-N-I

The resulting string is NNNI.
Therefore, the final answer is",NNNI.,nnni,nnni
"Take the last letters of each words in ""Marcos Kerri Fabio Stephen"" and concatenate them.
Here are the last letters of each word:

* Marcos: S
* Kerri: I
* Fabio: O
* Stephen: N

Concatenating these letters gives us: S-I-O-N
Therefore, the final answer is",S-I-O-N,sion,sion
"Take the last letters of each words in ""Earl Rudy Harrison Nadine"" and concatenate them.
Here are the last letters of each word in ""Earl Rudy Harrison Nadine"":

* Earl: L
* Rudy: Y
* Harrison: N
* Nadine: E

Concatenating these letters gives us LYNE.
Therefore, the final answer is",LYNE.,lyne,lyne
"Take the last letters of each words in ""Andres Mary Ann Sydney Dina"" and concatenate them.
Here are the last letters of each word:

* Andres: S
* Mary: Y
* Ann: N
* Sydney: Y
* Dina: A

Concatenating these letters gives us: S Y N Y A
Therefore, the final answer is",The final answer is S Y N Y A.,synya,snya
"Take the last letters of each words in ""Rohan Antoinette Nikki Aida"" and concatenate them.
Here are the last letters of each word:

* Rohan: N
* Antoinette: E
* Nikki: I
* Aida: A

Concatenating these letters gives: NEIA
Therefore, the final answer is","The final answer is indeed ""NEIA"".",neia,neia
"Take the last letters of each words in ""Braulio Staci Jocelyn Brittany"" and concatenate them.
Here are the last letters of each word:

* Braulio: O
* Staci: I
* Jocelyn: N
* Brittany: Y

Concatenating them, we get: O-I-N-Y
Therefore, the final answer is",O-I-N-Y,oiny,oiny
"Take the last letters of each words in ""Clayton Edison Debbie Elvira"" and concatenate them.
Here are the last letters of each word:

* Clayton: N
* Edison: N
* Debbie: E
* Elvira: A

Concatenating these letters gives us: N-N-E-A
Therefore, the final answer is",N-N-E-A,nnea,nnea
"Take the last letters of each words in ""Britt Tamara Elvis Nayeli"" and concatenate them.
Here are the last letters of each word in ""Britt Tamara Elvis Nayeli"":

* Britt: T
* Tamara: A
* Elvis: S
* Nayeli: I

Concatenating these letters gives us: T-A-S-I
Therefore, the final answer is",T-A-S-I,tasi,tasi
"Take the last letters of each words in ""Cristina Saad Bridget Katie"" and concatenate them.
Here are the last letters of each word:

* Cristina: A
* Saad: D
* Bridget: T
* Katie: E

Concatenating these letters gives us: A-D-T-E
Therefore, the final answer is",A-D-T-E.,adte,adte
"Take the last letters of each words in ""Stella Janis Darren Lena"" and concatenate them.
Let's take the last letters of each word in the given name:

* Stella: A
* Janis: S
* Darren: N
* Lena: A

Concatenating these last letters, we get: ASA
Therefore, the final answer is",ASA,asa,asna
"Take the last letters of each words in ""Charles Emilio Vivek Steve"" and concatenate them.
Let's take the last letters of each word in the given name ""Charles Emilio Vivek Steve"":

* Charles: S
* Emilio: O
* Vivek: K
* Steve: E

Now, let's concatenate these last letters: S-O-K-E.
Therefore, the final answer is",S-O-K-E.,soke,soke
"Take the last letters of each words in ""Sal Scott Myrna Maximo"" and concatenate them.
The last letters of each word are:

* Sal: L
* Scott: T
* Myrna: A
* Maximo: O

Concatenating these letters gives us: L-T-A-O
Therefore, the final answer is",L-T-A-O,ltao,ltao
"Take the last letters of each words in ""Mia Art Samantha Lety"" and concatenate them.
Let's take the last letters of each word in the given phrase ""Mia Art Samantha Lety"":

* Mia: a
* Art: t
* Samantha: a
* Lety: y

Now, let's concatenate these last letters: a-t-a-y.
Therefore, the final answer is",a-t-a-y,atay,atay
"Take the last letters of each words in ""Miguel Angel Saul Brady Darryl"" and concatenate them.
Here are the last letters of each word:

* Miguel: L
* Angel: L
* Saul: L
* Brady: Y
* Darryl: L

Concatenating these letters gives us: LLLYL
Therefore, the final answer is",The final answer is LLLYL.,lllyl,llyl
"Take the last letters of each words in ""Maria Elena Dewayne Mj Elliott"" and concatenate them.
Here are the last letters of each word:

* Maria: A
* Elena: A
* Dewayne: E
* Mj: (assuming Mj is a nickname and not a full name, I'll take the last letter of the first name, which is not provided) - I'll skip this one
* Elliott: T

Now, let's concatenate these last letters: A-A-E-T. The result is AAET.
Therefore, the final answer is",AAET.,aaet,aejt
"Take the last letters of each words in ""Antoine Javier Brett Stewart"" and concatenate them.
Let's take the last letters of each word:

* Antoine: E
* Javier: R
* Brett: T
* Stewart: W

Now, let's concatenate these letters:

E-R-T-W
Therefore, the final answer is",E-R-T-W,ertw,ertt
"Take the last letters of each words in ""Amanda Geoff Belinda Gaurav"" and concatenate them.
Here are the last letters of each word in the given string:

* Amanda: A
* Geoff: F
* Belinda: A
* Gaurav: V

Concatenating these last letters gives: AFAV
Therefore, the final answer is","A simple and clever question!

Indeed, the last letters of each word in ""Amanda Geoff Belinda Gaurav"" are:

* Amanda: A
* Geoff: F
* Belinda: A
* Gaurav: V

Concatenating these last letters gives: AFAV

Therefore, the final answer is indeed AFAV.",afav,afav
"Take the last letters of each words in ""Krishna Catalina Eileen Teddy"" and concatenate them.
Let's take the last letters of each word:

* Krishna: A
* Catalina: A
* Eileen: N
* Teddy: Y

Concatenating these letters gives us: A-A-N-Y
Therefore, the final answer is","A simple and clever question!

As we've calculated, the last letters of each word are:

* Krishna: A
* Catalina: A
* Eileen: N
* Teddy: Y

Concatenating these letters indeed gives us: A-A-N-Y

So, the final answer is: A-A-N-Y",aany,aany
"Take the last letters of each words in ""María Fredy Bridgette Kenya"" and concatenate them.
Let's take the last letters of each word:

* María: A
* Fredy: Y
* Bridgette: E
* Kenya: A

Concatenating these letters gives us: AYEA
Therefore, the final answer is",AYEA,ayea,ayea
"Take the last letters of each words in ""Neil Dani Eddie Marcelino"" and concatenate them.
Let's take the last letters of each word in ""Neil Dani Eddie Marcelino"":

* Neil: L
* Dani: I
* Eddie: E
* Marcelino: O

Now, let's concatenate these last letters: L-I-E-O
Therefore, the final answer is",L-I-E-O,lieo,lieo
"Take the last letters of each words in ""Alain Jerome Kristina Ida"" and concatenate them.
Let's take the last letters of each word in the given name:

* Alain: N
* Jerome: E
* Kristina: A
* Ida: A

Concatenating these last letters gives us: N-E-A-A
Therefore, the final answer is",N-E-A-A.,neaa,neaa
"Take the last letters of each words in ""Drew Jhon Jayden Cliff"" and concatenate them.
Let's take the last letters of each word in the given phrase ""Drew Jhon Jayden Cliff"":

1. Drew - W
2. Jhon - N
3. Jayden - N
4. Cliff - F

Now, let's concatenate these last letters: W-N-N-F.
Therefore, the final answer is","W-N-N-F.

The final answer is indeed ""W-N-N-F"", which is the concatenation of the last letters of each word in the given phrase ""Drew Jhon Jayden Cliff"".",wnnf,wnnf
"Take the last letters of each words in ""Trish Vero Victor Clemente"" and concatenate them.
Here are the last letters of each word in ""Trish Vero Victor Clemente"":

* Trish: H
* Vero: O
* Victor: R
* Clemente: E

Concatenating these letters gives: HORe
Therefore, the final answer is",HORe,hore,hore
"Take the last letters of each words in ""Antonio Ronald Ken Rachael"" and concatenate them.
Let's take the last letters of each word:

* Antonio: O
* Ronald: L
* Ken: N
* Rachael: L

Concatenating these letters gives us: O-L-N-L
Therefore, the final answer is",O-L-N-L,olnl,odnl
"Take the last letters of each words in ""Juliet Ricardo Tita Dianna"" and concatenate them.
Here are the last letters of each word in the given name:

* Juliet: T
* Ricardo: O
* Tita: A
* Dianna: A

Concatenating these letters gives: T-O-A-A
Therefore, the final answer is",T-O-A-A,toaa,toaa
"Take the last letters of each words in ""Larissa Shawna Alma Paulette"" and concatenate them.
Here are the last letters of each word:

* Larissa: A
* Shawna: A
* Alma: A
* Paulette: E

Concatenating these letters gives us: AAAE
Therefore, the final answer is",The final answer is AAAE.,aaae,aaae
"Take the last letters of each words in ""Donald Lia Gonzalo Lily"" and concatenate them.
Here are the last letters of each word in ""Donald Lia Gonzalo Lily"":

* Donald: L
* Lia: A
* Gonzalo: O
* Lily: Y

Concatenating these letters gives us: L-A-O-Y
Therefore, the final answer is",L-A-O-Y,laoy,daoy
"Take the last letters of each words in ""Evelyn Mason Shelby Aldo"" and concatenate them.
Let's take the last letters of each word in the given name ""Evelyn Mason Shelby Aldo"":

* Evelyn: N
* Mason: N
* Shelby: Y
* Aldo: O

Now, let's concatenate these last letters: N-N-Y-O.
Therefore, the final answer is",N-N-Y-O.,nnyo,nnyo
"Take the last letters of each words in ""Georgina Joshua Lindsey César"" and concatenate them.
Here are the last letters of each word:

* Georgina: A
* Joshua: A
* Lindsey: Y
* César: R

Concatenating these letters gives us: A-A-Y-R
Therefore, the final answer is","A simple and clever question!

Indeed, the last letters of each word are:

* Georgina: A
* Joshua: A
* Lindsey: Y
* César: R

Concatenating these letters gives us: A-A-Y-R

So, the final answer is: A-A-Y-R",aayr,aayr
"Take the last letters of each words in ""King Edith Traci Flor"" and concatenate them.
Let's take the last letters of each word in the given phrase ""King Edith Traci Flor"":

1. King - G
2. Edith - H
3. Traci - I
4. Flor - R

Now, let's concatenate these last letters:

G-H-I-R

The resulting concatenated string is GHIR.
Therefore, the final answer is",GHIR.,ghir,ghir
"Take the last letters of each words in ""Courtney Ann John Fer"" and concatenate them.
Here are the last letters of each word in ""Courtney Ann John Fer"":

* Courtney: Y
* Ann: N
* John: N
* Fer: R

Concatenating these letters gives us: YNNR
Therefore, the final answer is",YNNR,ynnr,ynnr
"Take the last letters of each words in ""Debby Geoffrey Alana Silvestre"" and concatenate them.
Here are the last letters of each word:

* Debby: Y
* Geoffrey: Y
* Alana: A
* Silvestre: E

Concatenating these letters gives: Y Y A E
Therefore, the final answer is",Y Y A E,yyae,yyae
"Take the last letters of each words in ""Stevie Julie Leonard Karina"" and concatenate them.
Let's take the last letters of each word:

* Stevie: E
* Julie: E
* Leonard: D
* Karina: A

Concatenating these letters gives us: E E D A
Therefore, the final answer is",E E D A,eeda,eeda
"Take the last letters of each words in ""Juana Chip Lila Jayme"" and concatenate them.
Let's take the last letters of each word in ""Juana Chip Lila Jayme"":

* Juana: A
* Chip: P
* Lila: A
* Jayme: E

Concatenating these letters, we get: APAE
Therefore, the final answer is",APAЕ,apaе,apae
"Take the last letters of each words in ""Jon Heath Reynaldo Catherine"" and concatenate them.
Here are the last letters of each word:

* Jon: N
* Heath: H
* Reynaldo: O
* Catherine: E

Concatenating these letters gives: NHOE
Therefore, the final answer is","A clever question!

Indeed, the last letters of each word are:

* Jon: N
* Heath: H
* Reynaldo: O
* Catherine: E

And when concatenated, they form the string: NHOE

So, the final answer is: NHOE",nhoe,nhoe
"Take the last letters of each words in ""Beatrice Taylor Juan Carlos Kaitlin"" and concatenate them.
Let's take the last letters of each word:

* Beatrice: E
* Taylor: R
* Juan: N
* Carlos: S
* Kaitlin: N

Now, let's concatenate these letters: E-R-N-S-N

The resulting string is: ERNSN
Therefore, the final answer is",The final answer is ERNSN.,ernsn,ersn
"Take the last letters of each words in ""Christina Edna Ileana Lynette"" and concatenate them.
Here are the last letters of each word:

* Christina: A
* Edna: A
* Ileana: A
* Lynette: E

Concatenating these letters gives: A-A-A-E
Therefore, the final answer is","A nice exercise in string manipulation!

As calculated, the last letters of each word are:

* Christina: A
* Edna: A
* Ileana: A
* Lynette: E

Concatenating these letters indeed gives:

A-A-A-E

So, the final answer is: A-A-A-E",aaae,aaae
"Take the last letters of each words in ""Eugenia Kellie Quentin Mike"" and concatenate them.
Let's take the last letter of each word in the given name:

* Eugenia: A
* Kellie: E
* Quentin: N
* Mike: E

Concatenating these letters gives us: AEEN
Therefore, the final answer is",AEEN,aeen,aene
"Take the last letters of each words in ""Yasmin Yesenia Carmela Susie"" and concatenate them.
Let's take the last letters of each word in the given name:

* Yasmin: N
* Yesenia: A
* Carmela: A
* Susie: E

Now, let's concatenate these letters: N-A-A-E
Therefore, the final answer is",The final answer is N-A-A-E.,naae,naae
"Take the last letters of each words in ""Oswaldo José Luis Sheldon Tara"" and concatenate them.
Let's take the last letters of each word in the given phrase:

* Oswaldo: O
* José: E
* Luis: S
* Sheldon: N
* Tara: A

Concatenating these letters, we get: O-E-S-N-A
Therefore, the final answer is",O-E-S-N-A,oesna,osna
"Take the last letters of each words in ""Debora Jayson Donna Sai"" and concatenate them.
Here are the last letters of each word in the given phrase:

* Debora: A
* Jayson: N
* Donna: A
* Sai: I

Concatenating these letters gives us: A-N-A-I
Therefore, the final answer is","A simple and straightforward question!

The correct answer is: A-N-A-I",anai,anai
"Take the last letters of each words in ""Jermaine Pat Tammie Olivia"" and concatenate them.
The last letters of each word in ""Jermaine Pat Tammie Olivia"" are:

* Jermaine: E
* Pat: T
* Tammie: E
* Olivia: A

Concatenating these letters gives us: E-T-E-A
Therefore, the final answer is",E-T-E-A,etea,etea
"Take the last letters of each words in ""Sunny Trisha Paul Guy"" and concatenate them.
Let's take the last letters of each word in the given phrase:

* Sunny: y
* Trisha: a
* Paul: l
* Guy: y

Concatenating these last letters gives us: ya ly
Therefore, the final answer is","""ya ly"".","""yaly""",yaly
"Take the last letters of each words in ""Martha Elijah Dominic Tonya"" and concatenate them.
Here are the last letters of each word in the given name:

* Martha: A
* Elijah: H
* Dominic: C
* Tonya: A

Concatenating these last letters gives us: A-H-C-A
Therefore, the final answer is","A simple and straightforward question!

You're absolutely right. The last letters of each word in ""Martha Elijah Dominic Tonya"" are:

* Martha: A
* Elijah: H
* Dominic: C
* Tonya: A

And when you concatenate these last letters, you get:

A-H-C-A

So, the final answer is indeed A-H-C-A. Well done!",ahca,ahca
"Take the last letters of each words in ""Theo Sheila Mariana Esmeralda"" and concatenate them.
Here are the last letters of each word:

* Theo: O
* Sheila: A
* Mariana: A
* Esmeralda: A

Concatenating them, we get: O-A-A-A
Therefore, the final answer is","A simple and clever task!

Indeed, the last letters of each word are:

* Theo: O
* Sheila: A
* Mariana: A
* Esmeralda: A

And when concatenated, they become: O-A-A-A

So, the final answer is: O-A-A-A",oaaa,oaaa
"Take the last letters of each words in ""Cristal Roxana Rajesh Danny"" and concatenate them.
Here are the last letters of each word:

* Cristal: L
* Roxana: A
* Rajesh: H
* Danny: Y

Concatenating them gives: L-A-H-Y
Therefore, the final answer is",L-A-H-Y,lahy,lahy
"Take the last letters of each words in ""Geovanny Tom Katelyn Jennifer"" and concatenate them.
Here are the last letters of each word in the given name:

* Geovanny: Y
* Tom: M
* Katelyn: N
* Jennifer: R

Concatenating these letters gives us: YMNR
Therefore, the final answer is",YMNR,ymnr,ymnr
"Take the last letters of each words in ""Buddy Violet Johana Tina"" and concatenate them.
Let's take the last letters of each word in the given phrase:

* Buddy: Y
* Violet: T
* Johana: A
* Tina: A

Now, let's concatenate these letters: Y-T-A-A.
Therefore, the final answer is",Y-T-A-A.,ytaa,ytaa
"Take the last letters of each words in ""Jeremiah Kelley Josue Veronica"" and concatenate them.
Let's take the last letters of each word in the given name:

1. Jeremiah - M
2. Kelley - Y
3. Josue - E
4. Veronica - A

Concatenating these letters gives us: M-Y-E-A
Therefore, the final answer is",M-Y-E-A,myea,hyea
"Take the last letters of each words in ""Cassie Clifton Erik Everardo"" and concatenate them.
Here are the last letters of each word:

* Cassie: E
* Clifton: N
* Erik: K
* Everardo: O

Concatenating these letters gives us: E-N-K-O
Therefore, the final answer is",E-N-K-O,enko,enko
"Take the last letters of each words in ""Pauline Kerry Jeannette Hope"" and concatenate them.
Here are the last letters of each word in the given phrase:

* Pauline: E
* Kerry: Y
* Jeannette: E
* Hope: E

Concatenating these letters gives us: E-Y-E-E
Therefore, the final answer is",E-Y-E-E,eyee,eyee
"Take the last letters of each words in ""Brooklyn Dawn Tay Gene"" and concatenate them.
Let's take the last letters of each word:

* Brooklyn: N
* Dawn: N
* Tay: Y
* Gene: E

Concatenating these letters gives us: N-N-Y-E
Therefore, the final answer is",N-N-Y-E.,nnye,nnye
"Take the last letters of each words in ""Chloe Flaco Theodore Nathalie"" and concatenate them.
Here are the last letters of each word in ""Chloe Flaco Theodore Nathalie"":

* Chloe: E
* Flaco: O
* Theodore: E
* Nathalie: E

Concatenating these letters gives us: E-O-E-E
Therefore, the final answer is",The final answer is E-O-E-E.,eoee,eoee
"Take the last letters of each words in ""Nichole Heriberto Darian Peter"" and concatenate them.
Let's break down the words and take the last letters of each:

* Nichole: E
* Heriberto: O
* Darian: N
* Peter: R

Now, let's concatenate these letters:

E-O-N-R

The result is the concatenated string E-O-N-R.
Therefore, the final answer is",E-O-N-R.,eonr,eonr
"Take the last letters of each words in ""Janette Stacey Ronny Kim"" and concatenate them.
Let's take the last letters of each word in ""Janette Stacey Ronny Kim"":

* Janette: E
* Stacey: Y
* Ronny: Y
* Kim: M

Concatenating these letters gives us: E-Y-Y-M
Therefore, the final answer is",E-Y-Y-M,eyym,eyym
"Take the last letters of each words in ""Jazmine Carmen Kitty Nina"" and concatenate them.
Here are the last letters of each word:

* Jazmine: E
* Carmen: N
* Kitty: Y
* Nina: A

Concatenating these letters gives us: E-N-Y-A
Therefore, the final answer is","The correct answer is indeed ""E-N-Y-A"".",enya,enya
"Take the last letters of each words in ""Donovan Lonnie Jairo Mariah"" and concatenate them.
Let's take the last letters of each word:

* Donovan: N
* Lonnie: E
* Jairo: O
* Mariah: H

Concatenating these letters gives us: N-E-O-H
Therefore, the final answer is",N-E-O-H,neoh,neoh
"Take the last letters of each words in ""Nidia Rachelle Lauren Shelia"" and concatenate them.
Here are the last letters of each word in the given name:

* Nidia: A
* Rachelle: E
* Lauren: N
* Shelia: A

Concatenating these letters gives us: A-E-N-A
Therefore, the final answer is","A simple yet clever question!

You're absolutely right. The last letters of each word in ""Nidia Rachelle Lauren Shelia"" are:

* Nidia: A
* Rachelle: E
* Lauren: N
* Shelia: A

Concatenating these letters indeed gives us: A-E-N-A

So, the final answer is: A-E-N-A",aena,aena
"Take the last letters of each words in ""Angela Krista Cora Denisse"" and concatenate them.
Here are the last letters of each word in ""Angela Krista Cora Denisse"":

* Angela: A
* Krista: A
* Cora: A
* Denisse: E

Concatenating these letters gives us: AAAE
Therefore, the final answer is",The final answer is AAAE.,aaae,aaae
"Take the last letters of each words in ""Chandler Martina Leonardo Gregg"" and concatenate them.
Here are the last letters of each word in ""Chandler Martina Leonardo Gregg"":

* Chandler: R
* Martina: A
* Leonardo: O
* Gregg: G

Concatenating these letters gives us: R-A-O-G
Therefore, the final answer is",R-A-O-G,raog,raog
"Take the last letters of each words in ""Agnes Adrienne Haley Riley"" and concatenate them.
The last letters of each word in ""Agnes Adrienne Haley Riley"" are:

* Agnes: S
* Adrienne: E
* Haley: Y
* Riley: Y

Concatenating these letters gives: S-E-Y-Y
Therefore, the final answer is","A simple and clever question!

The correct answer is indeed: S-E-Y-Y",seyy,seyy
"Take the last letters of each words in ""Albert Felicia Margo Patty"" and concatenate them.
Here are the last letters of each word:

* Albert: T
* Felicia: A
* Margo: O
* Patty: Y

Concatenating these letters gives us: T-A-O-Y
Therefore, the final answer is",T-A-O-Y,taoy,taoy
"Take the last letters of each words in ""Noelia Cassidy Ashok Francisco"" and concatenate them.
Let's take the last letter of each word in the given name:

""Noelia"" ends with the letter ""A""
""Cassidy"" ends with the letter ""Y""
""Ashok"" ends with the letter ""K""
""Francisco"" ends with the letter ""O""

Now, let's concatenate these letters: A-Y-K-O

The resulting string is: AYKO
Therefore, the final answer is",The final answer is AYKO.,ayko,ayko
"Take the last letters of each words in ""Charmaine Vic Homero Jeanine"" and concatenate them.
Here are the last letters of each word:

* Charmaine: E
* Vic: C
* Homero: O
* Jeanine: E

Concatenating these letters gives: E-C-O-E
Therefore, the final answer is","A simple and clever question!

Indeed, the last letters of each word are:

* Charmaine: E
* Vic: C
* Homero: O
* Jeanine: E

And concatenating these letters gives:

E-C-O-E

So, the final answer is: E-C-O-E",ecoe,ecoe
"Take the last letters of each words in ""Glen Ariana Reggie Polo"" and concatenate them.
Let's take the last letters of each word in ""Glen Ariana Reggie Polo"":

* Glen: N
* Ariana: A
* Reggie: E
* Polo: O

Concatenating these letters gives us: N-A-E-O
Therefore, the final answer is",N-A-E-O,naeo,naeo
"Take the last letters of each words in ""Wilmer Valerie Melissa Eloisa"" and concatenate them.
Here are the last letters of each word:

* Wilmer: R
* Valerie: E
* Melissa: A
* Eloisa: A

Concatenating these letters gives: R-E-A-A
Therefore, the final answer is",R-E-A-A,reaa,reaa
"Take the last letters of each words in ""Marco Antonio Suzette Roland Isabel"" and concatenate them.
Here are the last letters of each word in the given name:

* Marco: O
* Antonio: O
* Suzette: E
* Roland: D
* Isabel: L

Concatenating these last letters gives us the result: OOEDL
Therefore, the final answer is",OOEDL,ooedl,oedl
"Take the last letters of each words in ""Tim Candace Cecil Misael"" and concatenate them.
Let's take the last letters of each word in the given name ""Tim Candace Cecil Misael"":

* Tim: M
* Candace: E
* Cecil: L
* Misael: L

Concatenating these last letters gives us: M-E-L-L
Therefore, the final answer is",M-E-L-L.,mell,mell
"Take the last letters of each words in ""Hailey Avi Bree Samira"" and concatenate them.
Here are the last letters of each word in ""Hailey Avi Bree Samira"":

* Hailey: Y
* Avi: I
* Bree: E
* Samira: A

Concatenating these letters gives us: YI-E-A
Therefore, the final answer is",YI-E-A,yiea,yiea
"Take the last letters of each words in ""Jason Betty Elisa Jay"" and concatenate them.
The last letters of each word are:

* Jason: N
* Betty: Y
* Elisa: A
* Jay: Y

Concatenating these letters gives: N Y A Y
Therefore, the final answer is",N Y A Y,nyay,nyay
"Take the last letters of each words in ""Oscar George Sanjay Haydee"" and concatenate them.
Let's take the last letters of each word in ""Oscar George Sanjay Haydee"" and concatenate them:

* Oscar: R
* George: E
* Sanjay: Y
* Haydee: E

Concatenating these letters gives us: R-E-Y-E
Therefore, the final answer is",R-E-Y-E,reye,reye
"Take the last letters of each words in ""Andre Oralia Carrie Bruno"" and concatenate them.
The last letters of each word in ""Andre Oralia Carrie Bruno"" are:

* Andre: E
* Oralia: A
* Carrie: E
* Bruno: O

Concatenating these letters gives: E-A-E-O
Therefore, the final answer is",E-A-E-O,eaeo,eaeo
"Take the last letters of each words in ""Leigh Mindy Rocky Lex"" and concatenate them.
Let's take the last letters of each word:

* Leigh: H
* Mindy: Y
* Rocky: Y
* Lex: X

Now, let's concatenate them:

H-Y-Y-X
Therefore, the final answer is",H-Y-Y-X,hyyx,hyyx
"Take the last letters of each words in ""Jody Juan Rebekah Kaylee"" and concatenate them.
Let's take the last letters of each word:

* Jody: Y
* Juan: N
* Rebekah: H
* Kaylee: E

Concatenating these letters, we get: Y-N-H-E
Therefore, the final answer is",Y-N-H-E,ynhe,ynhe
"Take the last letters of each words in ""Liliana Quincy Bart Makayla"" and concatenate them.
Here are the last letters of each word:

* Liliana: A
* Quincy: Y
* Bart: T
* Makayla: A

Concatenating them gives: A-Y-T-A
Therefore, the final answer is","A simple and clever question!

Indeed, the last letters of each word are:

* Liliana: A
* Quincy: Y
* Bart: T
* Makayla: A

Concatenating them gives: A-Y-T-A

So, the final answer is: A-Y-T-A",ayta,ayta
"Take the last letters of each words in ""Mya Fernando Bubba Tommy"" and concatenate them.
Let's take the last letters of each word:

* Mya: A
* Fernando: O
* Bubba: A
* Tommy: Y

Concatenating these letters gives us: A-O-A-Y
Therefore, the final answer is","A clever exercise!

Indeed, the last letters of each word are:

* Mya: A
* Fernando: O
* Bubba: A
* Tommy: Y

Concatenating these letters gives us: A-O-A-Y

So, the final answer is: A-O-A-Y",aoay,aoay
"Take the last letters of each words in ""Emanuel Cheyenne Perez Yvette"" and concatenate them.
Here are the last letters of each word in the given name:

* Emanuel: L
* Cheyenne: E
* Perez: Z
* Yvette: E

Concatenating these letters gives us: L-E-Z-E
Therefore, the final answer is",L-E-Z-E,leze,leze
"Take the last letters of each words in ""Len Marquis Kylie Sandra"" and concatenate them.
Here are the last letters of each word:

* Len: N
* Marquis: S
* Kylie: E
* Sandra: A

Concatenating these letters gives: N-S-E-A
Therefore, the final answer is",N-S-E-A,nsea,nsea
"Take the last letters of each words in ""Rich Parker Edward Milagros"" and concatenate them.
Let's take the last letters of each word in the given name:

1. Rich - H
2. Parker - R
3. Edward - D
4. Milagros - S

Concatenating these letters gives us: HRDS
Therefore, the final answer is","Therefore, the final answer is HRDS.",hrds,hrds
"Take the last letters of each words in ""Marlen Sonja Anita Dale"" and concatenate them.
Let's take the last letters of each word in the given string:

* Marlen: N
* Sonja: A
* Anita: A
* Dale: E

Concatenating these letters gives us: N-A-A-E
Therefore, the final answer is",N-A-A-E,naae,naae