input,pred_before,pred_after,GT
"For Halloween Debby and her sister combined the candy they received. Debby had 32 pieces of candy while her sister had 42. If they ate 35 pieces the first night, how many pieces do they have left?
Debby and her sister combined 32 + 42 = 74 pieces of candy. They ate 35 pieces the first night. So they have 74 - 35 = 39 pieces left. The answer is 39.
Therefore, the answer (arabic numerals) is",39,39,39
"A pet store had 13 siamese cats and 5 house cats. During a sale they sold 10 cats. How many cats do they have left?
Originally, there were 13 siamese cats and 5 house cats. So there were 13 + 5 = 18 cats. After selling 10 cats, there were 18 - 10 = 8 cats left. The answer is 8.
Therefore, the answer (arabic numerals) is",8,8,8
"Luke was trying to expand his game collection. He bought 2 games from a friend and bought 2 more at a garage sale. If 2 of the games didn't work, how many good games did he end up with?
Luke originally bought 2 + 2 = 4 games. After 2 of them didn't work, he had 4 - 2 = 2 games that worked. The answer is 2.
Therefore, the answer (arabic numerals) is","That's correct! Luke started with 4 games, and after 2 of them didn't work, he was left with 2 games that were in good condition.",2,2
"The school cafeteria ordered 42 red apples and 7 green apples for students lunches. But, if only 9 students wanted fruit, how many extra did the cafeteria end up with?
The cafeteria ordered 42 + 7 = 49 apples. If only 9 students wanted fruit, then they only need 9. So the difference is 49 - 9 = 40. The answer is 40.
Therefore, the answer (arabic numerals) is",40,40,40
"Lana picked 36 tulips and 37 roses to make flower bouquets. If she only used 70 of the flowers though, how many extra flowers did Lana pick?
Lana picked 36 tulips and 37 roses. That is 36 + 37 = 73 flowers. However, she only used 70. So she picked 73 - 70 = 3 extra flowers. The answer is 3.
Therefore, the answer (arabic numerals) is","That's correct! You calculated the total number of flowers Lana picked as 73 (36 tulips + 37 roses), and then subtracted the number of flowers she actually used (70) to find the number of extra flowers she picked, which is indeed 3.",3,3
"Carol and her mom were picking carrots from their garden. Carol picked 29 and her mother picked 16. If only 38 of the carrots were good, how many bad carrots did they have?
Carol and her mom picked 29 + 16 = 45 carrots. If only 38 were good, then 45 - 38 = 7 were bad. The answer is 7.
Therefore, the answer (arabic numerals) is",7,7,7
"Roger had 16 dollars. For his birthday he got 28 more dollars but spent 25 on a new game. How much money does he have now?
Roger started with 16 dollars. He got 28 more, so he has 16 + 28 = 44. Then he spent 25 on a new game. So he has 44 - 25 = 19. The answer is 19.
Therefore, the answer (arabic numerals) is",19,19,19
"While on vacation, Megan took 15 pictures at the zoo and 18 at the museum. If she later deleted 31 of the pictures, how many pictures from her vacation did she still have?
Megan took 15 pictures at the zoo and 18 at the museum. 15 + 18 = 33. After deleting 31, she has 33 - 31 = 2. The answer is 2.
Therefore, the answer (arabic numerals) is","That's correct! Megan initially took a total of 33 pictures (15 at the zoo and 18 at the museum). After deleting 31 of those pictures, she would be left with 33 - 31 = 2 pictures. Well done!",2,2
"Rachel bought two coloring books. One had 23 pictures and the other had 32. After one week she had already colored 44 of the pictures. How many pictures does she still have to color?
The first coloring book had 23 pictures. The second coloring book had 32. So in total there are 23 + 32 = 55 pictures. After coloring 44 of them, she still has 55 - 44 = 11 pictures to color. The answer is 11.
Therefore, the answer (arabic numerals) is",11,11,11
"Ned had to wash 9 short sleeve shirts and 21 long sleeve shirts before school. If he had only washed 29 of them by the time school started, how many did he not wash?
Ned had to wash 9 short sleeve shirts and 21 long sleeve shirts. This is 9 + 21 = 30 shirts. He washed 29 shirts. 30 - 29 = 1. The answer is 1.
Therefore, the answer (arabic numerals) is","That's correct! Ned had to wash a total of 30 shirts (9 short sleeve and 21 long sleeve), but he only washed 29 of them before school started. To find out how many he didn't wash, you subtract the number of shirts he did wash (29) from the total number of shirts (30), which gives you 1 shirt.",1,1
"Oliver had to wash 39 short sleeve shirts and 47 long sleeve shirts before school. If he had only washed 20 of them by the time school started, how many did he not wash?
There are 39 short sleeve shirts and 47 long sleeve shirts. So in total, there are 39 + 47 = 86 shirts. After washing 20 of them, he still has to wash 86 - 20 = 66. The answer is 66.
Therefore, the answer (arabic numerals) is","A simple and straightforward question!

Indeed, the calculation is correct: there are a total of 86 shirts, and after washing 20 of them, Oliver still needs to wash 66 of them. So, the answer in arabic numerals is:

66",66,66
"For the school bake sale Wendy made pastries. She baked 4 cupcakes and 29 cookies. After the sale she had 24 to take back home. How many pastries did she sell?
Wendy started with 4 cupcakes and 29 cookies. 4 + 29 is 33. She had 24 left, so she sold 33 - 24 = 9. The answer is 9.
Therefore, the answer (arabic numerals) is",9,9,9
"While on vacation, Debby took 24 pictures at the zoo and 12 at the museum. If she later deleted 14 of the pictures, how many pictures from her vacation did she still have?
Originally, Debby took 24 + 12 = 36 pictures. After deleting 14, she had 36 - 14 = 22. The answer is 22.
Therefore, the answer (arabic numerals) is","A straightforward calculation!

Indeed, you're correct. Debby initially took 36 pictures, and after deleting 14, she was left with:

36 - 14 = 22

So, the answer is indeed 22.",22,22
"Katie picked 3 tulips and 9 roses to make flower bouquets. If she only used 10 of the flowers though, how many extra flowers did Katie pick?
Katie picked 3 tulips and 9 roses. 3 + 9 = 12. But she only used 10. So she picked 12 - 10 = 2 extra flowers. The answer is 2.
Therefore, the answer (arabic numerals) is","A simple and straightforward question!

Indeed, Katie picked a total of 12 flowers (3 tulips and 9 roses). However, she only used 10 of them. To find out how many extra flowers she picked, we subtract the used flowers from the total:

12 (total flowers) - 10 (used flowers) = 2

So, Katie picked 2 extra flowers.",2,2
"Faye had 46 math problems and 9 science problems for homework. If she finished 40 of the problems at school, how many problems did she have to do for homework?
Faye had 46 math problems and 9 science problems. 46 + 9 = 55. She finished 40 of these, so she had 55 - 40 = 15 left. The answer is 15.
Therefore, the answer (arabic numerals) is",15,15,15
"Amy had 4 music files and 21 video files on her flash drive. If she deleted 23 of the files, how many files were still on her flash drive?
Amy had 4 + 21 = 25 files originally. If she deleted 23 files, then there would be 25 - 23 = 2 files remaining. The answer is 2.
Therefore, the answer (arabic numerals) is",2,2,2
"Ned was trying to expand his game collection. He bought 11 games from a friend and bought 22 more at a garage sale. If 19 of the games didn't work, how many good games did he end up with?
Ned bought 11 + 22 = 33 games. If 19 didn't work, then 33 - 19 = 14 of them do. The answer is 14.
Therefore, the answer (arabic numerals) is","A straightforward math problem!

You're absolutely right. Ned started with 33 games, and if 19 of them didn't work, that means 14 of them do. So, the answer is indeed 14.",14,14
"Chloe was playing a trivia game. In the first round she scored 40 points and in the second round she scored 50 points. In the last round she lost 4 points. How many points did she have at the end of the game?
Chloe started with 0 points. After the first round she had 40 points. After the second round she had 40 + 50 = 90 points. After losing 4 points, she had 90 - 4 = 86 points. The answer is 86.
Therefore, the answer (arabic numerals) is","The correct answer is indeed 86. Chloe's journey through the trivia game can be summarized as follows:

* She started with 0 points.
* After the first round, she had 40 points.
* After the second round, she had a total of 40 + 50 = 90 points.
* However, she lost 4 points in the last round, leaving her with 90 - 4 = 86 points at the end of the game.",86,86
"At the arcade, Tom won 32 tickets playing 'whack a mole' and 25 tickets playing 'skee ball'. If he spent 7 of his tickets on a hat, how many tickets does Tom have left?
Tom won 32 + 25 = 57 tickets. After spending 7 tickets on a hat, he has 57 - 7 = 50 tickets left. The answer is 50.
Therefore, the answer (arabic numerals) is",50,50,50
"Bianca and her mom were picking carrots from their garden. Bianca picked 26 and her mother picked 15. If only 16 of the carrots were good, how many bad carrots did they have?
Bianca picked 26 carrots and her mom picked 15. That is 26 + 15 = 41 carrots. 16 of them are good. 41 - 16 = 25. The answer is 25.
Therefore, the answer (arabic numerals) is","That's correct! You calculated the total number of carrots picked by Bianca and her mom to be 41, and then subtracted the number of good carrots (16) to find the number of bad carrots, which is indeed 25. Your math is accurate, and the answer is indeed 25.",25,25
"For the school bake sale Katie made pastries. She baked 7 cupcakes and 5 cookies. After the sale she had 8 to take back home. How many pastries did she sell?
Katie made 7 cupcakes and 5 cookies. This is a total of 7 + 5 = 12 pastries. She took 8 back home. So she must have sold 12 - 8 = 4. The answer is 4.
Therefore, the answer (arabic numerals) is",4,4,4
"Zoe bought two coloring books. One had 44 pictures and the other had 44. After one week she had already colored 20 of the pictures. How many pictures does she still have to color?
There were 44 pictures in each book. 44 + 44 is 88. She colored 20 of the pictures. So she has 88 - 20 = 68 left. The answer is 68.
Therefore, the answer (arabic numerals) is","The correct answer is indeed 68. Zoe started with a total of 88 pictures (44 in each book) and colored 20 of them, leaving her with 68 pictures remaining to color.",68,68
"John was trying to expand his game collection. He bought 21 games from a friend and bought 8 more at a garage sale. If 23 of the games didn't work, how many good games did he end up with?
John started with 21 games. He bought 8 more, for a total of 21 + 8 = 29 games. Of those, 23 were broken. So he has 29 - 23 = 6 good games. The answer is 6.
Therefore, the answer (arabic numerals) is","The correct answer is indeed 6. John started with 21 games and added 8 more to his collection, making a total of 29 games. After discarding the 23 broken games, he was left with 29 - 23 = 6 good games.",6,6
"Henry had 11 dollars. For his birthday he got 18 more dollars but spent 10 on a new game. How much money does he have now?
Henry started with 11 dollars. After getting 18 more, he had 11 + 18 = 29. After spending 10 dollars, he had 29 - 10 = 19. The answer is 19.
Therefore, the answer (arabic numerals) is",19,19,19
"While on vacation, Gwen took 41 pictures at the zoo and 29 at the museum. If she later deleted 15 of the pictures, how many pictures from her vacation did she still have?
Gwen took 41 pictures at the zoo and 29 at the museum. So she took 41 + 29 = 70 pictures in total. After deleting 15, she had 70 - 15 = 55 pictures left. The answer is 55.
Therefore, the answer (arabic numerals) is","You're absolutely correct! The calculation is straightforward: Gwen took a total of 70 pictures initially, and after deleting 15, she was left with 70 - 15 = 55 pictures. The correct answer indeed is 55.",55,55
"Sam had to wash 40 short sleeve shirts and 23 long sleeve shirts before school. If he had only washed 29 of them by the time school started, how many did he not wash?
Sam had to wash 40 short sleeve shirts and 23 long sleeve shirts. So in total, he had to wash 40 + 23 = 63 shirts. But he only washed 29. So he did not wash 63 - 29 = 34 shirts. The answer is 34.
Therefore, the answer (arabic numerals) is",34,34,34
"A pet store had 12 siamese cats and 20 house cats. During a sale they sold 20 cats. How many cats do they have left?
Originally there were 12 siamese cats and 20 house cats. That's 12 + 20 = 32 cats. They sold 20 cats. So there are 32 - 20 = 12 cats left. The answer is 12.
Therefore, the answer (arabic numerals) is",12,12,12
"Faye and her mom were picking carrots from their garden. Faye picked 23 and her mother picked 5. If only 12 of the carrots were good, how many bad carrots did they have?
Faye and her mom picked 23 + 5 = 28 carrots. Only 12 of these were good. So 28 - 12 = 16 were bad. The answer is 16.
Therefore, the answer (arabic numerals) is",16,16,16
"The school cafeteria ordered 43 red apples and 32 green apples for students lunches. But, if only 2 students wanted fruit, how many extra did the cafeteria end up with?
The cafeteria ordered 43 + 32 = 75 apples. If only 2 students wanted fruit, then the cafeteria would have had 75 - 2 = 73 apples left over. The answer is 73 - 75 = 2.
Therefore, the answer (arabic numerals) is","The correct calculation is indeed:

75 (total apples ordered) - 2 (apples taken by students) = 73

",73,73
"There were 39 girls and 4 boys trying out for the schools basketball team. If only 26 of them got called back, how many students didn't make the cut?
There were originally 39 + 4 = 43 students trying out. 26 of them got called back. 43 - 26 = 17. The answer is 17.
Therefore, the answer (arabic numerals) is","The correct answer is indeed 17. The calculation 43 - 26 accurately determines the number of students who didn't make the cut, which is 17.",17,17
"A pet store had 38 siamese cats and 25 house cats. During a sale they sold 45 cats. How many cats do they have left?
The store started with 38 Siamese cats and 25 house cats. That is 38 + 25 = 63 cats. They sold 45 cats. So they have 63 - 45 = 18 cats left. The answer is 18.
Therefore, the answer (arabic numerals) is",18,18,18
"For the school bake sale Paige made pastries. She baked 36 cupcakes and 9 cookies. After the sale she had 4 to take back home. How many pastries did she sell?
Paige started with 36 cupcakes and 9 cookies. After the sale, she had 4 left. So she must have sold 36 + 9 - 4. 36 + 9 is 45. 45 - 4 is 41. The answer is 41.
Therefore, the answer (arabic numerals) is",41,41,41
"Carol was playing a trivia game. In the first round she scored 17 points and in the second round she scored 6 points. In the last round she lost 16 points. How many points did she have at the end of the game?
In the first round, Carol scored 17 points. In the second round, she scored 6 points. So she has 17 + 6 = 23 points. Then she lost 16 points. So she ended with 23 - 16 = 7 points. The answer is 7.
Therefore, the answer (arabic numerals) is",7,7,7
"Gwen bought two coloring books. One had 10 pictures and the other had 39. After one week she had already colored 13 of the pictures. How many pictures does she still have to color?
Gwen bought 2 coloring books. One had 10 pictures and the other had 39. So she bought 10 + 39 = 49 pictures in total. She colored 13. So she has 49 - 13 = 36 pictures left to color. The answer is 36.
Therefore, the answer (arabic numerals) is",The correct answer is indeed 36.,36,36
"For Halloween Janet and her sister combined the candy they received. Janet had 34 pieces of candy while her sister had 33. If they ate 4 pieces the first night, how many pieces do they have left?
Janet had 34 pieces of candy and her sister had 33. So together they had 34 + 33 = 67. After eating 4 pieces, they had 67 - 4 = 63 pieces left. The answer is 63.
Therefore, the answer (arabic numerals) is",63,63,63
"Haley and her mom were picking carrots from their garden. Haley picked 39 and her mother picked 38. If only 64 of the carrots were good, how many bad carrots did they have?
Haley and her mom picked 39 + 38 = 77 carrots. Only 64 of them were good. So 77 - 64 = 13 of them were bad. The answer is 13.
Therefore, the answer (arabic numerals) is",13,13,13
"There were 30 girls and 36 boys trying out for the schools basketball team. If only 10 of them got called back, how many students didn't make the cut?
There were originally 30 girls and 36 boys. 30 + 36 = 66. After 10 were called back, 66 - 10 = 56 students didn't make the cut. The answer is 56.
Therefore, the answer (arabic numerals) is",56,56,56
"Roger had 29 dollars. For his birthday he got 20 more dollars but spent 34 on a new game. How much money does he have now?
Roger started with 29 dollars. Then he got 20 more, so he had 29 + 20 = 49 dollars. After spending 34, he had 49 - 34 = 15 dollars. The answer is 15.
Therefore, the answer (arabic numerals) is",15,15,15
"Dave had to wash 29 short sleeve shirts and 11 long sleeve shirts before school. If he had only washed 35 of them by the time school started, how many did he not wash?
Dave had to wash 29 + 11 = 40 shirts. He washed 35 of them. So he did not wash 40 - 35 = 5. The answer is 5.
Therefore, the answer (arabic numerals) is",5,5,5
"Edward was trying to expand his game collection. He bought 41 games from a friend and bought 14 more at a garage sale. If 31 of the games didn't work, how many good games did he end up with?
Edward started with 41 games and then bought 14 more. So he has 41 + 14 = 55 games. 31 of them didn't work, so he has 55 - 31 = 24 good games. The answer is 24.
Therefore, the answer (arabic numerals) is",24,24,24
"At the schools book fair Sam bought 13 adventure books and 17 mystery books. If 15 of the books were used, how many new books did he buy?
Sam bought 13 adventure books and 17 mystery books. That is 13 + 17 = 30 books. If 15 were used, then he bought 30 - 15 = 15. The answer is 15.
Therefore, the answer (arabic numerals) is","That's correct! By subtracting the number of used books from the total number of books purchased, you can determine the number of new books Sam bought. In this case, 30 (the total number of books) minus 15 (the number of used books) equals 15, which is the number of new books Sam purchased.",15,15
"Amy had 26 music files and 36 video files on her flash drive. If she deleted 48 of the files, how many files were still on her flash drive?
Amy started with 26 + 36 = 62 files. After deleting 48 files, she had 62 - 48 = 14 files. The answer is 14.
Therefore, the answer (arabic numerals) is",14,14,14
"Oliver had 35 dollars. For his birthday he got 50 more dollars but spent 84 on a new game. How much money does he have now?
Oliver started with 35 dollars. Then he got 50 more, so he had 35 + 50 = 85. After spending 84, he had 85 - 84 = 1 dollar. The answer is 1.
Therefore, the answer (arabic numerals) is",1,1,1
"Emily was playing a trivia game. In the first round she scored 16 points and in the second round she scored 33 points. In the last round she lost 48 points. How many points did she have at the end of the game?
Emily had 16 points in the first round, and 33 in the second. 16 + 33 is 49. She lost 48 points in the last round. 49 - 48 is 1. The answer is 1.
Therefore, the answer (arabic numerals) is","The correct answer is indeed 1. Emily's total points at the end of the game are calculated by adding her initial score (16) and her score in the second round (33), which gives a total of 49 points. Then, subtracting the 48 points she lost in the last round from this total, we get 49 - 48 = 1, indicating that Emily had 1 point remaining at the end of the game.",1,1
"Paige had 43 math problems and 12 science problems for homework. If she finished 44 of the problems at school, how many problems did she have to do for homework?
Paige started with 43 math problems and 12 science problems. That's 43 + 12 = 55 problems. After doing 44, she has 55 - 44 = 11 problems left. The answer is 11.
Therefore, the answer (arabic numerals) is",11,11,11
"The school cafeteria ordered 33 red apples and 23 green apples for students lunches. But, if only 21 students wanted fruit, how many extra did the cafeteria end up with?
The cafeteria ordered 33 + 23 = 56 apples. If only 21 students wanted fruit, then the cafeteria will have 56 - 21 = 35 apples left over. The answer is 35.
Therefore, the answer (arabic numerals) is",35,35,35
"Dave had to wash 9 short sleeve shirts and 27 long sleeve shirts before school. If he had only washed 20 of them by the time school started, how many did he not wash?
Dave started with 9 + 27 shirts to wash. That is 36 shirts. He washed 20 of them. So he did not wash 36 - 20 = 16. The answer is 16.
Therefore, the answer (arabic numerals) is",16,16,16
"While on vacation, Rachel took 6 pictures at the zoo and 9 at the museum. If she later deleted 11 of the pictures, how many pictures from her vacation did she still have?
Rachel took 6 pictures at the zoo and 9 at the museum. That is 6 + 9 = 15 pictures. After deleting 11, she has 15 - 11 = 4 pictures left. The answer is 4.
Therefore, the answer (arabic numerals) is","That's correct! By adding the number of pictures taken at the zoo and the museum, you get a total of 15 pictures. After deleting 11 of those pictures, you're left with 4 pictures. The correct answer is indeed 4.",4,4
"Vanessa and her mom were picking carrots from their garden. Vanessa picked 17 and her mother picked 14. If only 24 of the carrots were good, how many bad carrots did they have?
Vanessa and her mom picked 17 + 14 = 31 carrots. But only 24 of them were good. So 31 - 24 = 7 carrots were bad. The answer is 7.
Therefore, the answer (arabic numerals) is",7,7,7
"A pet store had 41 siamese cats and 28 house cats. During a sale they sold 15 cats. How many cats do they have left?
The pet store had 41 Siamese cats and 28 house cats. This is a total of 41 + 28 = 69 cats. After selling 15 cats, they have 69 - 15 = 54 cats left. The answer is 54.
Therefore, the answer (arabic numerals) is",54,54,54
"At the schools book fair Sam bought 13 adventure books and 17 mystery books. If 15 of the books were used, how many new books did he buy?
Sam bought 13 adventure books and 17 mystery books. So in total he bought 13 + 17 = 30 books. After using 15 of them, he has 30 - 15 = 15 books left. The answer is 15.
Therefore, the answer (arabic numerals) is","That's correct! By subtracting the number of used books (15) from the total number of books purchased (30), you can determine that Sam has 15 new books left.",15,15
"Amy had 26 music files and 36 video files on her flash drive. If she deleted 48 of the files, how many files were still on her flash drive?
Amy started with 26 + 36 files. That is 62 files. After deleting 48 files, she has 62 - 48 = 14 files. The answer is 14.
Therefore, the answer (arabic numerals) is",14,14,14
"Oliver had 35 dollars. For his birthday he got 50 more dollars but spent 84 on a new game. How much money does he have now?
Oliver started with 35 dollars. He got 50 more, so he had 35 + 50 = 85 dollars. He then spent 84 dollars, so he had 85 - 84 = 1 dollar left. The answer is 1.
Therefore, the answer (arabic numerals) is","That's correct! Oliver started with $35 and received an additional $50, bringing his total to $85. After spending $84, he was left with $1, which is the correct answer.",1,1
"Emily was playing a trivia game. In the first round she scored 16 points and in the second round she scored 33 points. In the last round she lost 48 points. How many points did she have at the end of the game?
Emily started with 0 points. After the first round, she had 16 points. After the second round, she had 16 + 33 = 49 points. After the last round, she had 49 - 48 = 1 point. The answer is 1.
Therefore, the answer (arabic numerals) is",1,1,1
"Paige had 43 math problems and 12 science problems for homework. If she finished 44 of the problems at school, how many problems did she have to do for homework?
Paige started with 43 + 12 = 55 problems. After finishing 44 problems, she had 55 - 44 = 11 problems left. The answer is 11.
Therefore, the answer (arabic numerals) is","The correct answer is indeed 11. By subtracting the number of problems Paige finished at school (44) from the total number of problems she had initially (55), we arrive at 11 problems remaining for her to complete for homework.",11,11
"The school cafeteria ordered 33 red apples and 23 green apples for students lunches. But, if only 21 students wanted fruit, how many extra did the cafeteria end up with?
The cafeteria ordered 33 + 23 = 56 apples. But they only needed 21 students worth of fruit. 21 students worth of fruit would be 21 apples. So the extra apples they had are 56 - 21 = 35. The answer is 35.
Therefore, the answer (arabic numerals) is",35,35,35
"Dave had to wash 9 short sleeve shirts and 27 long sleeve shirts before school. If he had only washed 20 of them by the time school started, how many did he not wash?
Dave started with 9 short sleeve shirts and 27 long sleeve shirts. So he started with 9 + 27 = 36 shirts. He ended up washing 20 of them. So he didn't wash 36 - 20 = 16. The answer is 16.
Therefore, the answer (arabic numerals) is",16,16,16
"While on vacation, Rachel took 6 pictures at the zoo and 9 at the museum. If she later deleted 11 of the pictures, how many pictures from her vacation did she still have?
Rachel took 6 pictures at the zoo and 9 at the museum. That is a total of 6 + 9 = 15 pictures. After deleting 11, she had 15 - 11 = 4 pictures left. The answer is 4.
Therefore, the answer (arabic numerals) is","That's correct! Rachel took a total of 15 pictures initially, and after deleting 11, she was left with 4 pictures. Your step-by-step calculation accurately reflects the situation, making the answer indeed 4.",4,4
"Vanessa and her mom were picking carrots from their garden. Vanessa picked 17 and her mother picked 14. If only 24 of the carrots were good, how many bad carrots did they have?
Vanessa picked 17 carrots. Her mom picked 14. 17 + 14 = 31. 31 carrots were picked in total. But only 24 were good. So 31 - 24 = 7 carrots were bad. The answer is 7.
Therefore, the answer (arabic numerals) is",7,7,7
"A pet store had 41 siamese cats and 28 house cats. During a sale they sold 15 cats. How many cats do they have left?
There were originally 41 siamese cats and 28 house cats. So in total, there were 41 + 28 = 69 cats. After selling 15 cats, there will be 69 - 15 = 54 cats left. The answer is 54.
Therefore, the answer (arabic numerals) is",54,54,54
"Janet picked 4 tulips and 11 roses to make flower bouquets. If she only used 11 of the flowers though, how many extra flowers did Janet pick?
Janet picked 4 + 11 flowers, which is 15 flowers. But only 11 were used. So she picked 15 - 11 = 4 extra flowers. The answer is 4.
Therefore, the answer (arabic numerals) is",4,4,4
"Vanessa had 13 music files and 30 video files on her flash drive. If she deleted 10 of the files, how many files were still on her flash drive?
Vanessa had 13 music files and 30 video files. So she had 13 + 30 = 43 files. After deleting 10 files, she will have 43 - 10 = 33 files. The answer is 33.
Therefore, the answer (arabic numerals) is",The correct answer is indeed 33.,33,33
"Debby bought two coloring books. One had 16 pictures and the other had 40. After one week she had already colored 33 of the pictures. How many pictures does she still have to color?
Debby had 16 + 40 = 56 pictures. She colored 33. So she has 56 - 33 = 23 left. The answer is 23.
Therefore, the answer (arabic numerals) is","The correct answer is indeed 23. By subtracting the number of pictures Debby has already colored (33) from the total number of pictures she had (56), we arrive at the remaining number of pictures she needs to color, which is 23.",23,23
"The school cafeteria ordered 8 red apples and 43 green apples for students lunches. But, if only 42 students wanted fruit, how many extra did the cafeteria end up with?
The cafeteria ordered 8 red apples and 43 green apples. 8 + 43 is 51 apples. If 42 students wanted fruit, that means the cafeteria didn't use 51 - 42 = 9 apples. The answer is 9.
Therefore, the answer (arabic numerals) is",9,9,9
"Edward started his own lawn mowing business. In the spring he made 2 dollars mowing lawns and in the summer he made 27 dollars. If he had to spend 5 dollars buying supplies, how much money did he end up with?
Edward made 2 dollars mowing lawns in the spring. He made 27 dollars in the summer. So he made 2 + 27 = 29 dollars. After spending 5 dollars on supplies, he had 29 - 5 = 24 dollars. The answer is 24.
Therefore, the answer (arabic numerals) is","The answer is indeed 24. Edward's calculations are correct: he made a total of $29 from mowing lawns in the spring and summer, and after spending $5 on supplies, he was left with $24.",24,24
"A pet store had 36 siamese cats and 18 house cats. During a sale they sold 26 cats. How many cats do they have left?
The pet store originally had 36 Siamese cats and 18 house cats. That is a total of 36 + 18 = 54 cats. After selling 26, they have 54 - 26 = 28 cats. The answer is 28.
Therefore, the answer (arabic numerals) is",28,28,28
"Olivia and her mom were picking carrots from their garden. Olivia picked 20 and her mother picked 14. If only 19 of the carrots were good, how many bad carrots did they have?
Olivia picked 20 carrots and her mom picked 14. So in total, they picked 20 + 14 = 34 carrots. But only 19 were good. So 34 - 19 = 15 must be bad. The answer is 15.
Therefore, the answer (arabic numerals) is",15,15,15
"George had 30 dollars. For his birthday he got 16 more dollars but spent 38 on a new game. How much money does he have now?
George started with 30 dollars. After getting 16 more, he had 30 + 16 = 46 dollars. After spending 38 dollars, he had 46 - 38 = 8 dollars. The answer is 8.
Therefore, the answer (arabic numerals) is",8,8,8
"There were 6 girls and 48 boys trying out for the schools basketball team. If only 7 of them got called back, how many students didn't make the cut?
There were 6 girls and 48 boys. That makes 6 + 48 = 54 students. Only 7 got called back. That means 54 - 7 = 47 students did not make the cut. The answer is 47.
Therefore, the answer (arabic numerals) is",47,47,47
"For the school bake sale Amy made pastries. She baked 15 cupcakes and 48 cookies. After the sale she had 12 to take back home. How many pastries did she sell?
Amy made 15 cupcakes and 48 cookies. So she made 15 + 48 = 63 pastries. After the sale she had 12 left. So she sold 63 - 12 = 51. The answer is 51.
Therefore, the answer (arabic numerals) is",51,51,51
"At the schools book fair Victor bought 32 adventure books and 37 mystery books. If 16 of the books were used, how many new books did he buy?
Victor bought 32 adventure books and 37 mystery books. This is a total of 32 + 37 = 69 books. If 16 of the books were used, then he had 69 - 16 = 53 books left. The answer is 53.
Therefore, the answer (arabic numerals) is",53,53,53
"While on vacation, Haley took 50 pictures at the zoo and 8 at the museum. If she later deleted 38 of the pictures, how many pictures from her vacation did she still have?
Haley started with 50 pictures at the zoo and 8 at the museum. That's 50 + 8 = 58 pictures. After deleting 38, she had 58 - 38 = 20 pictures. The answer is 20.
Therefore, the answer (arabic numerals) is","You're absolutely right! The correct calculation is indeed:

58 (initial pictures) - 38 (deleted pictures) = 20

So, Haley had 20 pictures left after deleting 38 from her vacation.",20,20
"The school cafeteria ordered 37 red apples and 45 green apples for students lunches. But, if only 51 students wanted fruit, how many extra did the cafeteria end up with?
The cafeteria ordered 37 red apples and 45 green apples, which is 37 + 45 = 82 apples in total. If only 51 students wanted fruit, then they would have used 82 - 51 = 31 apples. The answer is 31.
Therefore, the answer (arabic numerals) is",31,31,31
"While shopping, Maria bought 35 green towels and 21 white towels. If she gave her mother 34 of them, how many towels did Maria end up with?
Maria originally bought 35 + 21 = 56 towels. After giving her mother 34 of them, she would have 56 - 34 = 22 towels left. The answer is 22.
Therefore, the answer (arabic numerals) is",22,22,22
"There were 17 girls and 32 boys trying out for the schools basketball team. If only 10 of them got called back, how many students didn't make the cut?
There were 17 girls and 32 boys. So that is 17 + 32 = 49 total students. If 10 got called back, then that leaves 49 - 10 = 39 students that didn't make the cut. The answer is 39.
Therefore, the answer (arabic numerals) is",The correct answer is indeed 39. Your step-by-step calculation is logical and accurate. You correctly identified the total number of students (49) and then subtracted the number of students who got called back (10) to find the number of students who didn't make the cut (39).,39,39
"Nancy and her mom were picking carrots from their garden. Nancy picked 38 and her mother picked 47. If only 71 of the carrots were good, how many bad carrots did they have?
Nancy and her mom picked 38 + 47 = 85 carrots. Only 71 were good, so 85 - 71 = 14 were bad. The answer is 14.
Therefore, the answer (arabic numerals) is",14,14,14
"A waiter at 'The Greasy Spoon' restaurant had 29 customers to wait on. During the lunch rush he added another 20 customers. If 34 of the customers didn't leave him a tip, how many customers did leave a tip?
The waiter started with 29 customers. He added another 20 customers. 29 + 20 = 49. 34 of the customers didn't leave a tip. So 49 - 34 = 15 customers left a tip. The answer is 15.
Therefore, the answer (arabic numerals) is",15,15,15
"Tom had to wash 10 short sleeve shirts and 25 long sleeve shirts before school. If he had only washed 5 of them by the time school started, how many did he not wash?
Tom had to wash 10 + 25 = 35 shirts. He washed 5 of them. So he did not wash 35 - 5 = 30 shirts. The answer is 30.
Therefore, the answer (arabic numerals) is",30,30,30
"Vanessa had 16 music files and 48 video files on her flash drive. If she deleted 30 of the files, how many files were still on her flash drive?
Originally Vanessa had 16 + 48 = 64 files. After deleting 30 files, she has 64 - 30 = 34 files left. The answer is 34.
Therefore, the answer (arabic numerals) is",34,34,34
"Kaleb started his own lawn mowing business. In the spring he made 4 dollars mowing lawns and in the summer he made 50 dollars. If he had to spend 4 dollars buying supplies, how much money did he end up with?
Kaleb made 4 dollars in the spring and 50 dollars in the summer. So he made 4 + 50 = 54 dollars. After spending 4 dollars on supplies, he would have 54 - 4 = 50 dollars left. The answer is 50.
Therefore, the answer (arabic numerals) is",50,50,50
"The school cafeteria ordered 6 red apples and 15 green apples for students lunches. But, if only 5 students wanted fruit, how many extra did the cafeteria end up with?
The cafeteria ordered 6 red apples and 15 green apples. That is 6 + 15 = 21 apples in total. If only 5 students wanted fruit, then the cafeteria would have 21 - 5 = 16 apples left over. The answer is 16.
Therefore, the answer (arabic numerals) is",16,16,16
"Bianca picked 39 tulips and 49 roses to make flower bouquets. If she only used 81 of the flowers though, how many extra flowers did Bianca pick?
Bianca picked 39 tulips and 49 roses, for a total of 39 + 49 = 88 flowers. She only used 81 of them, so 88 - 81 = 7 extra flowers. The answer is 7.
Therefore, the answer (arabic numerals) is","You're absolutely right! To solve the problem, you first calculated the total number of flowers Bianca picked by adding 39 tulips and 49 roses, which equals 88. Then, you subtracted the number of flowers used (81) from the total number of flowers to find the number of extra flowers Bianca picked, which is indeed 7.",7,7
"While on vacation, Nancy took 49 pictures at the zoo and 8 at the museum. If she later deleted 38 of the pictures, how many pictures from her vacation did she still have?
Nancy took 49 pictures at the zoo and 8 at the museum, for a total of 49 + 8 = 57 pictures. After deleting 38, she had 57 - 38 = 19 pictures left. The answer is 19.
Therefore, the answer (arabic numerals) is","The correct answer is indeed 19. Nancy took a total of 57 pictures initially, and after deleting 38, she was left with 19 pictures, which is the correct calculation.",19,19
"Gwen had 18 math problems and 11 science problems for homework. If she finished 24 of the problems at school, how many problems did she have to do for homework?
Gwen originally had 18 math problems and 11 science problems. That's 18 + 11 = 29 problems. If she finished 24, that means she has 29 - 24 = 5 problems left. The answer is 5.
Therefore, the answer (arabic numerals) is",5,5,5
"For Halloween Katie and her sister combined the candy they received. Katie had 10 pieces of candy while her sister had 6. If they ate 9 pieces the first night, how many pieces do they have left?
Katie had 10 pieces of candy and her sister had 6. 10 + 6 = 16. After eating 9, they have 16 - 9 pieces of candy left. 16 - 9 is 7. The answer is 7.
Therefore, the answer (arabic numerals) is",7,7,7
"A pet store had 15 siamese cats and 49 house cats. During a sale they sold 19 cats. How many cats do they have left?
The pet store started with 15 siamese cats and 49 house cats. So they had 15 + 49 = 64 cats. During the sale, they sold 19 cats. So they have 64 - 19 = 45 cats left. The answer is 45.
Therefore, the answer (arabic numerals) is",45,45,45
"There were 9 girls and 14 boys trying out for the schools basketball team. If only 2 of them got called back, how many students didn't make the cut?
There were 9 girls and 14 boys, so 9 + 14 = 23 students trying out. Only 2 got called back, so 23 - 2 = 21 students did not make the cut. The answer is 21.
Therefore, the answer (arabic numerals) is",21,21,21
"Haley had 27 music files and 42 video files on her flash drive. If she deleted 11 of the files, how many files were still on her flash drive?
Haley started with 27 + 42 = 69 files. After deleting 11, she has 69 - 11 = 58 files. The answer is 58.
Therefore, the answer (arabic numerals) is",58,58,58
"While shopping, Maria bought 40 green towels and 44 white towels. If she gave her mother 65 of them, how many towels did Maria end up with?
Maria originally bought 40 + 44 = 84 towels. After giving 65 away, she had 84 - 65 = 19. The answer is 19.
Therefore, the answer (arabic numerals) is",19,19,19
"A waiter at 'The Greasy Spoon' restaurant had 39 customers to wait on. During the lunch rush he added another 12 customers. If 49 of the customers didn't leave him a tip, how many customers did leave a tip?
The waiter started with 39 customers. After adding 12 more, that is 39 + 12 = 51. 49 of the customers did not leave a tip. So the number of customers who did leave a tip is 51 - 49 = 2. The answer is 2.
Therefore, the answer (arabic numerals) is",2,2,2
"A pet store had 19 siamese cats and 45 house cats. During a sale they sold 56 cats. How many cats do they have left?
There were originally 19 siamese cats and 45 house cats. So there were 19 + 45 = 64 cats. After selling 56, they have 64 - 56 = 8 cats left. The answer is 8.
Therefore, the answer (arabic numerals) is",8,8,8
"A waiter at 'The Greasy Spoon' restaurant had 26 customers to wait on. During the lunch rush he added another 27 customers. If 27 of the customers didn't leave him a tip, how many customers did leave a tip?
The waiter had 26 customers originally. After the lunch rush, he had 26 + 27 = 53 customers. If 27 didn't leave a tip, that means 53 - 27 = 26 did. The answer is 26.
Therefore, the answer (arabic numerals) is",26,26,26
"Rachel bought two coloring books. One had 24 pictures and the other had 39. After one week she had already colored 4 of the pictures. How many pictures does she still have to color?
The first coloring book has 24 pictures. The second coloring book has 39 pictures. So in total, there are 24 + 39 = 63 pictures. After coloring 4, there are 63 - 4 = 59 pictures left. The answer is 59.
Therefore, the answer (arabic numerals) is",59,59,59
"While shopping, Emily bought 5 green towels and 30 white towels. If she gave her mother 26 of them, how many towels did Emily end up with?
Emily bought 5 green towels and 30 white towels. So in total she bought 5 + 30 = 35 towels. After giving her mother 26, she has 35 - 26 = 9. The answer is 9.
Therefore, the answer (arabic numerals) is",9,9,9
"For Halloween Katie and her sister combined the candy they received. Katie had 8 pieces of candy while her sister had 23. If they ate 8 pieces the first night, how many pieces do they have left?
Katie and her sister combined had 8 + 23 = 31 pieces of candy. After eating 8 pieces, they had 31 - 8 = 23 pieces of candy. The answer is 23.
Therefore, the answer (arabic numerals) is",23,23,23
"Ned was trying to expand his game collection. He bought 50 games from a friend and bought 27 more at a garage sale. If 74 of the games didn't work, how many good games did he end up with?
Ned bought 50 games from a friend. He bought 27 more at a garage sale. 50 + 27 = 77. If 74 of the games didn't work, then there are 77 - 74 = 3 good games. The answer is 3.
Therefore, the answer (arabic numerals) is","You're absolutely correct! Your step-by-step calculation is accurate and logical. By adding the number of games Ned bought from his friend (50) to the number of games he bought at the garage sale (27), you get a total of 77 games. Then, by subtracting the number of non-working games (74) from this total, you arrive at the correct answer of 3 good games.",3,3
"For the school bake sale Wendy made pastries. She baked 41 cupcakes and 31 cookies. After the sale she had 32 to take back home. How many pastries did she sell?
Wendy started with 41 cupcakes and 31 cookies, which is 41 + 31 = 72 pastries. She ended with 32. So she sold 72 - 32 = 40 pastries. The answer is 40.
Therefore, the answer (arabic numerals) is",40,40,40
"The school cafeteria ordered 25 red apples and 17 green apples for students lunches. But, if only 10 students wanted fruit, how many extra did the cafeteria end up with?
The cafeteria ordered 25 + 17 = 42 apples. But only 10 students wanted fruit, so the cafeteria would have been happy to have 10 apples. So the cafeteria has 42 - 10 = 32 extra apples. The answer is 32.
Therefore, the answer (arabic numerals) is",32,32,32
"At the arcade, Jerry won 29 tickets playing 'whack a mole' and 17 tickets playing 'skee ball'. If he spent 12 of his tickets on a hat, how many tickets does Jerry have left?
Jerry started with 29 + 17 = 46 tickets. After spending 12, he has 46 - 12 = 34 tickets left. The answer is 34.
Therefore, the answer (arabic numerals) is",34,34,34
"Cody had 45 dollars. For his birthday he got 9 more dollars but spent 19 on a new game. How much money does he have now?
Cody started with 45 dollars. He got 9 more dollars, so he had 45 + 9 = 54 dollars. After spending 19 dollars, he had 54 - 19 = 35 dollars. The answer is 35.
Therefore, the answer (arabic numerals) is",35,35,35
"For the school bake sale Carol made 30 cupcakes. If she sold 9 of them and then made 28 more, how many cupcakes would she have?
Carol started with 30 cupcakes. She sold 9, so she had 30 - 9 = 21. Then she made 28 more, so she had 21 + 28 = 49. The answer is 49.
Therefore, the answer (arabic numerals) is",49,49,49
"For Halloween Faye scored 47 pieces of candy. She ate 25 pieces the first night and then her sister gave her 40 more pieces. How many pieces of candy does Faye have now?
Faye started with 47 pieces of candy. After eating 25, she had 47 - 25 = 22 pieces left. After her sister gave her 40 more pieces, she had 22 + 40 = 62 pieces. The answer is 62.
Therefore, the answer (arabic numerals) is",62,62,62
"Kaleb had 34 books. If he sold 17 of them and used the money he earned to buy 7 new books, how many books would Kaleb have?
Kaleb started with 34 books. After selling 17, he would have 34 - 17 = 17 books. After buying 7 more, he would have 17 + 7 = 24 books. The answer is 24.
Therefore, the answer (arabic numerals) is",24,24,24
"In fourth grade there were 10 students at the start of the year. During the year 4 students left and 42 new students came to school. How many students were in fourth grade at the end?
There were originally 10 students. After 4 left, there were 10 - 4 = 6 students. Then 42 new students came, so 6 + 42 = 48 students. The answer is 48.
Therefore, the answer (arabic numerals) is",48,48,48
"Oliver had 33 dollars in January. By March he had spent 4 dollars. If he got another 32 dollars from his mom, how much money would he have?
Oliver started with 33 dollars. After spending 4 dollars, he would have 33 - 4 = 29 dollars. If he then got 32 more dollars, he would have 29 + 32 = 61 dollars. The answer is 61.
Therefore, the answer (arabic numerals) is",61,61,61
"A florist had 37 roses. If she sold 16 of them and then later picked 19 more, how many roses would she have?
The florist started with 37 roses. After selling 16, she had 37 - 16 = 21 roses. After picking 19 more, she had 21 + 19 = 40 roses. The answer is 40.
Therefore, the answer (arabic numerals) is",40,40,40
"A teacher had 6 worksheets to grade. If she graded 4, but then another 18 were turned in, how many worksheets would she have to grade?
The teacher started with 6 worksheets to grade. She graded 4, leaving 6 - 4 = 2. After 18 more were turned in, she would have 2 + 18 = 20 worksheets to grade. The answer is 20.
Therefore, the answer (arabic numerals) is",20,20,20
"A book store had 41 books in the bargin bin. If they sold 33 books, but then put 2 more in the bin, how many books would be in the bin?
The store started with 41 books. After selling 33, they would have 41 - 33 = 8. After putting 2 more in, they would have 8 + 2 = 10. The answer is 10.
Therefore, the answer (arabic numerals) is",10,10,10
"A waiter had 19 customers to wait on. If 14 customers left and he got another 36 customers, how many customers would he have?
The waiter started with 19 customers. 14 left, so there were 19 - 14 = 5 customers. Then 36 more customers came in. 5 + 36 = 41. The answer is 41.
Therefore, the answer (arabic numerals) is",41,41,41
"At the fair there were 9 people in line for the bumper cars. If 6 of them got tired of waiting and left and 3 more got in line, how many people would be in line?
There were originally 9 people in line. If 6 left, then there would be 9 - 6 = 3 people left. If 3 more people got in line, then there would be 3 + 3 = 6 people in line. The answer is 6.
Therefore, the answer (arabic numerals) is","A simple and straightforward problem!

Your solution is absolutely correct. You correctly calculated the number of people remaining after 6 left, which is 3, and then added the 3 new people who joined the line, resulting in a total of 6 people in line.

So, indeed, the answer is:

6",6,6
"A teacher had 7 worksheets to grade. If she graded 2, but then another 46 were turned in, how many worksheets would she have to grade?
The teacher started with 7 worksheets to grade. She graded 2, so now she has 7 - 2 = 5 left. Then 46 more were turned in. So now she has 5 + 46 = 51. The answer is 51.
Therefore, the answer (arabic numerals) is",51,51,51
"Paige had 8 songs on her mp3 player. If she deleted 5 old songs from it and then added 30 new songs, how many songs does she have on her mp3 player?
Paige started with 8 songs. After deleting 5 songs, she had 8 - 5 = 3 songs. After adding 30 new songs, she had 3 + 30 = 33 songs. The answer is 33.
Therefore, the answer (arabic numerals) is","The correct answer is indeed 33. By subtracting the 5 old songs and then adding the 30 new songs, Paige ended up with a total of 33 songs on her mp3 player.",33,33
"Maria picked 48 carrots from her garden. If she threw out 11 of them and then picked 15 more the next day, how many carrots would she have total?
Maria started with 48 carrots. After throwing out 11, she had 48 - 11 = 37 carrots. After picking 15 more, she had 37 + 15 = 52 carrots. The answer is 52.
Therefore, the answer (arabic numerals) is",52,52,52
"A store had 34 oranges in a bin. If they threw away 20 of the old ones and put 13 new ones in the bin how many would be in the bin?
There were originally 34 oranges. After throwing away 20, there are 34 - 20 = 14 oranges. After putting in 13 more, there are 14 + 13 = 27 oranges. The answer is 27.
Therefore, the answer (arabic numerals) is",27,27,27
"A waiter had 47 customers to wait on. If 41 customers left and he got another 20 customers, how many customers would he have?
The waiter started with 47 customers. 41 left, so that leaves 47 - 41 = 6 customers. Then 20 more customers came, so 6 + 20 = 26. The answer is 26.
Therefore, the answer (arabic numerals) is",26,26,26
"In fourth grade there were 33 students at the start of the year. During the year 18 students left and 14 new students came to school. How many students were in fourth grade at the end?
There were originally 33 students. 18 students left and 14 students came, so 33 - 18 + 14 = 29. The answer is 29.
Therefore, the answer (arabic numerals) is",29,29,29
"For the school bake sale Katie made 26 cupcakes. If she sold 20 of them and then made 20 more, how many cupcakes would she have?
Katie started with 26 cupcakes. She sold 20, so she has 26 - 20 = 6 left. Then she made 20 more. 6 + 20 = 26. The answer is 26.
Therefore, the answer (arabic numerals) is",26,26,26
"Adam had 5 dollars. At the store he spent $2 on a new game. If he got another 5 dollars for his allowance, how much money does he have now?
Adam started with 5 dollars. He spent 2 dollars. So he has 5 - 2 = 3 dollars left. Then he got 5 more dollars in his allowance. 3 + 5 = 8. The answer is 8.
Therefore, the answer (arabic numerals) is",8,8,8
"Tiffany was playing a video game and had 43 lives. In a hard part of the game she lost 14 lives. If she got 27 more lives in the next level, how many lives would she have?
Tiffany started with 43 lives. She lost 14 lives, so she had 43 - 14 = 29. After getting 27 more lives, she had 29 + 27 = 56. The answer is 56.
Therefore, the answer (arabic numerals) is",56,56,56
"At the fair there were 12 people in line for the bumper cars. If 10 of them got tired of waiting and left and 15 more got in line, how many people would be in line?
There were originally 12 people in line. If 10 left, then there were 12 - 10 = 2 people left. If 15 more got in line, then there were 2 + 15 = 17 people in line. The answer is 17.
Therefore, the answer (arabic numerals) is","A simple and straightforward math problem!

You're absolutely right. Let's break it down:

Initially, there are 12 people in line.
10 people leave, leaving 12 - 10 = 2 people in line.
Then, 15 more people join the line, making the total number of people in line 2 + 15 = 17.

So, the answer is indeed 17.",17,17
"A waiter had 14 customers to wait on. If 3 customers left and he got another 39 customers, how many customers would he have?
The waiter started with 14 customers. If 3 customers left, then that would be 14 - 3 = 11. Then 39 more customers came, so that would be 11 + 39 = 50. The answer is 50.
Therefore, the answer (arabic numerals) is",50,50,50
"At the fair there were 30 people in line for the bumper cars. If 10 of them got tired of waiting and left and 5 more got in line, how many people would be in line?
There were originally 30 people in line. 10 left and 5 got in line. So the number of people in line is 30 - 10 + 5. 30 - 10 is 20. 20 + 5 is 25. The answer is 25.
Therefore, the answer (arabic numerals) is",25,25,25
"Faye had 34 coloring books. If she gave away 3 of them, but then bought 48 more, how many would she have total?
Faye started with 34 coloring books. After giving away 3, she had 34 - 3 = 31. After buying 48 more, she had 31 + 48 = 79. The answer is 79.
Therefore, the answer (arabic numerals) is",79,79,79
"Paige had 11 songs on her mp3 player. If she deleted 9 old songs from it and then added 8 new songs, how many songs does she have on her mp3 player?
Paige originally had 11 songs. After deleting 9, she had 11 - 9 = 2 songs. After adding 8 new songs, she had 2 + 8 = 10 songs. The answer is 10.
Therefore, the answer (arabic numerals) is",10,10,10
"A teacher had 38 worksheets to grade. If she graded 4, but then another 15 were turned in, how many worksheets would she have to grade?
The teacher started with 38 worksheets to grade. She graded 4, which left her with 38 - 4 = 34 worksheets. Then 15 more were turned in. So 34 + 15 = 49. The answer is 49.
Therefore, the answer (arabic numerals) is",49,49,49
"In fourth grade there were 40 students at the start of the year. During the year 14 students left and 26 new students came to school. How many students were in fourth grade at the end?
There were originally 40 students. 14 left, so that leaves 40 - 14 = 26 students. 26 new students came to school, so the total number of students is 26 + 26 = 52. The answer is 52.
Therefore, the answer (arabic numerals) is",52,52,52
"Wendy was playing a video game and had 43 lives. In a hard part of the game she lost 8 lives. If she got 39 more lives in the next level, how many lives would she have?
Wendy started with 43 lives. She lost 8, so she had 43 - 8 = 35 lives left. After getting 39 more lives, she would have 35 + 39 = 74 lives. The answer is 74.
Therefore, the answer (arabic numerals) is",74,74,74
"A book store had 4 books in the bargin bin. If they sold 3 books, but then put 10 more in the bin, how many books would be in the bin?
The bookstore originally had 4 books. After selling 3, there were 4 - 3 = 1 book left. After putting 10 more in the bin, there were 1 + 10 = 11 books in the bin. The answer is 11.
Therefore, the answer (arabic numerals) is",11,11,11
"At the arcade Cody won 49 tickets. If he spent 25 tickets on a beanie and later won 6 more tickets, how many would he have?
Cody started with 49 tickets. After spending 25, he had 49 - 25 = 24 tickets. After winning 6 more tickets, he would have 24 + 6 = 30 tickets. The answer is 30.
Therefore, the answer (arabic numerals) is",30,30,30
"For the school bake sale Bianca made 14 cupcakes. If she sold 6 of them and then made 17 more, how many cupcakes would she have?
Bianca started with 14 cupcakes. After selling 6, she had 14 - 6 = 8. After making 17 more, she had 8 + 17 = 25. The answer is 25.
Therefore, the answer (arabic numerals) is",25,25,25
"Bianca had 45 coloring books. If she gave away 6 of them, but then bought 20 more, how many would she have total?
Bianca started with 45 coloring books. After giving away 6, she had 45 - 6 = 39. After buying 20 more, she had 39 + 20 = 59. The answer is 59.
Therefore, the answer (arabic numerals) is",59,59,59
"Zoe had 15 songs on her mp3 player. If she deleted 8 old songs from it and then added 50 new songs, how many songs does she have on her mp3 player?
Zoe started with 15 songs. After deleting 8, she had 15 - 8 = 7 songs. After adding 50, she had 7 + 50 = 57 songs. The answer is 57.
Therefore, the answer (arabic numerals) is",57,57,57
"At the arcade Jerry won 4 tickets. If he spent 2 tickets on a beanie and later won 47 more tickets, how many would he have?
Jerry started with 4 tickets. He spent 2 tickets. So he had 4 - 2 = 2 tickets left. Then he won 47 more tickets. 2 + 47 = 49. The answer is 49.
Therefore, the answer (arabic numerals) is",49,49,49
"A store had 31 oranges in a bin. If they threw away 9 of the old ones and put 38 new ones in the bin how many would be in the bin?
The store started with 31 oranges. After throwing away 9, there are 31 - 9 = 22 oranges. After putting in 38 new ones, there are 22 + 38 = 60 oranges. The answer is 60.
Therefore, the answer (arabic numerals) is",60,60,60
"Adam had 33 books. If he sold 11 of them and used the money he earned to buy 23 new books, how many books would Adam have?
Adam started with 33 books. After selling 11, he had 33 - 11 = 22. After buying 23, he had 22 + 23 = 45. The answer is 45.
Therefore, the answer (arabic numerals) is",45,45,45
"At the fair there were 10 people in line for the bumper cars. If 2 of them got tired of waiting and left and 2 more got in line, how many people would be in line?
There were originally 10 people in line. 2 left and 2 more got in line. So that is 10 - 2 + 2 = 10. The answer is 10.
Therefore, the answer (arabic numerals) is","A simple and straightforward problem!

You're absolutely right. Let's break it down step by step:

Initially, there are 10 people in line.
2 people leave, so we subtract 2 from the initial number: 10 - 2 = 8.
Then, 2 more people join the line, so we add 2 to the current number: 8 + 2 = 10.

So, indeed, the correct answer is 10. Well done!",10,10
"The school cafeteria had 38 apples. If they used 20 to make lunch for the students and then bought 28 more, how many apples would they have?
The cafeteria started with 38 apples. Then they used 20. 38 - 20 = 18. After buying 28 more, they have 18 + 28 = 46 apples. The answer is 46.
Therefore, the answer (arabic numerals) is",46,46,46
"George had 28 socks. If he threw away 4 old ones that didn't fit and bought 36 new ones, how many socks would he have?
George started with 28 socks. He threw away 4, so that leaves 28 - 4 = 24. Then he bought 36 new ones, so he now has 24 + 36 = 60. The answer is 60.
Therefore, the answer (arabic numerals) is",60,60,60
"For Halloween Robin scored 23 pieces of candy. She ate 7 pieces the first night and then her sister gave her 21 more pieces. How many pieces of candy does Robin have now?
Robin started with 23 pieces of candy. She ate 7, so she had 23 - 7 = 16 pieces left. Then her sister gave her 21 more pieces. 16 + 21 = 37. The answer is 37.
Therefore, the answer (arabic numerals) is",37,37,37
"Rachel was playing a video game and had 10 lives. In a hard part of the game she lost 4 lives. If she got 26 more lives in the next level, how many lives would she have?
Rachel started with 10 lives. She lost 4 lives. So she had 10 - 4 = 6 lives. Then she got 26 more lives. So she now has 6 + 26 = 32 lives. The answer is 32.
Therefore, the answer (arabic numerals) is",32,32,32
"A florist had 6 roses. If she sold 5 of them and then later picked 12 more, how many roses would she have?
The florist started with 6 roses. If she sold 5, then she has 6 - 5 = 1 rose. If she picked 12 more, then she has 1 + 12 = 13 roses. The answer is 13.
Therefore, the answer (arabic numerals) is",13,13,13
"For Halloween Haley scored 33 pieces of candy. She ate 17 pieces the first night and then her sister gave her 19 more pieces. How many pieces of candy does Haley have now?
Haley started with 33 pieces of candy. She ate 17 pieces, so she had 33 - 17 = 16 left. Her sister gave her 19 more, so she now has 16 + 19 = 35 pieces. The answer is 35.
Therefore, the answer (arabic numerals) is",35,35,35
"The school cafeteria had 14 apples. If they used 13 to make lunch for the students and then bought 49 more, how many apples would they have?
The cafeteria started with 14 apples. Then they used 13 to make lunch. 14 - 13 = 1. So they had 1 apple left. Then they bought 49 more. 1 + 49 = 50. The answer is 50.
Therefore, the answer (arabic numerals) is",50,50,50
"Edward had 43 books. If he sold 19 of them and used the money he earned to buy 14 new books, how many books would Edward have?
Edward started with 43 books. After selling 19, he had 43 - 19 = 24 books. After buying 14 new books, he had 24 + 14 = 38 books. The answer is 38.
Therefore, the answer (arabic numerals) is",38,38,38
"A teacher had 29 worksheets to grade. If she graded 25, but then another 29 were turned in, how many worksheets would she have to grade?
The teacher had 29 worksheets to grade. She graded 25. That leaves 29 - 25 = 4. Then 29 more worksheets are turned in, making a total of 4 + 29 = 33. The answer is 33.
Therefore, the answer (arabic numerals) is",33,33,33
"In fourth grade there were 35 students at the start of the year. During the year 10 students left and 10 new students came to school. How many students were in fourth grade at the end?
There were originally 35 students. 10 left and 10 came, so 35 - 10 + 10 = 35. The answer is 35.
Therefore, the answer (arabic numerals) is","A simple and straightforward question!

Let's break it down:

Initially, there were 35 students in fourth grade.

10 students left, which means the number of students decreased by 10. So, the new number of students is:
35 - 10 = 25

However, 10 new students came to school, which means the number of students increased by 10. So, the final number of students is:
25 + 10 = 35

And indeed, the answer is still 35, as you correctly pointed out!",35,35
"For the school bake sale Carol made 19 cupcakes. If she sold 6 of them and then made 27 more, how many cupcakes would she have?
Carol started with 19 cupcakes. After selling 6, she had 19 - 6 = 13. After making 27 more, she had 13 + 27 = 40. The answer is 40.
Therefore, the answer (arabic numerals) is",40,40,40
"A store had 40 oranges in a bin. If they threw away 37 of the old ones and put 7 new ones in the bin how many would be in the bin?
The store started with 40 oranges. After throwing away 37, they had 40 - 37 = 3 oranges left. After putting 7 new oranges in the bin, they now have 3 + 7 = 10 oranges. The answer is 10.
Therefore, the answer (arabic numerals) is",10,10,10
"At the arcade Victor won 46 tickets. If he spent 27 tickets on a beanie and later won 39 more tickets, how many would he have?
Victor started with 46 tickets. He spent 27 tickets, so he had 46 - 27 = 19 tickets left. He then won 39 more tickets, so he now has 19 + 39 = 58 tickets. The answer is 58.
Therefore, the answer (arabic numerals) is",58,58,58
"Chloe picked 48 carrots from her garden. If she threw out 45 of them and then picked 42 more the next day, how many carrots would she have total?
Chloe started with 48 carrots. After throwing out 45, she had 48 - 45 = 3 carrots. Then she picked 42 more. So she had 3 + 42 = 45 carrots. The answer is 45.
Therefore, the answer (arabic numerals) is",The correct answer is indeed 45.,45,45
"Sam had 10 socks. If he threw away 3 old ones that didn't fit and bought 36 new ones, how many socks would he have?
Sam started with 10 socks. He threw away 3, leaving him with 10 - 3 = 7. Then he bought 36 new ones, for a total of 7 + 36 = 43. The answer is 43.
Therefore, the answer (arabic numerals) is",43,43,43
"Maria had 14 bottles of water in her fridge. If she drank 8 of them and then bought 45 more, how many bottles would she have?
Maria started with 14 bottles. She drank 8 of them, so she had 14 - 8 = 6 left. After buying 45 more, she had 6 + 45 = 51. The answer is 51.
Therefore, the answer (arabic numerals) is",51,51,51
"A teacher had 34 worksheets to grade. If she graded 7, but then another 36 were turned in, how many worksheets would she have to grade?
The teacher started with 34 worksheets. She graded 7, so she had 34 - 7 = 27 left. Then another 36 worksheets were turned in. 27 + 36 is 63. The answer is 63.
Therefore, the answer (arabic numerals) is",63,63,63
"At the fair there were 7 people in line for the bumper cars. If 4 of them got tired of waiting and left and 8 more got in line, how many people would be in line?
There were originally 7 people in line. 4 of them left, so that is 7 - 4 = 3. Then 8 more got in line, so 3 + 8 = 11. The answer is 11.
Therefore, the answer (arabic numerals) is","That's correct! You started with 7 people in line, then 4 left, leaving 3. After that, 8 more people joined the line, bringing the total to 3 + 8 = 11. So the correct answer is indeed 11.",11,11
"Emily had 7 coloring books. If she gave away 2 of them, but then bought 14 more, how many would she have total?
Emily started with 7 coloring books. After giving away 2, she would have 7 - 2 = 5 coloring books. After buying 14 more, she would have 5 + 14 = 19 coloring books. The answer is 19.
Therefore, the answer (arabic numerals) is",19,19,19
"At the arcade Dave won 25 tickets. If he spent 22 tickets on a beanie and later won 15 more tickets, how many would he have?
Dave started with 25 tickets. After spending 22, he had 25 - 22 = 3 tickets left. After winning 15 more, he has 3 + 15 = 18 tickets. The answer is 18.
Therefore, the answer (arabic numerals) is",18,18,18
"Robin had 30 songs on her mp3 player. If she deleted 8 old songs from it and then added 10 new songs, how many songs does she have on her mp3 player?
Robin started with 30 songs. She deleted 8, so she had 30 - 8 = 22 songs left. Then she added 10 more songs. So 22 + 10 = 32 songs. The answer is 32.
Therefore, the answer (arabic numerals) is",32,32,32
"The school cafeteria had 23 apples. If they used 20 to make lunch for the students and then bought 6 more, how many apples would they have?
The cafeteria started with 23 apples. After using 20, they had 23 - 20 = 3 apples. Then they bought 6 more apples. 3 + 6 = 9. The answer is 9.
Therefore, the answer (arabic numerals) is",9,9,9
"Janet was playing a video game and had 38 lives. In a hard part of the game she lost 16 lives. If she got 32 more lives in the next level, how many lives would she have?
Janet started with 38 lives. She lost 16, so she had 38 - 16 = 22. Then she got 32 more lives. So she had 22 + 32 = 54. The answer is 54.
Therefore, the answer (arabic numerals) is",54,54,54
"Megan picked 19 carrots from her garden. If she threw out 4 of them and then picked 46 more the next day, how many carrots would she have total?
Megan started with 19 carrots. After throwing out 4, she had 19 - 4 = 15. After picking 46 more, she had 15 + 46 = 61. The answer is 61.
Therefore, the answer (arabic numerals) is",61,61,61
"Roger had 45 dollars in January. By March he had spent 20 dollars. If he got another 46 dollars from his mom, how much money would he have?
Roger started with 45 dollars. After spending 20 dollars, he had 45 - 20 = 25 dollars. After getting 46 more dollars from his mom, he had 25 + 46 = 71 dollars. The answer is 71.
Therefore, the answer (arabic numerals) is",71,71,71
"The school cafeteria had 17 apples. If they used 2 to make lunch for the students and then bought 23 more, how many apples would they have?
The cafeteria started with 17 apples. After using 2, they had 17 - 2 = 15 apples left. After buying 23 more, they have 15 + 23 = 38 apples. The answer is 38.
Therefore, the answer (arabic numerals) is",38,38,38
"Janet was playing a video game and had 47 lives. In a hard part of the game she lost 23 lives. If she got 46 more lives in the next level, how many lives would she have?
Janet started with 47 lives. After losing 23 lives, she had 47 - 23 = 24 lives. Then she got 46 more lives. 24 + 46 = 70. The answer is 70.
Therefore, the answer (arabic numerals) is",70,70,70
"Nancy picked 12 carrots from her garden. If she threw out 2 of them and then picked 21 more the next day, how many carrots would she have total?
Nancy started with 12 carrots. She threw out 2, so she had 12 - 2 = 10. Then she picked 21 more, so she had 10 + 21 = 31. The answer is 31.
Therefore, the answer (arabic numerals) is",31,31,31
"Bianca had 34 songs on her mp3 player. If she deleted 14 old songs from it and then added 44 new songs, how many songs does she have on her mp3 player?
Bianca started with 34 songs. If she deleted 14, then she had 34 - 14 = 20 songs left. Then she added 44 new songs. So she now has 20 + 44 = 64. The answer is 64.
Therefore, the answer (arabic numerals) is","According to the correct calculation, Bianca started with 34 songs, deleted 14, leaving 20, and then added 44 new songs, resulting in a total of 20 + 44 = 64 songs.",64,64
"Tom had 5 books. If he sold 4 of them and used the money he earned to buy 38 new books, how many books would Tom have?
Tom originally had 5 books. After selling 4, he has 5 - 4 = 1 book left. He then bought 38 new books, so he now has 1 + 38 = 39 books. The answer is 39.
Therefore, the answer (arabic numerals) is",39,39,39
"John had 33 socks. If he threw away 19 old ones that didn't fit and bought 13 new ones, how many socks would he have?
John started with 33 socks. He threw away 19, leaving him with 33 - 19 = 14. After buying 13 new ones, he would have 14 + 13 = 27. The answer is 27.
Therefore, the answer (arabic numerals) is",27,27,27
"For the school bake sale Maria made 19 cupcakes. If she sold 5 of them and then made 10 more, how many cupcakes would she have?
Maria started with 19 cupcakes. After selling 5, she had 19 - 5 = 14. Then she made 10 more, so she had 14 + 10 = 24. The answer is 24.
Therefore, the answer (arabic numerals) is",24,24,24
"A store had 50 oranges in a bin. If they threw away 40 of the old ones and put 24 new ones in the bin how many would be in the bin?
The store started with 50 oranges. After throwing away 40, there are 50 - 40 = 10 oranges left. Then, they put 24 new ones in the bin. So there are 10 + 24 = 34 oranges in the bin. The answer is 34.
Therefore, the answer (arabic numerals) is",34,34,34
"In fourth grade there were 8 students at the start of the year. During the year 5 students left and 8 new students came to school. How many students were in fourth grade at the end?
There were originally 8 students. After 5 students left, there were 8 - 5 = 3 students. After 8 new students came, there were 3 + 8 = 11 students. The answer is 11.
Therefore, the answer (arabic numerals) is",11,11,11
"Bianca picked 23 carrots from her garden. If she threw out 10 of them and then picked 47 more the next day, how many carrots would she have total?
Bianca started with 23 carrots. Then she threw out 10. So she had 23 - 10 = 13 left. Then she picked 47 more. So she had 13 + 47 = 60 carrots total. The answer is 60.
Therefore, the answer (arabic numerals) is",60,60,60
"Zoe had 42 bottles of water in her fridge. If she drank 25 of them and then bought 30 more, how many bottles would she have?
Zoe started with 42 bottles. After drinking 25, she has 42 - 25 = 17 bottles. After buying 30 more, she has 17 + 30 = 47 bottles. The answer is 47.
Therefore, the answer (arabic numerals) is",47,47,47
"Katie had 11 songs on her mp3 player. If she deleted 7 old songs from it and then added 24 new songs, how many songs does she have on her mp3 player?
Katie started with 11 songs. After deleting 7, she had 11 - 7 = 4 songs. After adding 24 new songs, she had 4 + 24 = 28 songs. The answer is 28.
Therefore, the answer (arabic numerals) is",28,28,28
"A store had 5 oranges in a bin. If they threw away 2 of the old ones and put 28 new ones in the bin how many would be in the bin?
The store started with 5 oranges. If they threw away 2, they would have 5 - 2 = 3 oranges left. After adding 28 new ones, they would have 3 + 28 = 31 oranges. The answer is 31.
Therefore, the answer (arabic numerals) is",31,31,31
"Adam had 48 books. If he sold 19 of them and used the money he earned to buy 38 new books, how many books would Adam have?
Adam started with 48 books. He sold 19, which left him with 48 - 19 = 29 books. He then bought 38 new books. 29 + 38 = 67. The answer is 67.
Therefore, the answer (arabic numerals) is",67,67,67
"In fourth grade there were 31 students at the start of the year. During the year 5 students left and 11 new students came to school. How many students were in fourth grade at the end?
There were 31 students at the start. 5 students left, so there were 31 - 5 = 26. Then 11 students came, so there were 26 + 11 = 37. The answer is 37.
Therefore, the answer (arabic numerals) is",37,37,37
"For the school bake sale Robin made 42 cupcakes. If she sold 22 of them and then made 39 more, how many cupcakes would she have?
Robin started with 42 cupcakes. She sold 22 of them. 42 - 22 is 20. After making 39 more, she had 20 + 39 = 59. The answer is 59.
Therefore, the answer (arabic numerals) is",59,59,59
"A florist had 11 roses. If she sold 2 of them and then later picked 32 more, how many roses would she have?
The florist started with 11 roses. After selling 2, she has 11 - 2 = 9 roses. Then she picked 32 more. 9 + 32 = 41. The answer is 41.
Therefore, the answer (arabic numerals) is",41,41,41
"Frank had 11 dollars. At the store he spent $3 on a new game. If he got another 14 dollars for his allowance, how much money does he have now?
Frank started with 11 dollars. After spending 3 dollars, he had 11 - 3 = 8 dollars. If he then got 14 more dollars, he would have 8 + 14 = 22 dollars. The answer is 22.
Therefore, the answer (arabic numerals) is",22,22,22
"Haley was playing a video game and had 14 lives. In a hard part of the game she lost 4 lives. If she got 36 more lives in the next level, how many lives would she have?
Haley started with 14 lives. After losing 4 lives, she had 14 - 4 = 10 lives. After getting 36 more lives, she had 10 + 36 = 46 lives. The answer is 46.
Therefore, the answer (arabic numerals) is","The correct answer is indeed 46. By subtracting 4 lives from her initial 14, Haley was left with 10 lives. Then, when she gained 36 more lives, her total life count became 10 + 36 = 46.",46,46
"Luke had 48 dollars in January. By March he had spent 11 dollars. If he got another 21 dollars from his mom, how much money would he have?
Luke started with 48 dollars. After spending 11 dollars, he had 48 - 11 = 37 dollars. Then, he got 21 dollars from his mom. So he had 37 + 21 = 58 dollars. The answer is 58.
Therefore, the answer (arabic numerals) is",58,58,58
"Emily was playing a video game and had 42 lives. In a hard part of the game she lost 25 lives. If she got 24 more lives in the next level, how many lives would she have?
Emily started with 42 lives. After losing 25, she had 42 - 25 = 17 lives left. After getting 24 more lives, she had 17 + 24 = 41 lives. The answer is 41.
Therefore, the answer (arabic numerals) is",41,41,41
"Debby had 30 coloring books. If she gave away 7 of them, but then bought 35 more, how many would she have total?
Debby started with 30 coloring books. After giving away 7, she would have 30 - 7 = 23 coloring books. After buying 35 more, she would have 23 + 35 = 58 coloring books. The answer is 58.
Therefore, the answer (arabic numerals) is",58,58,58
"The school cafeteria had 12 apples. If they used 8 to make lunch for the students and then bought 19 more, how many apples would they have?
The cafeteria started with 12 apples. Then they used 8 to make lunch. So they had 12 - 8 = 4 apples left. Then they bought 19 more apples. 4 + 19 = 23. The answer is 23.
Therefore, the answer (arabic numerals) is",23,23,23
"At the fair there were 31 people in line for the bumper cars. If 25 of them got tired of waiting and left and 25 more got in line, how many people would be in line?
There were originally 31 people in line. 25 of them left, leaving 31 - 25 = 6. Then 25 more got in line, so 6 + 25 = 31. The answer is 31.
Therefore, the answer (arabic numerals) is","That's correct! The calculation is straightforward:

Initially, there were 31 people in line.
25 people left, leaving 31 - 25 = 6 people in line.
Then, 25 more people joined the line, making a total of 6 + 25 = 31 people in line again, which is the same number as initially.",31,31
"A florist had 50 roses. If she sold 15 of them and then later picked 21 more, how many roses would she have?
The florist started with 50 roses. After selling 15, she had 50 - 15 = 35 roses. After picking 21 more, she would have 35 + 21 = 56 roses. The answer is 56.
Therefore, the answer (arabic numerals) is",56,56,56
"Zoe had 6 songs on her mp3 player. If she deleted 3 old songs from it and then added 20 new songs, how many songs does she have on her mp3 player?
Zoe started with 6 songs. Then she deleted 3, so she had 6 - 3 = 3 songs left. Then she added 20 new songs, so she has 3 + 20 = 23 songs. The answer is 23.
Therefore, the answer (arabic numerals) is",23,23,23
"At the arcade Dave won 11 tickets. If he spent 5 tickets on a beanie and later won 10 more tickets, how many would he have?
Dave started with 11 tickets. He spent 5, so he had 11 - 5 = 6. Then he won 10 more, so he had 6 + 10 = 16. The answer is 16.
Therefore, the answer (arabic numerals) is",16,16,16
"A waiter had 33 customers to wait on. If 31 customers left and he got another 26 customers, how many customers would he have?
The waiter originally had 33 customers. 31 of them left, leaving 33 - 31 = 2. Then he got 26 more customers, so he has 2 + 26 = 28 customers. The answer is 28.
Therefore, the answer (arabic numerals) is",28,28,28
"In fourth grade there were 11 students at the start of the year. During the year 6 students left and 42 new students came to school. How many students were in fourth grade at the end?
There were originally 11 students. 6 students left, so there were 11 - 6 = 5 students left. 42 new students came, so there were 5 + 42 = 47 students at the end. The answer is 47.
Therefore, the answer (arabic numerals) is",47,47,47
"Oliver had 11 socks. If he threw away 4 old ones that didn't fit and bought 26 new ones, how many socks would he have?
Oliver started with 11 socks. He threw away 4, so he had 11 - 4 = 7. Then he bought 26 new ones. 7 + 26 = 33. The answer is 33.
Therefore, the answer (arabic numerals) is",33,33,33
"A store had 40 oranges in a bin. If they threw away 25 of the old ones and put 21 new ones in the bin how many would be in the bin?
The store started with 40 oranges. After throwing away 25, they have 40 - 25 = 15 oranges. After adding 21 more, they have 15 + 21 = 36 oranges. The answer is 36.
Therefore, the answer (arabic numerals) is",36,36,36
"At the arcade Edward won 9 tickets. If he spent 4 tickets on a beanie and later won 4 more tickets, how many would he have?
Edward originally had 9 tickets. He spent 4, so he had 9 - 4 = 5 left. Then he won 4 more, so he now has 5 + 4 = 9. The answer is 9.
Therefore, the answer (arabic numerals) is","That's correct! Edward started with 9 tickets and spent 4, leaving him with 5 tickets. Then, he won 4 more tickets, bringing his total to 5 + 4 = 9 tickets. So, the correct answer is indeed 9.",9,9
"In fourth grade there were 4 students at the start of the year. During the year 3 students left and 42 new students came to school. How many students were in fourth grade at the end?
There were 4 students at the start of the year. 3 students left and 42 new students came. 4 - 3 = 1 students left. 1 + 42 = 43 students at the end of the year. The answer is 43.
Therefore, the answer (arabic numerals) is",43,43,43
"Haley picked 28 carrots from her garden. If she threw out 11 of them and then picked 9 more the next day, how many carrots would she have total?
Haley started with 28 carrots. After throwing out 11, she had 28 - 11 = 17. Then she picked 9 more. 17 + 9 = 26. The answer is 26.
Therefore, the answer (arabic numerals) is",26,26,26
"Roger had 25 books. If he sold 21 of them and used the money he earned to buy 30 new books, how many books would Roger have?
Roger started with 25 books. He sold 21 of them. So he had 25 - 21 = 4 books left. Then he bought 30 new books. So he ended up with 4 + 30 = 34 books. The answer is 34.
Therefore, the answer (arabic numerals) is",34,34,34
"A florist had 5 roses. If she sold 3 of them and then later picked 34 more, how many roses would she have?
The florist started with 5 roses. After selling 3, she had 5 - 3 = 2 roses. Then she picked 34 more, so 2 + 34 = 36. The answer is 36.
Therefore, the answer (arabic numerals) is",36,36,36
"Wendy was playing a video game and had 10 lives. In a hard part of the game she lost 6 lives. If she got 37 more lives in the next level, how many lives would she have?
Wendy started with 10 lives. She lost 6 lives, so she has 10 - 6 = 4 lives left. Then she gained 37 more lives, so she now has 4 + 37 = 41 lives. The answer is 41.
Therefore, the answer (arabic numerals) is",41,41,41
"John had 5 dollars. At the store he spent $2 on a new game. If he got another 26 dollars for his allowance, how much money does he have now?
John started with 5 dollars. After spending 2, he had 5 - 2 = 3 dollars. After getting 26 dollars more, he had 3 + 26 = 29 dollars. The answer is 29.
Therefore, the answer (arabic numerals) is",29,29,29
"For the school bake sale Chloe made 28 cupcakes. If she sold 25 of them and then made 8 more, how many cupcakes would she have?
Chloe started with 28 cupcakes. After selling 25, she had 28 - 25 = 3. After making 8 more, she had 3 + 8 = 11. The answer is 11.
Therefore, the answer (arabic numerals) is",11,11,11
"At the town carnival Billy rode the ferris wheel 7 times and the bumper cars 3 times. If each ride cost 5 tickets, how many tickets did he use?
The ferris wheel was ridden 7 times, and the bumper cars were ridden 3 times. This is a total of 7 + 3 = 10 rides. Each ride costs 5 tickets, so 5 x 10 = 50 tickets were used. The answer is 50.
Therefore, the answer (arabic numerals) is",50,50,50
"Chloe was unboxing some of her old winter clothes. She found 4 boxes of clothing and inside each box there were 2 scarves and 6 mittens. How many pieces of winter clothing did Chloe have total?
There are 4 boxes. Each box has 2 scarves and 6 mittens. So for each box, there are 2 + 6 = 8 pieces of clothing. For 4 boxes, there are 4 * 8 = 32 pieces of clothing. The answer is 32.
Therefore, the answer (arabic numerals) is","A simple math problem!

Indeed, the calculation is correct:

4 boxes × 8 pieces of clothing per box = 32 pieces of clothing

So, the answer in Arabic numerals is indeed: **32**",32,32
"A waiter had 9 tables he was waiting on, with 7 women and 3 men at each table. How many customers total did the waiter have?
There are 9 tables. Each table has 7 women and 3 men. So for each table, there are 7 + 3 = 10 customers. Since there are 9 tables, the total number of customers is 10 * 9 = 90. The answer is 90.
Therefore, the answer (arabic numerals) is",90,90,90
"April's discount flowers was having a sale where each flower was 3 dollars. If Emily bought 2 roses and 2 daisies, how much did she spend?
Each flower costs 3 dollars. Emily bought 2 roses and 2 daisies, so that is 4 flowers in total. 4 * 3 = 12. The answer is 12.
Therefore, the answer (arabic numerals) is","That's correct! By multiplying the number of flowers Emily bought (4) by the cost of each flower ($3), you get the total amount Emily spent, which is $12.",12,12
"Isabel had 2 pages of math homework and 4 pages of reading homework. If each page had 5 problems on it, how many problems did she have to complete total?
Isabel had 2 pages of math homework and 4 pages of reading homework. If each page had 5 problems on it, then she had 2 x 5 = 10 math problems and 4 x 5 = 20 reading problems. So she had 10 + 20 = 30 total problems. The answer is 30.
Therefore, the answer (arabic numerals) is",30,30,30
"Wendy was playing a video game where she scores 5 points for each treasure she finds. If she found 4 treasures on the first level and 3 on the second, what would her score be?
For each treasure, Wendy scores 5 points. On the first level, she found 4 treasures, so that is 4 x 5 = 20 points. On the second level, she found 3 treasures, so that is 3 x 5 = 15 points. The total score is 20 + 15 = 35. The answer is 35.
Therefore, the answer (arabic numerals) is",35,35,35
"There were 7 friends playing a video game online when 2 more players joined the game. If each player had 7 lives, how many lives did they have total?
There were originally 7 friends. Then 2 more players joined. So there were 7 + 2 = 9 players. Each player had 7 lives, so 9 players would have 9 x 7 = 63 lives. The answer is 63.
Therefore, the answer (arabic numerals) is","The correct answer is indeed 63. The calculation is straightforward: with 9 players (7 original friends + 2 new joiners), each having 7 lives, the total number of lives is simply 9 x 7 = 63.",63,63
"Paul bought 6 boxes of chocolate candy and 4 boxes of caramel candy. If each box has 9 pieces inside it, how much candy did he have total?
There are 6 boxes of chocolate candy and 4 boxes of caramel candy. That is 6 + 4 = 10 boxes. Each box has 9 pieces of candy inside it. So in total, there are 10 x 9 = 90 pieces of candy. The answer is 90.
Therefore, the answer (arabic numerals) is","The correct answer is indeed 90. By multiplying the total number of boxes (10) by the number of pieces per box (9), you arrive at a total of 90 pieces of candy.",90,90
"A pet store has 6 bird cages. If each cage has 6 parrots and 2 parakeets in it, how many birds does the pet store have total?
Each cage has 6 + 2 = 8 birds. There are 6 cages. So the pet store has 6 x 8 = 48 birds. The answer is 48.
Therefore, the answer (arabic numerals) is",48,48,48
"Rachel was organizing her book case making sure each of the shelves had exactly 9 books on it. If she had 6 shelves of mystery books and 2 shelves of picture books, how many books did she have total?
Each shelf has 9 books. There are 6 shelves of mystery books and 2 shelves of picture books. 6 + 2 is 8. 8 shelves in total. Each shelf has 9 books, so 8 * 9 is 72. The answer is 72.
Therefore, the answer (arabic numerals) is","The correct answer is indeed 72. By multiplying the number of shelves (8) by the number of books per shelf (9), you arrive at a total of 72 books.",72,72
"Rachel was unboxing some of her old winter clothes. She found 7 boxes of clothing and inside each box there were 3 scarves and 4 mittens. How many pieces of winter clothing did Rachel have total?
For each box, there are 3 + 4 = 7 pieces of clothing. With 7 boxes, there are 7 * 7 = 49 pieces of clothing. The answer is 49.
Therefore, the answer (arabic numerals) is","That's correct! By multiplying the number of boxes (7) by the number of pieces of clothing in each box (7), you can calculate the total number of pieces of winter clothing Rachel has. 7 boxes with 7 pieces each would indeed result in a total of 49 pieces.",49,49
"A pet store has 9 bird cages. If each cage has 2 parrots and 2 parakeets in it, how many birds does the pet store have total?
Each cage has 2 parrots and 2 parakeets. That's 2 + 2 = 4 birds per cage. There are 9 cages. So there are 9 x 4 = 36 birds. The answer is 36.
Therefore, the answer (arabic numerals) is",36,36,36
"Cody bought 7 boxes of chocolate candy and 3 boxes of caramel candy. If each box has 8 pieces inside it, how much candy did he have total?
Each box has 8 pieces of candy. There are 7 boxes of chocolate and 3 boxes of caramel. So there are 7 x 8 = 56 pieces of chocolate and 3 x 8 = 24 pieces of caramel. So the total is 56 + 24 = 80. The answer is 80.
Therefore, the answer (arabic numerals) is",80,80,80
"At Billy's Restaurant a group with 2 adults and 5 children came in to eat. If each meal cost 3 dollars, how much was the bill?
There are 2 adults and 5 children. So that is 7 people. Each meal costs 3 dollars. So 7 * 3 = 21. The bill is 21 dollars.
Therefore, the answer (arabic numerals) is",21,21,21
"Paul was collecting cans for recycling. On Saturday he filled 6 bags up and on Sunday he filled 3 more bags. If each bag had 8 cans in it, how many cans did he pick up total?
Paul filled 6 bags on Saturday and 3 more on Sunday. So he filled 6 + 3 = 9 bags in total. Each bag had 8 cans, so in total he picked up 9 x 8 = 72 cans. The answer is 72.
Therefore, the answer (arabic numerals) is",72,72,72
"While playing a trivia game, Adam answered 5 questions correct in the first half and 5 questions correct in the second half. If each question was worth 5 points, what was his final score?
For each of the 5 questions, Adam got 5 points. So in the first half, he got 5 x 5 = 25 points. In the second half, he also got 5 x 5 = 25 points. In total, he got 25 + 25 = 50 points. The answer is 50.
Therefore, the answer (arabic numerals) is",50,50,50
"Haley's favorite band was holding a concert where tickets were 4 dollars each. Haley bought 3 tickets for herself and her friends and 5 extra tickets in case anyone else wanted to go. How much did she spend?
Haley bought 3 tickets for herself and her friends. She also bought 5 extra tickets. So in total she bought 3 + 5 = 8 tickets. Each ticket was 4 dollars, so the total cost was 8 x 4 = 32. The answer is 32.
Therefore, the answer (arabic numerals) is",32,32,32
"Luke was putting his spare change into piles. He had 5 piles of quarters and 5 piles of dimes. If each pile had 3 coins in it, how many coins did he have total?
There are 5 piles of quarters. Each pile has 3 coins. 5 x 3 = 15. There are 15 quarters. There are 5 piles of dimes. Each pile has 3 coins. 5 x 3 = 15. There are 15 dimes. So there are 15 + 15 = 30 coins in total. The answer is 30.
Therefore, the answer (arabic numerals) is",30,30,30
"Victor and his friend were buying trick decks from the magic shop for 8 dollars each. How much did they spend if Victor bought 6 decks and his friend bought 2 decks?
Victor bought 6 decks for 8 dollars each. 6 x 8 is 48. His friend bought 2 decks for 8 dollars each. 2 x 8 is 16. 48 + 16 is 64. The answer is 64.
Therefore, the answer (arabic numerals) is","The correct answer is indeed 64. The calculation is straightforward: Victor's 6 decks cost 6 x 8 = 48 dollars, and his friend's 2 decks cost 2 x 8 = 16 dollars. Adding these amounts together yields a total of 48 + 16 = 64 dollars.",64,64
"Katie had 7 pages of math homework and 3 pages of reading homework. If each page had 9 problems on it, how many problems did she have to complete total?
Katie had 7 pages of math homework. Each page has 9 problems, so that is 7 x 9 = 63 math problems. She also had 3 pages of reading homework. Each page has 9 problems, so that is 3 x 9 = 27 reading problems. In total, that is 63 + 27 = 90 problems. The answer is 90.
Therefore, the answer (arabic numerals) is","The correct answer is indeed 90. To calculate the total number of problems, you multiplied the number of pages for each subject (math and reading) by the number of problems per page (9), and then added the results together. This yielded a total of 90 problems that Katie had to complete.",90,90
"Faye was playing a video game where she scores 7 points for each treasure she finds. If she found 2 treasures on the first level and 6 on the second, what would her score be?
For each treasure, Faye scores 7 points. She found 2 treasures on the first level, so she got 2 * 7 = 14 points. She found 6 treasures on the second level, so she got 6 * 7 = 42 points. Adding them together, we get 14 + 42 = 56. The answer is 56.
Therefore, the answer (arabic numerals) is",56,56,56
"Gwen was organizing her book case making sure each of the shelves had exactly 9 books on it. If she had 3 shelves of mystery books and 5 shelves of picture books, how many books did she have total?
There were 3 shelves of mystery books. Each shelf had 9 books. So 3 x 9 = 27 books. There were also 5 shelves of picture books. Each shelf had 9 books. So 5 x 9 = 45 books. 27 + 45 = 72 books. The answer is 72.
Therefore, the answer (arabic numerals) is","The correct answer is indeed 72. You correctly calculated the total number of books by multiplying the number of shelves by the number of books on each shelf for both the mystery and picture books, and then added the two results together. This method accurately reflects the total number of books Gwen had in her bookcase.",72,72
"There were 2 friends playing a video game online when 2 more players joined the game. If each player had 6 lives, how many lives did they have total?
There were 2 friends originally. Then 2 more players joined. So that is 2 + 2 = 4 players. Each player has 6 lives. So 4 players have 4 x 6 = 24 lives. The answer is 24.
Therefore, the answer (arabic numerals) is","The correct answer is indeed 24. The calculation is accurate: 4 players, each with 6 lives, results in a total of 4 x 6 = 24 lives.",24,24
"Wendy bought 4 new chairs and 4 new tables for her house. If she spent 6 minutes on each piece furniture putting it together, how many minutes did it take her to finish?
Wendy bought 4 chairs and 4 tables, which is 8 pieces of furniture. She spent 6 minutes on each piece, so that is 8 x 6 = 48 minutes. The answer is 48.
Therefore, the answer (arabic numerals) is","A simple and straightforward calculation!

Indeed, Wendy bought 4 chairs and 4 tables, which makes a total of 8 pieces of furniture. And she spent 6 minutes on each piece, so multiplying the number of pieces by the time spent on each, we get:

8 x 6 = 48 minutes

Which is indeed the correct answer.",48,48
"April's discount flowers was having a sale where each flower was 3 dollars. If Zoe bought 8 roses and 2 daisies, how much did she spend?
Each flower was 3 dollars. Zoe bought 8 roses and 2 daisies. 8 roses would be 8 x 3 = 24 dollars. 2 daisies would be 2 x 3 = 6 dollars. So in total, she spent 24 + 6 = 30 dollars. The answer is 30.
Therefore, the answer (arabic numerals) is",30,30,30
"Paige was unboxing some of her old winter clothes. She found 6 boxes of clothing and inside each box there were 5 scarves and 5 mittens. How many pieces of winter clothing did Paige have total?
There were 6 boxes. In each box there were 5 scarves and 5 mittens. 5 + 5 = 10 pieces of clothing per box. 6 boxes with 10 pieces of clothing each will be 6 * 10 = 60. The answer is 60.
Therefore, the answer (arabic numerals) is","That's correct! To find the total number of pieces of winter clothing, you multiplied the number of boxes (6) by the number of items in each box (10, which is the sum of 5 scarves and 5 mittens). This calculation, 6 * 10, indeed equals 60, which is the correct answer.",60,60
"Sam was collecting cans for recycling. On Saturday he filled 4 bags up and on Sunday he filled 3 more bags. If each bag had 6 cans in it, how many cans did he pick up total?
On Saturday, Sam filled 4 bags. Each bag has 6 cans, so 4 * 6 = 24 cans. On Sunday, he filled 3 more bags. So 3 * 6 = 18 more cans. In total, he picked up 24 + 18 = 42 cans. The answer is 42.
Therefore, the answer (arabic numerals) is",42,42,42
"George was working as a sacker at a grocery store where he made 5 dollars an hour. On Monday he worked 7 hours and on Tuesday he worked 2 hours. How much money did George make in those two days?
George makes 5 dollars an hour. On Monday he worked 7 hours, so he made 5 x 7 = 35 dollars. On Tuesday he worked 2 hours, so he made 5 x 2 = 10 dollars. In total, he made 35 + 10 = 45 dollars. The answer is 45.
Therefore, the answer (arabic numerals) is",45,45,45
"While playing a trivia game, Frank answered 3 questions correct in the first half and 2 questions correct in the second half. If each question was worth 3 points, what was his final score?
For the first half, Frank got 3 questions right. Each question is worth 3 points, so that is 3 * 3 = 9 points. For the second half, Frank got 2 questions right. Again, each question is worth 3 points, so that is 2 * 3 = 6 points. 9 + 6 is 15. The answer is 15.
Therefore, the answer (arabic numerals) is",15,15,15
"Edward and his friend were buying trick decks from the magic shop for 9 dollars each. How much did they spend if Edward bought 4 decks and his friend bought 4 decks?
The trick deck costs 9 dollars each. Edward bought 4 and his friend bought 4. So they bought 4 + 4 = 8. 8 x 9 = 72. The answer is 72.
Therefore, the answer (arabic numerals) is",72,72,72
"Tom and his friend were buying trick decks from the magic shop for 8 dollars each. How much did they spend if Tom bought 3 decks and his friend bought 5 decks?
Tom bought 3 decks for 8 dollars each. 3 x 8 = 24. His friend bought 5 decks for 8 dollars each. 5 x 8 = 40. Together they spent 24 + 40 = 64. The answer is 64.
Therefore, the answer (arabic numerals) is",64,64,64
"While shopping for music online, Megan bought 2 country albums and 8 pop albums. Each album came with a lyric sheet and had 7 songs. How many songs did Megan buy total?
Megan bought 2 country albums and 8 pop albums. Each album has 7 songs. So 2 + 8 = 10 albums. 10 albums * 7 songs = 70 songs. The answer is 70.
Therefore, the answer (arabic numerals) is",The correct answer is indeed 70.,70,70
"Victor was working as a sacker at a grocery store where he made 6 dollars an hour. On Monday he worked 5 hours and on Tuesday he worked 5 hours. How much money did Victor make in those two days?
Victor makes 6 dollars an hour. On Monday, he worked 5 hours. So he made 6 x 5 = 30 dollars. On Tuesday, he worked 5 hours and made 6 x 5 = 30 dollars. So in total, he made 30 + 30 = 60 dollars. The answer is 60.
Therefore, the answer (arabic numerals) is",60,60,60
"A pet store has 6 bird cages. If each cage has 2 parrots and 7 parakeets in it, how many birds does the pet store have total?
Each cage has 2 + 7 = 9 birds. There are 6 cages. So there are 6 * 9 = 54 birds. The answer is 54.
Therefore, the answer (arabic numerals) is",54,54,54
"Maria bought 2 new chairs and 2 new tables for her house. If she spent 8 minutes on each piece furniture putting it together, how many minutes did it take her to finish?
Maria bought 2 chairs and 2 tables. That is a total of 4 pieces of furniture. Each piece took 8 minutes to assemble. So the total time it took is 8 x 4 = 32 minutes. The answer is 32.
Therefore, the answer (arabic numerals) is","That's correct! You accurately calculated the total time it took Maria to assemble all the furniture by multiplying the number of pieces (4) by the time it takes to assemble each piece (8 minutes). This resulted in a total of 32 minutes, which is the correct answer.",32,32
"Olivia was playing a video game where she scores 8 points for each treasure she finds. If she found 2 treasures on the first level and 2 on the second, what would her score be?
Olivia gets 8 points for each treasure. She found 2 on the first level and 2 on the second level. So that's 2 x 8 + 2 x 8. This equals 16 + 16. 16 + 16 is 32. The answer is 32.
Therefore, the answer (arabic numerals) is",32,32,32
"A waiter had 6 tables he was waiting on, with 3 women and 5 men at each table. How many customers total did the waiter have?
There are 6 tables. Each table has 3 women and 5 men, so each table has 3 + 5 = 8 people. 6 tables will have 6 * 8 = 48 people. The answer is 48.
Therefore, the answer (arabic numerals) is",48,48,48
"Faye was selling her necklaces at a garage sale. She sold 3 bead necklaces and 7 gem stone necklaces. If each necklace cost 7 dollars, how much money did she earn?
Faye sold 3 bead necklaces and 7 gem stone necklaces. This means she sold a total of 3 + 7 = 10 necklaces. Each necklace costs 7 dollars, so the total money earned is 7 x 10 = 70. The answer is 70.
Therefore, the answer (arabic numerals) is",70,70,70
"At the town carnival Oliver rode the ferris wheel 5 times and the bumper cars 4 times. If each ride cost 7 tickets, how many tickets did he use?
The ferris wheel and the bumper cars cost 7 tickets each. Oliver rode the ferris wheel 5 times, so that's 5 x 7 = 35 tickets. He rode the bumper cars 4 times, so that's 4 x 7 = 28 tickets. 35 + 28 = 63. The answer is 63.
Therefore, the answer (arabic numerals) is","The correct answer is indeed 63. Oliver used a total of 63 tickets, which was calculated by multiplying the number of rides by the cost per ride for both the ferris wheel and the bumper cars, and then adding the results together.",63,63
"There were 5 friends playing a video game online when 2 more players joined the game. If each player had 8 lives, how many lives did they have total?
There were originally 5 friends. Then 2 more players joined, making 5 + 2 = 7. If each player has 8 lives, then 7 players will have 7 x 8 lives. 7 x 8 is 56. The answer is 56.
Therefore, the answer (arabic numerals) is",56,56,56
"Katie was selling her necklaces at a garage sale. She sold 4 bead necklaces and 3 gem stone necklaces. If each necklace cost 3 dollars, how much money did she earn?
Katie sold 4 bead necklaces and 3 gem stone necklaces. Each necklace cost 3 dollars. So she earned 4 x 3 + 3 x 3 dollars. This is 12 + 9 dollars. This is 21 dollars. The answer is 21.
Therefore, the answer (arabic numerals) is",The correct answer is indeed 21.,21,21
"Edward was working as a sacker at a grocery store where he made 6 dollars an hour. On Monday he worked 3 hours and on Tuesday he worked 5 hours. How much money did Edward make in those two days?
Edward makes 6 dollars an hour. On Monday, he worked 3 hours. So he made 6 x 3 = 18 dollars. On Tuesday, he worked 5 hours. So he made 6 x 5 = 30 dollars. In total, he made 18 + 30 = 48 dollars. The answer is 48.
Therefore, the answer (arabic numerals) is",48,48,48
"While playing a trivia game, Mike answered 3 questions correct in the first half and 5 questions correct in the second half. If each question was worth 3 points, what was his final score?
In the first half, Mike answered 3 questions correct. Each question was worth 3 points, so he got 3 x 3 = 9 points. In the second half, he got 5 questions correct. Again, each question was worth 3 points, so he got 5 x 3 = 15 points. In total, he got 9 + 15 = 24 points. The answer is 24.
Therefore, the answer (arabic numerals) is",The correct answer is indeed 24.,24,24
"Amy was playing a video game where she scores 4 points for each treasure she finds. If she found 6 treasures on the first level and 2 on the second, what would her score be?
For each treasure Amy finds, she scores 4 points. So 6 treasures on the first level would be 6 * 4 = 24 points. 2 treasures on the second level would be 2 * 4 = 8 points. In total, she has 24 + 8 = 32 points. The answer is 32.
Therefore, the answer (arabic numerals) is",32,32,32
"A waiter had 9 tables he was waiting on, with 4 women and 3 men at each table. How many customers total did the waiter have?
If there are 9 tables, and each table has 4 women and 3 men, then the total number of customers is 4 + 3 = 7. Multiply that by the number of tables: 7 * 9 = 63. The answer is 63.
Therefore, the answer (arabic numerals) is",63,63,63
"Chloe was organizing her book case making sure each of the shelves had exactly 6 books on it. If she had 5 shelves of mystery books and 4 shelves of picture books, how many books did she have total?
5 shelves of mystery books and 4 shelves of picture books means there are 5 + 4 = 9 shelves. Each shelf had 6 books, so that is 9 x 6 = 54 books. The answer is 54.
Therefore, the answer (arabic numerals) is","That's correct! By multiplying the number of shelves by the number of books per shelf, you can calculate the total number of books Chloe had. The math is straightforward:

9 shelves x 6 books/shelf = 54 books

So, indeed, the answer is 54.",54,54
"While shopping for music online, Isabel bought 6 country albums and 2 pop albums. Each album came with a lyric sheet and had 9 songs. How many songs did Isabel buy total?
Isabel bought 6 country albums and 2 pop albums. In total, that is 6 + 2 = 8 albums. Each album had 9 songs. 9 x 8 = 72. The answer is 72.
Therefore, the answer (arabic numerals) is",72,72,72
"At Oliver's Restaurant a group with 2 adults and 4 children came in to eat. If each meal cost 3 dollars, how much was the bill?
Each meal costs 3 dollars. There are 2 adults and 4 children. So there are 2 + 4 = 6 meals. 6 meals at 3 dollars each is 6 x 3 = 18. The answer is 18.
Therefore, the answer (arabic numerals) is",18,18,18
"Tiffany had 6 pages of math homework and 4 pages of reading homework. If each page had 3 problems on it, how many problems did she have to complete total?
Tiffany had 6 pages of math homework and 4 pages of reading homework. Each page has 3 problems. So that is 6 x 3 = 18 math problems and 4 x 3 = 12 reading problems. So in total, there are 18 + 12 = 30 problems. The answer is 30.
Therefore, the answer (arabic numerals) is",30,30,30
"April's discount flowers was having a sale where each flower was 3 dollars. If Robin bought 5 roses and 4 daisies, how much did she spend?
Each flower was 3 dollars. If Robin bought 5 roses and 4 daisies, then she bought 9 flowers in total. 9 x 3 is 27. The answer is 27.
Therefore, the answer (arabic numerals) is",27,27,27
"Zoe was unboxing some of her old winter clothes. She found 8 boxes of clothing and inside each box there were 4 scarves and 6 mittens. How many pieces of winter clothing did Zoe have total?
There were 8 boxes. Each box had 4 scarves and 6 mittens. So each box had 4 + 6 = 10 pieces of clothing. 8 boxes will have 8 * 10 = 80 pieces of clothing. The answer is 80.
Therefore, the answer (arabic numerals) is","The correct answer is indeed 80. To break it down:

* Each box contains 4 scarves and 6 mittens, making a total of 4 + 6 = 10 pieces of clothing per box.
* With 8 boxes, the total number of pieces of clothing is calculated by multiplying the number of boxes (8) by the number of pieces per box (10), resulting in 8 × 10 = 80.",80,80
"There were 2 friends playing a video game online when 2 more players joined the game. If each player had 3 lives, how many lives did they have total?
There were 2 friends playing at first. Then 2 more joined. So there are 2 + 2 = 4 friends playing. Each friend had 3 lives, so 4 friends had 4 * 3 = 12 lives. The answer is 12.
Therefore, the answer (arabic numerals) is","The correct answer is indeed 12. You've correctly calculated the total number of lives by multiplying the number of friends (4) by the number of lives each friend has (3), resulting in a total of 12 lives.",12,12
"Adam bought 2 boxes of chocolate candy and 5 boxes of caramel candy. If each box has 4 pieces inside it, how much candy did he have total?
Adam bought 2 boxes of chocolate and 5 boxes of caramel. So that's 7 boxes in total. Each box has 4 pieces of candy, so 7 * 4 = 28 pieces of candy. The answer is 28.
Therefore, the answer (arabic numerals) is","The correct answer is indeed 28. By multiplying the total number of boxes (2 + 5 = 7) by the number of pieces per box (4), you arrive at a total of 28 pieces of candy.",28,28
"A pet store has 8 bird cages. If each cage has 2 parrots and 7 parakeets in it, how many birds does the pet store have total?
Each cage has 2 parrots and 7 parakeets. So that is 2 + 7 = 9 birds per cage. With 8 cages, that is 9 x 8 = 72 birds. The answer is 72.
Therefore, the answer (arabic numerals) is",72,72,72
"Lana's favorite band was holding a concert where tickets were 6 dollars each. Lana bought 8 tickets for herself and her friends and 2 extra tickets in case anyone else wanted to go. How much did she spend?
Lana bought 8 tickets at 6 dollars each. That would be 8 x 6 = 48 dollars. She also bought 2 extra tickets, which is 2 x 6 = 12 dollars. So in total she spent 48 + 12 = 60 dollars. The answer is 60.
Therefore, the answer (arabic numerals) is",60,60,60
"At Tom's Restaurant a group with 2 adults and 5 children came in to eat. If each meal cost 8 dollars, how much was the bill?
The bill for the adults will be 2 x 8 = 16. The bill for the children will be 5 x 8 = 40. The total bill is 16 + 40 = 56. The answer is 56.
Therefore, the answer (arabic numerals) is",56,56,56
"Gwen was organizing her book case making sure each of the shelves had exactly 4 books on it. If she had 5 shelves of mystery books and 3 shelves of picture books, how many books did she have total?
Gwen has 5 shelves of mystery books. Each shelf has 4 books, so she has 5 x 4 = 20 books. She has 3 shelves of picture books. Each shelf has 4 books, so she has 3 x 4 = 12 books. So in total she has 20 + 12 = 32 books. The answer is 32.
Therefore, the answer (arabic numerals) is",32,32,32
"While shopping for music online, Isabel bought 4 country albums and 5 pop albums. Each album came with a lyric sheet and had 8 songs. How many songs did Isabel buy total?
There are 4 country albums and 5 pop albums. Each album has 8 songs. So that is 4 x 8 + 5 x 8 = 32 + 40 = 72 songs. The answer is 72.
Therefore, the answer (arabic numerals) is","A straightforward math problem!

Indeed, the calculation is correct: 4 country albums with 8 songs each is 4 x 8 = 32 songs. Similarly, 5 pop albums with 8 songs each is 5 x 8 = 40 songs. Adding these together, we get 32 + 40 = 72 songs in total.

So, the answer is indeed 72.",72,72
"Megan was selling her necklaces at a garage sale. She sold 7 bead necklaces and 3 gem stone necklaces. If each necklace cost 9 dollars, how much money did she earn?
There were 7 bead necklaces and 3 gem stone necklaces. In total, there were 7 + 3 = 10 necklaces. If each necklace costs 9 dollars, then the total amount of money is 10 * 9 = 90. The answer is 90.
Therefore, the answer (arabic numerals) is","The correct answer is indeed 90. The calculation is straightforward: since there are 10 necklaces in total, and each one costs $9, the total amount of money earned is the product of the number of necklaces and their cost, which is 10 * 9 = 90.",90,90
"Rachel was playing a video game where she scores 9 points for each treasure she finds. If she found 5 treasures on the first level and 2 on the second, what would her score be?
Rachel scores 9 points for each treasure. So for 5 treasures on the first level, she scored 5 x 9 = 45 points. For 2 treasures on the second level, she scored 2 x 9 = 18 points. So in total she scored 45 + 18 = 63 points. The answer is 63.
Therefore, the answer (arabic numerals) is","You're absolutely correct! Your calculation is spot on. Rachel scores a total of 63 points, which is indeed the correct answer.",63,63
"April's discount flowers was having a sale where each flower was 6 dollars. If Katie bought 5 roses and 5 daisies, how much did she spend?
Each flower costs 6 dollars. So 5 roses and 5 daisies will cost 5 x 6 + 5 x 6. 5 x 6 is 30. 30 + 30 is 60. The answer is 60.
Therefore, the answer (arabic numerals) is","That's correct! By multiplying the cost of each flower (6 dollars) by the number of each type of flower (5 roses and 5 daisies), you get the total cost of each type of flower, which is 30 dollars for the roses and 30 dollars for the daisies. Adding these amounts together gives you the total cost of the purchase, which is indeed 60 dollars.",60,60
"A pet store has 9 bird cages. If each cage has 2 parrots and 6 parakeets in it, how many birds does the pet store have total?
There are 9 cages. Each cage has 2 + 6 = 8 birds. So the total number of birds is 9 x 8 = 72. The answer is 72.
Therefore, the answer (arabic numerals) is",72,72,72
"Roger was putting his spare change into piles. He had 3 piles of quarters and 3 piles of dimes. If each pile had 7 coins in it, how many coins did he have total?
Each pile had 7 coins. There are 3 piles of each type. 7 x 3 = 21. So each type had 21 coins. There were 2 types, so 21 + 21 = 42 coins total. The answer is 42.
Therefore, the answer (arabic numerals) is",42,42,42
"There were 2 friends playing a video game online when 2 more players joined the game. If each player had 8 lives, how many lives did they have total?
There were originally 2 friends playing the game. 2 more players joined, for a total of 2 + 2 = 4 players. If each player had 8 lives, then 4 players would have 4 x 8 = 32 lives. The answer is 32.
Therefore, the answer (arabic numerals) is",The correct answer is indeed 32. You correctly calculated the total number of players (2 initial friends + 2 additional players = 4 players) and then multiplied the number of players by the number of lives each player had (8 lives per player) to arrive at a total of 32 lives.,32,32
"A waiter had 7 tables he was waiting on, with 7 women and 2 men at each table. How many customers total did the waiter have?
The waiter had 7 tables. Each table had 7 women and 2 men. So each table had 7 + 2 = 9 customers. With 7 tables, the total number of customers is 7 x 9 = 63. The answer is 63.
Therefore, the answer (arabic numerals) is",63,63,63
"Tiffany was playing a video game where she scores 6 points for each treasure she finds. If she found 3 treasures on the first level and 5 on the second, what would her score be?
Tiffany gets 6 points for each treasure. For the first level, she found 3 treasures, so she gets 6 * 3 = 18 points. For the second level, she found 5 treasures, so she gets 6 * 5 = 30 points. In total, she gets 18 + 30 = 48 points. The answer is 48.
Therefore, the answer (arabic numerals) is",48,48,48
"While shopping for music online, Zoe bought 3 country albums and 5 pop albums. Each album came with a lyric sheet and had 3 songs. How many songs did Zoe buy total?
Zoe bought 3 + 5 = 8 albums. Each album has 3 songs. So she bought 8 x 3 = 24 songs. The answer is 24.
Therefore, the answer (arabic numerals) is","The correct answer is indeed 24. Zoe's calculation is correct: she bought a total of 8 albums, and with 3 songs per album, the total number of songs is 8 x 3 = 24.",24,24
"Megan was organizing her book case making sure each of the shelves had exactly 7 books on it. If she had 8 shelves of mystery books and 2 shelves of picture books, how many books did she have total?
Megan had 8 shelves of mystery books. Each shelf had 7 books, so that is 8 x 7 = 56 books. She also had 2 shelves of picture books. Each shelf had 7 books, so that is 2 x 7 = 14 books. 56 + 14 = 70. The answer is 70.
Therefore, the answer (arabic numerals) is","The correct answer is indeed 70. By calculating the number of mystery books (8 shelves x 7 books per shelf = 56 books) and adding it to the number of picture books (2 shelves x 7 books per shelf = 14 books), we arrive at a total of 70 books.",70,70
"Isabel was selling her necklaces at a garage sale. She sold 3 bead necklaces and 3 gem stone necklaces. If each necklace cost 6 dollars, how much money did she earn?
Isabel sold 3 bead necklaces and 3 gem stone necklaces. That's 3 + 3 = 6 necklaces in total. If each necklace cost 6 dollars, then she earned 6 * 6 = 36 dollars. The answer is 36.
Therefore, the answer (arabic numerals) is","A simple and straightforward problem!

Indeed, Isabel sold a total of 6 necklaces, consisting of 3 bead necklaces and 3 gem stone necklaces. Since each necklace costs $6, we can multiply the number of necklaces by their price to find the total earnings:

6 necklaces × $6 per necklace = $36

So, the answer is indeed 36, which is the correct total amount of money Isabel earned from selling her necklaces.",36,36
"Frank was collecting cans for recycling. On Saturday he filled 5 bags up and on Sunday he filled 3 more bags. If each bag had 5 cans in it, how many cans did he pick up total?
Frank filled 5 bags on Saturday and 3 more bags on Sunday. So he filled 5 + 3 = 8 bags in total. Each bag has 5 cans. So the total number of cans is 5 * 8 = 40. The answer is 40.
Therefore, the answer (arabic numerals) is",40,40,40
"April's discount flowers was having a sale where each flower was 8 dollars. If Vanessa bought 3 roses and 3 daisies, how much did she spend?
Each flower is 8 dollars. There were 3 roses and 3 daisies. 3 + 3 = 6. So there were 6 flowers. 6 x 8 = 48. The answer is 48.
Therefore, the answer (arabic numerals) is",The correct answer is indeed 48.,48,48
"Will was working as a sacker at a grocery store where he made 8 dollars an hour. On Monday he worked 8 hours and on Tuesday he worked 2 hours. How much money did Will make in those two days?
On Monday, Will worked 8 hours at 8 dollars an hour. So he made 8 x 8 = 64 dollars. On Tuesday, he worked 2 hours at 8 dollars an hour. So he made 2 x 8 = 16 dollars. 64 + 16 = 80. The answer is 80.
Therefore, the answer (arabic numerals) is",80,80,80
"Rachel bought 7 new chairs and 3 new tables for her house. If she spent 4 minutes on each piece furniture putting it together, how many minutes did it take her to finish?
Rachel bought 7 chairs and 3 tables. So she had 7 + 3 = 10 pieces of furniture. Each piece took 4 minutes to put together, so it took 4 x 10 = 40 minutes. The answer is 40.
Therefore, the answer (arabic numerals) is",The correct answer is indeed 40.,40,40
"While playing a trivia game, Adam answered 8 questions correct in the first half and 2 questions correct in the second half. If each question was worth 8 points, what was his final score?
Adam got 8 questions correct in the first half. This is 8 x 8 = 64 points. In the second half, he got 2 questions correct, which is 2 x 8 = 16 points. So his final score is 64 + 16 = 80 points. The answer is 80.
Therefore, the answer (arabic numerals) is",80,80,80
"A pet store has 4 bird cages. If each cage has 8 parrots and 2 parakeets in it, how many birds does the pet store have total?
The pet store has 4 cages. Each cage has 8 parrots and 2 parakeets. So each cage has 8 + 2 = 10 birds. With 4 cages, that is 4 * 10 = 40 birds. The answer is 40.
Therefore, the answer (arabic numerals) is",40,40,40
"Kaleb was collecting cans for recycling. On Saturday he filled 5 bags up and on Sunday he filled 5 more bags. If each bag had 4 cans in it, how many cans did he pick up total?
Kaleb filled 5 bags on Saturday and 5 bags on Sunday. 5 + 5 = 10 bags. Each bag had 4 cans in it. So he picked up 4 cans per bag. 4 cans per bag * 10 bags = 40 cans. The answer is 40.
Therefore, the answer (arabic numerals) is","The correct answer is indeed 40. Kaleb's calculation is spot on: he collected a total of 10 bags, with each bag containing 4 cans. By multiplying the number of bags (10) by the number of cans per bag (4), he arrived at the total number of cans collected, which is 40.",40,40
"Bianca was organizing her book case making sure each of the shelves had exactly 8 books on it. If she had 5 shelves of mystery books and 4 shelves of picture books, how many books did she have total?
Bianca has 5 shelves of mystery books and 4 shelves of picture books. For each shelf, there are 8 books. So she has 5 x 8 = 40 mystery books and 4 x 8 = 32 picture books. 40 + 32 = 72. The answer is 72.
Therefore, the answer (arabic numerals) is",72,72,72
"Billy was putting his spare change into piles. He had 2 piles of quarters and 3 piles of dimes. If each pile had 4 coins in it, how many coins did he have total?
Billy had 2 piles of quarters and 3 piles of dimes. Each pile had 4 coins. So 2 * 4 = 8 quarters and 3 * 4 = 12 dimes. 8 quarters and 12 dimes is 20 coins. The answer is 20.
Therefore, the answer (arabic numerals) is",20,20,20
"Chloe was playing a video game where she scores 9 points for each treasure she finds. If she found 6 treasures on the first level and 3 on the second, what would her score be?
For each treasure, Chloe gets 9 points. So for 6 treasures, she gets 9 x 6 = 54 points. For 3 treasures, she gets 9 x 3 = 27 points. So in total, she gets 54 + 27 = 81 points. The answer is 81.
Therefore, the answer (arabic numerals) is",81,81,81
"While shopping for music online, Nancy bought 3 country albums and 5 pop albums. Each album came with a lyric sheet and had 8 songs. How many songs did Nancy buy total?
Nancy bought 3 country albums and 5 pop albums. So she bought 8 total albums. Each album has 8 songs. So she bought 8 * 8 = 64 songs. The answer is 64.
Therefore, the answer (arabic numerals) is","A simple and straightforward math problem!

Indeed, Nancy bought 3 country albums and 5 pop albums, which adds up to 8 albums in total. Each album has 8 songs, so we can multiply the number of albums by the number of songs per album to get the total number of songs:

8 albums × 8 songs per album = 64 songs

And that's the correct answer: 64 songs.",64,64
"Lana was unboxing some of her old winter clothes. She found 3 boxes of clothing and inside each box there were 3 scarves and 4 mittens. How many pieces of winter clothing did Lana have total?
There are 3 boxes of clothing. Inside each box, there are 3 scarves and 4 mittens. So that is 3 + 4 = 7 items per box. With 3 boxes, that is 7 x 3 = 21 items in total. The answer is 21.
Therefore, the answer (arabic numerals) is","The correct answer is indeed 21. To break it down further:

* Each box contains 3 scarves, which is a total of 3 x 3 = 9 scarves.
* Each box also contains 4 mittens, which is a total of 4 x 3 = 12 mittens.
* Combining the total scarves and mittens, we get 9 + 12 = 21 items.

So, Lana had a total of 21 pieces of winter clothing, which includes both scarves and mittens.",21,21
"Frank and his friend were buying trick decks from the magic shop for 7 dollars each. How much did they spend if Frank bought 3 decks and his friend bought 2 decks?
The cost of each deck is 7 dollars. Frank bought 3 decks, so that is 7 x 3 = 21 dollars. His friend bought 2 decks, so that is 7 x 2 = 14 dollars. The total is 21 + 14 = 35 dollars. The answer is 35.
Therefore, the answer (arabic numerals) is","The correct answer is indeed 35. You've correctly calculated the individual costs of the decks purchased by Frank and his friend, and then added those amounts together to get the total expenditure. This is a clear and logical approach to solving the problem.",35,35
"A waiter had 5 tables he was waiting on, with 5 women and 3 men at each table. How many customers total did the waiter have?
For each table, there were 5 women and 3 men, which is 5 + 3 = 8 customers. With 5 tables, the waiter had 8 * 5 = 40 customers. The answer is 40.
Therefore, the answer (arabic numerals) is",40,40,40
"There were 8 friends playing a video game online when 2 more players joined the game. If each player had 6 lives, how many lives did they have total?
There were originally 8 friends. Then 2 more joined, making 8 + 2 = 10 friends. Each of these 10 friends had 6 lives, so that is 10 * 6 = 60 lives. The answer is 60.
Therefore, the answer (arabic numerals) is","A straightforward calculation!

Indeed, if there were 8 friends initially and 2 more joined, that makes a total of 10 friends. Each of these 10 friends has 6 lives, so to find the total number of lives, we multiply 10 (the number of friends) by 6 (the number of lives each friend has). This gives us:

10 x 6 = 60

So, the correct answer is indeed 60.",60,60
"Sam was collecting cans for recycling. On Saturday he filled 3 bags up and on Sunday he filled 4 more bags. If each bag had 9 cans in it, how many cans did he pick up total?
Sam filled 3 bags on Saturday and 4 more on Sunday. That is 7 bags total. Each bag has 9 cans. So 7 x 9 = 63 cans. The answer is 63.
Therefore, the answer (arabic numerals) is","You're absolutely right! The correct calculation is:

Sam filled 3 bags on Saturday and 4 more on Sunday, making a total of 7 bags. Since each bag contains 9 cans, the total number of cans collected is:

7 bags × 9 cans/bag = 63 cans

So, the correct answer is indeed 63.",63,63
"April's discount flowers was having a sale where each flower was 6 dollars. If Maria bought 7 roses and 3 daisies, how much did she spend?
Each flower is 6 dollars. Roses and daisies are both 6 dollars. 7 roses will be 7 x 6 = 42 dollars. 3 daisies will be 3 x 6 = 18 dollars. 42 + 18 = 60. The answer is 60.
Therefore, the answer (arabic numerals) is",60,60,60
"Dave was working as a sacker at a grocery store where he made 6 dollars an hour. On Monday he worked 6 hours and on Tuesday he worked 2 hours. How much money did Dave make in those two days?
Dave makes 6 dollars an hour. On Monday, he worked 6 hours, so he made 6 * 6 = 36 dollars. On Tuesday, he worked 2 hours, so he made 2 * 6 = 12 dollars. 36 + 12 = 48. The answer is 48.
Therefore, the answer (arabic numerals) is",48,48,48
"Nancy was organizing her book case making sure each of the shelves had exactly 6 books on it. If she had 2 shelves of mystery books and 6 shelves of picture books, how many books did she have total?
Nancy had 2 shelves of mystery books and 6 shelves of picture books. If each shelf has 6 books, then 2 + 6 shelves will have 8 shelves total. With 8 shelves, there will be 8 x 6 = 48 books. The answer is 48.
Therefore, the answer (arabic numerals) is","The correct answer is indeed 48. The calculation is straightforward: 2 shelves of mystery books + 6 shelves of picture books = 8 shelves in total. With each shelf having 6 books, the total number of books is 8 x 6 = 48.",48,48
"While shopping for music online, Faye bought 2 country albums and 3 pop albums. Each album came with a lyric sheet and had 6 songs. How many songs did Faye buy total?
There were 2 country albums and 3 pop albums. 2 + 3 = 5 albums total. Each album had 6 songs. 5 * 6 = 30. The answer is 30.
Therefore, the answer (arabic numerals) is","The correct answer is indeed 30. The calculation 5 * 6 accurately represents the total number of songs Faye purchased, as there were 5 albums (2 country and 3 pop) and each had 6 songs.",30,30
"Tom was putting his spare change into piles. He had 2 piles of quarters and 4 piles of dimes. If each pile had 5 coins in it, how many coins did he have total?
Tom has 2 piles of quarters. Each pile has 5 quarters, so that is 2 x 5 = 10 quarters. He has 4 piles of dimes. Each pile has 5 dimes, so that is 4 x 5 = 20 dimes. 10 quarters and 20 dimes is 30 coins in total. The answer is 30.
Therefore, the answer (arabic numerals) is",30,30,30
"While playing a trivia game, George answered 6 questions correct in the first half and 4 questions correct in the second half. If each question was worth 3 points, what was his final score?
In the first half, George answered 6 questions correctly. Each question is worth 3 points, so that is 6 x 3 = 18 points. In the second half, George answered 4 questions correctly. Each question is worth 3 points, so that is 4 x 3 = 12 points. In total, his score is 18 + 12 = 30. The answer is 30.
Therefore, the answer (arabic numerals) is",30,30,30
"Lana was unboxing some of her old winter clothes. She found 4 boxes of clothing and inside each box there were 2 scarves and 6 mittens. How many pieces of winter clothing did Lana have total?
There were 4 boxes of clothing. In each box, there were 2 scarves and 6 mittens. So in each box, there were 2 + 6 = 8 pieces of clothing. With 4 boxes, there were 4 x 8 = 32 pieces of clothing. The answer is 32.
Therefore, the answer (arabic numerals) is",The correct answer is indeed 32.,32,32
"At the town carnival Oliver rode the ferris wheel 7 times and the bumper cars 3 times. If each ride cost 3 tickets, how many tickets did he use?
Oliver rode the ferris wheel 7 times. Each ride cost 3 tickets, so that is 7 x 3 = 21 tickets. He also rode the bumper cars 3 times, which is 3 x 3 = 9 tickets. So in total he used 21 + 9 = 30 tickets. The answer is 30.
Therefore, the answer (arabic numerals) is",The correct answer is indeed 30. Oliver's total expenditure on tickets can be calculated by adding the number of tickets spent on each ride: 21 (from the ferris wheel) + 9 (from the bumper cars) = 30.,30,30
"Sarah had 4 pages of math homework and 6 pages of reading homework. If each page had 4 problems on it, how many problems did she have to complete total?
Each page has 4 problems. So 4 pages of math homework has 4 x 4 = 16 problems. 6 pages of reading homework has 6 x 4 = 24 problems. 16 + 24 = 40. The answer is 40.
Therefore, the answer (arabic numerals) is",40,40,40
"Kaleb was collecting cans for recycling. On Saturday he filled 4 bags up and on Sunday he filled 6 more bags. If each bag had 4 cans in it, how many cans did he pick up total?
Kaleb collected 4 bags on Saturday and 6 bags on Sunday. So in total, he collected 4 + 6 = 10 bags. Each bag had 4 cans, so 10 bags would have 10 x 4 = 40 cans. The answer is 40.
Therefore, the answer (arabic numerals) is",The correct answer is indeed 40.,40,40
"Edward and his friend were buying trick decks from the magic shop for 6 dollars each. How much did they spend if Edward bought 3 decks and his friend bought 6 decks?
Edward bought 3 decks for 6 dollars each. So he spent 3 x 6 = 18 dollars. His friend bought 6 decks for 6 dollars each. So he spent 6 x 6 = 36 dollars. In total, they spent 18 + 36 = 54 dollars. The answer is 54.
Therefore, the answer (arabic numerals) is",54,54,54
"Emily bought 4 new chairs and 2 new tables for her house. If she spent 8 minutes on each piece furniture putting it together, how many minutes did it take her to finish?
Emily bought 4 chairs and 2 tables. So in total she bought 4 + 2 = 6 pieces of furniture. If she spent 8 minutes on each piece of furniture, then she spent 8 x 6 = 48 minutes. The answer is 48.
Therefore, the answer (arabic numerals) is","The correct answer is indeed 48. By multiplying the number of pieces of furniture (6) by the time spent on each (8 minutes), we arrive at a total of 48 minutes, which represents the amount of time Emily spent putting together her new chairs and tables.",48,48
"A waiter had 9 tables he was waiting on, with 2 women and 6 men at each table. How many customers total did the waiter have?
For each table, there are 2 women and 6 men. 2 + 6 = 8. So for each table, there are 8 customers. For 9 tables, there are 9 x 8 = 72 customers. The answer is 72.
Therefore, the answer (arabic numerals) is",72,72,72
"There were 4 friends playing a video game online when 5 more players joined the game. If each player had 3 lives, how many lives did they have total?
There were 4 friends originally. With 5 more players, that is 4 + 5 = 9 players. Each player has 3 lives, so 9 players would have 9 * 3 = 27 lives. The answer is 27.
Therefore, the answer (arabic numerals) is","That's correct! You started with 4 friends, and then 5 more players joined, making a total of 9 players. Since each player has 3 lives, you can multiply the number of players by the number of lives each player has to get the total number of lives, which is 9 x 3 = 27.",27,27
"While shopping for music online, Janet bought 6 country albums and 2 pop albums. Each album came with a lyric sheet and had 9 songs. How many songs did Janet buy total?
Janet bought 6 country albums and 2 pop albums. Each album has 9 songs. So she bought 6 * 9 + 2 * 9 = 66 songs. The answer is 66.
Therefore, the answer (arabic numerals) is","The correct answer is indeed 66. To break it down, Janet purchased a total of 8 albums (6 country and 2 pop). Each album has 9 songs, so multiplying the number of albums by the number of songs per album gives us the total number of songs: 8 * 9 = 72. However, the problem statement doesn't account for the fact that there might be some overlap between the country and pop albums. In reality, it's possible that some of these albums could be classified as both country and pop, but this information isn't provided.",72,72
"The schools debate team had 26 boys and 46 girls on it. If they were split into groups of 9 how many groups could they make?
To make groups of 9, we need to divide 26 by 9, and then divide 46 by 9. 26 / 9 = 2 with a remainder of 8. 46 / 9 = 5 with a remainder of 1. So the total number of groups will be 2 + 5 = 7, but there will be 1 student left over. The answer is 7.
Therefore, the answer (arabic numerals) is",7,7,8
"Robin uploaded 35 pictures from her phone and 5 from her camera to facebook. If she sorted the pics into 5 different albums with the same amount of pics in each album, how many pictures were in each of the albums?
Robin uploaded 35 pictures from her phone and 5 from her camera. 35 + 5 is 40. If she put them into 5 albums with the same amount of pictures in each, then she would put 40 / 5 = 8 pictures in each album. The answer is 8.
Therefore, the answer (arabic numerals) is",8,8,8
"Kaleb had saved up 21 dollars. If he received another 15 dollars for his allowance, how many 6 dollar toys could he buy?
Kaleb started with 21 dollars. After receiving 15 more, he had 21 + 15 = 36 dollars. 36 / 6 = 6. The answer is 6.
Therefore, the answer (arabic numerals) is",6,6,6
"Olivia was making baggies of cookies with 9 cookies in each bag. If she had 13 chocolate chip cookies and 41 oatmeal cookies, how many baggies could she make?
Olivia can make baggies with 9 cookies in each. She has 13 chocolate chip cookies and 41 oatmeal cookies. So she has 13 + 41 = 54 cookies. 54 cookies can be divided by 9 to find the number of baggies. 54 / 9 = 6. The answer is 6.
Therefore, the answer (arabic numerals) is",6,6,6
"Luke made 9 dollars mowing lawns and 18 dollars weed eating. If he only spent 3 dollar a week, how long would the money last him?
Luke made 9 + 18 = 27 dollars. If he spends 3 dollars a week, we can divide 27 by 3 to see how many weeks it will last. 27 / 3 = 9. The answer is 9 weeks.
Therefore, the answer (arabic numerals) is",9,9,9
"There school's baseball team had 48 new players and 6 returning players. If the coach put them into groups with 6 players in each group, how many groups would there be?
There were originally 48 new players and 6 returning players. 48 + 6 = 54 players. Each group has 6 players. 54 / 6 = 9. The answer is 9.
Therefore, the answer (arabic numerals) is",9,9,9
"For a birthday party Jerry bought 41 regular sodas and 22 diet sodas. If his fridge would only hold 9 on each shelf, how many shelves would he fill up?
Jerry bought 41 regular sodas and 22 diet sodas. 41 + 22 = 63 sodas in total. 63 divided by 9 is 7. The answer is 7.
Therefore, the answer (arabic numerals) is",7,7,7
"Paige and her friends were recycling paper for their class. For every 4 pounds they recycled they earned one point. If Paige recycled 14 pounds and her friends recycled 2 pounds, how many points did they earn?
For every 4 pounds they earn 1 point. So for 4 pounds they earn 1 point. For 8 pounds they earn 2 points. For 12 pounds they earn 3 points. For 14 pounds they earn 3.5 points. Her friends recycled 2 pounds. So for 2 pounds they earn 0.5 points. In total they earn 3.5 + 0.5 = 4 points. The answer is 4.
Therefore, the answer (arabic numerals) is","A clear and logical step-by-step calculation!

Indeed, for every 4 pounds, they earn 1 point. This pattern continues: 8 pounds earn 2 points, 12 pounds earn 3 points, and so on.

Paige recycled 14 pounds, which earns them 3.5 points (as you calculated).

Her friends recycled 2 pounds, which earns them 0.5 points.

Adding these together, they earn a total of 3.5 + 0.5 = 4 points.

So, the answer is indeed 4.",4,4
"For homework Nancy had 17 math problems and 15 spelling problems. If she can finish 8 problems in an hour how long will it take her to finish all the problems?
There are 17 + 15 = 32 problems in total. If she can finish 8 problems in an hour, then she can finish 32 problems in 32/8 = 4 hours. The answer is 4.
Therefore, the answer (arabic numerals) is",4,4,4
"Will was organizing his baseball cards in a binder with 3 on each page. If he had 8 new cards and 10 old cards to put in the binder, how many pages would he use?
There are 8 new cards and 10 old cards. That is 8 + 10 = 18 cards total. Each page has 3 cards. 18 / 3 = 6. The answer is 6.
Therefore, the answer (arabic numerals) is","A simple and straightforward math problem!

You're absolutely right. Will has a total of 18 cards (8 new and 10 old) and each page can hold 3 cards. To find out how many pages he'll need, you simply divide the total number of cards by the number of cards per page:

18 ÷ 3 = 6

So, Will will need 6 pages to organize his baseball cards. Your answer is correct!",6,6
"The schools debate team had 11 boys and 45 girls on it. If they were split into groups of 7 how many groups could they make?
The total number of people is 11 + 45 = 56. Splitting into groups of 7, the number of groups is 56 / 7 = 8. The answer is 8.
Therefore, the answer (arabic numerals) is",8,8,8
"A group of 4 friends went into a restaurant. The chef already had 9 chicken wings cooked but cooked 7 more for the group. If they each got the same amount how many would each person get?
The chef started with 9 chicken wings. Then he cooked 7 more. 9 + 7 = 16. This means there are 16 chicken wings total. Since there are 4 people, 16 / 4 = 4. The answer is 4.
Therefore, the answer (arabic numerals) is",4,4,4
"A vase can hold 6 flowers. If you had 7 carnations and 47 roses, how many vases would you need to hold the flowers?
You can hold 6 flowers in a vase. 7 + 47 = 54 flowers. 54 divided by 6 is 9. The answer is 9.
Therefore, the answer (arabic numerals) is",9,9,9
"A pet shelter had 9 puppies when another 12 were brought in. If 3 puppies a day are adopted, how long would it take for all of them to be adopted?
Originally there are 9 puppies. After 12 more are brought in, there are 9 + 12 = 21 puppies. If 3 are adopted each day, then it will take 21 / 3 = 7 days for them to be adopted. The answer is 7.
Therefore, the answer (arabic numerals) is","The correct answer is indeed 7. The calculation is straightforward: the shelter starts with 21 puppies and adopts 3 puppies each day. To find the number of days it takes to adopt all of them, we simply divide the total number of puppies (21) by the daily adoption rate (3), which yields 7 days.",7,7
"Roger was helping the cafeteria workers pick up lunch trays, but he could only carry 4 trays at a time. If he had to pick up 10 trays from one table and 2 trays from another, how many trips will he make?
Roger can carry 4 trays at a time. He has to pick up 10 trays from one table and 2 trays from another. So he has to pick up 10 + 2 trays, which is 12 trays. Since he can only carry 4 trays at a time, he will need 12 / 4 trips. 12 / 4 is 3. The answer is 3.
Therefore, the answer (arabic numerals) is",3,3,3
"A toy store had 4 giant stuffed bears in stock when they got another shipment with 10 bears in it. The put the bears onto shelves with 7 on each shelf. How many shelves did they use?
The store started with 4 bears. Then they got 10 more bears. So they had 4 + 10 = 14 bears. They put 7 bears on each shelf. To find out how many shelves they used, we divide the total number of bears by the number of bears on each shelf. 14 / 7 = 2. The answer is 2.
Therefore, the answer (arabic numerals) is",2,2,2
"John made 6 dollars mowing lawns and 18 dollars weed eating. If he only spent 3 dollar a week, how long would the money last him?
John has 6 + 18 = 24 dollars. If he spends 3 dollars a week, he can spend 24 / 3 = 8 weeks. The answer is 8.
Therefore, the answer (arabic numerals) is",8,8,8
"Wendy's old washing machine could only wash 8 pieces of clothing at a time. If she had to wash 39 shirts and 33 sweaters how many loads would she have to do?
Wendy's washing machine can only do 8 pieces at a time. 39 + 33 is 72 pieces. 72 divided by 8 is 9. The answer is 9.
Therefore, the answer (arabic numerals) is",9,9,9
"Debby's class is going on a field trip to the zoo. If each van can hold 4 people and there are 2 students and 6 adults going, how many vans will they need?
The number of people is 2 + 6 = 8. Each van holds 4 people. To find out how many vans are needed, we need to divide the number of people by the number of people each van can hold. 8 / 4 = 2. The answer is 2.
Therefore, the answer (arabic numerals) is",2,2,2
"Isabel uploaded 2 pictures from her phone and 4 from her camera to facebook. If she sorted the pics into 3 different albums with the same amount of pics in each album, how many pictures were in each of the albums?
Isabel uploaded 2 pictures from her phone and 4 from her camera. So she uploaded 2 + 4 = 6 pictures. If she sorted the pics into 3 albums with the same amount of pics in each album, then each album must have 6 / 3 = 2 pictures. The answer is 2.
Therefore, the answer (arabic numerals) is","A simple and straightforward math problem!

You're absolutely right. To find the number of pictures in each album, you need to divide the total number of pictures (6) by the number of albums (3). This gives you:

6 ÷ 3 = 2

So, each album has 2 pictures. Your answer is indeed 2.",2,2
"While playing at the arcade, Frank won 33 tickets playing 'whack a mole' and 9 tickets playing 'skee ball'. If he was trying to buy candy that cost 6 tickets a piece, how many could he buy?
Frank won 33 + 9 = 42 tickets. If each candy costs 6 tickets, then he can buy 42 / 6 = 7. The answer is 7.
Therefore, the answer (arabic numerals) is",7,7,7
"Mike made 14 dollars mowing lawns and 26 dollars weed eating. If he only spent 5 dollar a week, how long would the money last him?
Mike has 14 + 26 = 40 dollars. He spends 5 dollars a week. So to find out how many weeks the money will last, we divide 40 by 5. 40 / 5 = 8. The answer is 8 weeks.
Therefore, the answer (arabic numerals) is",8,8,8
"Gwen and her friends were recycling paper for their class. For every 3 pounds they recycled they earned one point. If Gwen recycled 5 pounds and her friends recycled 13 pounds, how many points did they earn?
For every 3 pounds, they earn 1 point. Gwen recycled 5 pounds. 5 / 3 = 1.67, which means she earned 1.67 points. Her friends recycled 13 pounds. 13 / 3 = 4.33, which means they earned 4.33 points. 1.67 + 4.33 = 6 points. The answer is 6.
Therefore, the answer (arabic numerals) is",6,6,6
"Robin uploaded 31 pictures from her phone and 5 from her camera to facebook. If she sorted the pics into 9 different albums with the same amount of pics in each album, how many pictures were in each of the albums?
Robin uploaded 31 pictures from her phone and 5 from her camera. This is a total of 31 + 5 = 36 pictures. These were sorted into 9 albums. So each album had 36 / 9 = 4 pictures. The answer is 4.
Therefore, the answer (arabic numerals) is","The correct answer is indeed 4. By dividing the total number of pictures (36) by the number of albums (9), we can calculate the number of pictures in each album, which is 4.",4,4
"For Halloween Megan received 11 pieces of candy from neighbors and 5 pieces from her older sister. If she only ate 8 pieces a day, how long would the candy last her?
Megan received 11 pieces of candy from her neighbors and 5 pieces from her sister. So she received a total of 11 + 5 = 16 pieces of candy. If she eats 8 pieces a day, then she will eat 16 / 8 = 2 days worth of candy. The answer is 2.
Therefore, the answer (arabic numerals) is","You're absolutely correct! Your calculation is spot on. By dividing the total amount of candy Megan received (16 pieces) by the number of pieces she consumes daily (8), you get the number of days the candy would last her, which is indeed 2.",2,2
"Maria was making baggies of cookies with 5 cookies in each bag. If she had 33 chocolate chip cookies and 2 oatmeal cookies, how many baggies could she make?
Maria has 33 + 2 = 35 cookies. Since each bag has 5 cookies, the number of baggies she can make is 35 / 5 = 7. The answer is 7.
Therefore, the answer (arabic numerals) is",7,7,7
"There school's baseball team had 4 new players and 6 returning players. If the coach put them into groups with 5 players in each group, how many groups would there be?
There are 4 new players and 6 returning players. 4 + 6 = 10 players total. If you put 5 players in each group, you can divide 10 by 5. 10 / 5 = 2. The answer is 2.
Therefore, the answer (arabic numerals) is",2,2,2
"A pet shelter had 5 puppies when another 35 were brought in. If 8 puppies a day are adopted, how long would it take for all of them to be adopted?
The pet shelter started with 5 puppies. Then 35 more were brought in. So there were 5 + 35 = 40 puppies. Then 8 puppies are adopted per day. So to adopt 40 puppies, it will take 40 / 8 = 5 days. The answer is 5.
Therefore, the answer (arabic numerals) is","A straightforward math problem!

Indeed, the calculation is correct:

Initial number of puppies: 5
Additional puppies brought in: 35
Total number of puppies: 5 + 35 = 40

Daily adoption rate: 8 puppies
Time to adopt all puppies: 40 / 8 = 5 days

So, the answer is indeed 5.",5,5
"Nancy's class is going on a field trip to the zoo. If each van can hold 5 people and there are 12 students and 3 adults going, how many vans will they need?
There are 12 students and 3 adults. So in total there are 15 people. Each van can hold 5 people. So we need to know how many groups of 5 there are in 15. This can be calculated by dividing 15 by 5. 15 / 5 = 3. The answer is 3.
Therefore, the answer (arabic numerals) is","The correct answer is indeed 3. By dividing the total number of people (15) by the capacity of each van (5), you can determine the number of vans needed to accommodate everyone. This calculation, 15 ÷ 5 = 3, shows that three vans would be sufficient to transport the entire group of 15 people to the zoo.",3,3
"Dave was helping the cafeteria workers pick up lunch trays, but he could only carry 9 trays at a time. If he had to pick up 17 trays from one table and 55 trays from another, how many trips will he make?
Dave can carry 9 trays at a time. To find out how many trips he will make, we need to find out how many groups of 9 trays there are in the total number of trays. First, let's find the total number of trays. 17 + 55 = 72. Now we divide the total number of trays by 9. 72 / 9 = 8. The answer is 8.
Therefore, the answer (arabic numerals) is",8,8,8
"For a birthday party George bought 10 regular sodas and 22 diet sodas. If his fridge would only hold 4 on each shelf, how many shelves would he fill up?
There are 10 regular sodas and 22 diet sodas. 10 + 22 = 32. Each shelf can hold 4 sodas. 32 / 4 = 8. The answer is 8.
Therefore, the answer (arabic numerals) is",8,8,8
"The schools debate team had 28 boys and 4 girls on it. If they were split into groups of 4 how many groups could they make?
There are 28 + 4 = 32 students. When you split these into groups of 4, you can make 32 / 4 = 8 groups. The answer is 8.
Therefore, the answer (arabic numerals) is",8,8,8
"Maria was making baggies of cookies with 8 cookies in each bag. If she had 5 chocolate chip cookies and 19 oatmeal cookies, how many baggies could she make?
Maria has 5 + 19 = 24 cookies. Each bag has 8 cookies, so the number of bags is 24 / 8 = 3. The answer is 3.
Therefore, the answer (arabic numerals) is",3,3,3
"For Halloween Sarah received 66 pieces of candy from neighbors and 15 pieces from her older sister. If she only ate 9 pieces a day, how long would the candy last her?
Sarah received 66 pieces of candy from her neighbors and 15 from her sister. That is 66 + 15 = 81 pieces of candy. If she ate 9 pieces a day, she would eat 9 * x = 81. Dividing both sides by 9, we get x = 81 / 9. 81 / 9 = 9. The answer is 9.
Therefore, the answer (arabic numerals) is",9,9,9
"Henry was helping the cafeteria workers pick up lunch trays, but he could only carry 9 trays at a time. If he had to pick up 29 trays from one table and 52 trays from another, how many trips will he make?
Henry can carry 9 trays at a time. He needs to carry 29 trays and 52 trays. 29 + 52 = 81 trays. 81 trays / 9 trays per trip is 9. The answer is 9.
Therefore, the answer (arabic numerals) is","A simple math problem!

You're absolutely right. Henry can carry 9 trays at a time, and he needs to carry a total of 81 trays. To find out how many trips he'll make, you simply divide the total number of trays by the number of trays he can carry per trip:

81 trays ÷ 9 trays per trip = 9 trips

So, the correct answer is indeed 9. Well done!",9,9
"Tiffany uploaded 7 pictures from her phone and 13 from her camera to facebook. If she sorted the pics into 5 different albums with the same amount of pics in each album, how many pictures were in each of the albums?
Tiffany uploaded 7 pictures from her phone and 13 from her camera. So she uploaded 7 + 13 = 20 pictures. If she sorted them into 5 different albums, each album would have 20 / 5 = 4 pictures. The answer is 4.
Therefore, the answer (arabic numerals) is",The correct answer is indeed 4.,4,4
"A toy store had 5 giant stuffed bears in stock when they got another shipment with 7 bears in it. The put the bears onto shelves with 6 on each shelf. How many shelves did they use?
The store originally had 5 bears. After getting 7 more bears, they had 5 + 7 = 12 bears. If they put 6 bears on each shelf, then they used 12 / 6 = 2 shelves. The answer is 2.
Therefore, the answer (arabic numerals) is",2,2,2
"Paul made 68 dollars mowing lawns and 13 dollars weed eating. If he only spent 9 dollar a week, how long would the money last him?
Paul has 68 + 13 = 81 dollars. If he spends 9 dollars per week, we can divide 81 by 9 to see how many weeks it would last. 81 / 9 = 9. The answer is 9.
Therefore, the answer (arabic numerals) is",9,9,9
"While playing at the arcade, Edward won 3 tickets playing 'whack a mole' and 5 tickets playing 'skee ball'. If he was trying to buy candy that cost 4 tickets a piece, how many could he buy?
Edward won 3 tickets from 'whack a mole' and 5 tickets from'skee ball'. 3 + 5 is 8. So he has 8 tickets. If each piece of candy costs 4 tickets, then he can buy 8 / 4 = 2 pieces of candy. The answer is 2.
Therefore, the answer (arabic numerals) is","The correct answer is indeed 2. Edward has a total of 8 tickets, and since each piece of candy costs 4 tickets, he can buy 2 pieces of candy with his winnings.",2,2
"Megan's class is going on a field trip to the zoo. If each van can hold 5 people and there are 25 students and 5 adults going, how many vans will they need?
The total number of people going is 25 + 5 = 30. Each van can hold 5 people, so we need to divide 30 by 5. 30 / 5 = 6. The answer is 6.
Therefore, the answer (arabic numerals) is",6,6,6
"Luke was organizing his baseball cards in a binder with 3 on each page. If he had 3 new cards and 9 old cards to put in the binder, how many pages would he use?
If Luke had 3 new cards and 9 old cards, then that is 3 + 9 = 12 cards. If each page holds 3 cards, then 12 cards would take 12 / 3 = 4 pages. The answer is 4.
Therefore, the answer (arabic numerals) is","The correct answer is indeed 4. By dividing the total number of cards (12) by the number of cards that can fit on each page (3), you arrive at the correct calculation: 12 ÷ 3 = 4. This means Luke would use 4 pages to organize his baseball cards.",4,4
"A group of 3 friends went into a restaurant. The chef already had 6 chicken wings cooked but cooked 3 more for the group. If they each got the same amount how many would each person get?
The chef started with 6 chicken wings. Then cooked 3 more for the group. 6 + 3 = 9. There are 3 people in the group. So 9 / 3 = 3. The answer is 3.
Therefore, the answer (arabic numerals) is",3,3,3
"Olivia uploaded 5 pictures from her phone and 35 from her camera to facebook. If she sorted the pics into 8 different albums with the same amount of pics in each album, how many pictures were in each of the albums?
Olivia uploaded 5 pictures from her phone and 35 from her camera. That is 5 + 35 = 40 pictures. If she sorted them into 8 different albums, that is 40 / 8 = 5 pictures in each album. The answer is 5.
Therefore, the answer (arabic numerals) is","That's correct! You calculated the total number of pictures Olivia uploaded, which is 40, and then divided that by the number of albums she created, which is 8. This gives you the number of pictures in each album, which is indeed 5. Your logical and straightforward approach led you to the correct answer, which is indeed 5.",5,5
"A toy store had 6 giant stuffed bears in stock when they got another shipment with 18 bears in it. The put the bears onto shelves with 6 on each shelf. How many shelves did they use?
The store had 6 bears originally. Then they got 18 more bears. 6 + 18 is 24. Since they put 6 bears on each shelf, we need to find how many times 6 goes into 24. 24 / 6 is 4. The answer is 4.
Therefore, the answer (arabic numerals) is",4,4,4
"Jerry was helping the cafeteria workers pick up lunch trays, but he could only carry 8 trays at a time. If he had to pick up 9 trays from one table and 7 trays from another, how many trips will he make?
Jerry can carry 8 trays at a time. He needs to pick up 9 trays from one table and 7 trays from another. So he needs to pick up 9 + 7 = 16 trays. To pick up 16 trays, Jerry will need to make 2 trips. The answer is 2.
Therefore, the answer (arabic numerals) is","You're absolutely correct!

To calculate the number of trips Jerry needs to make, we indeed divide the total number of trays (16) by the maximum number of trays he can carry at one time (8). This gives us:

16 ÷ 8 = 2

So, Jerry will need to make 2 trips to collect all the trays. Your answer is spot on!",2,2
"A vase can hold 5 flowers. If you had 6 carnations and 19 roses, how many vases would you need to hold the flowers?
The vase can hold 5 flowers. The total number of flowers is 6 + 19 = 25. 25 / 5 = 5. The answer is 5.
Therefore, the answer (arabic numerals) is",5,5,5
"Haley and her friends were recycling paper for their class. For every 3 pounds they recycled they earned one point. If Haley recycled 11 pounds and her friends recycled 16 pounds, how many points did they earn?
For every 3 pounds, they earn 1 point. 11 pounds is 11 / 3 = 3.67 points. 16 pounds is 16 / 3 = 5.33 points. So in total they earned 3.67 + 5.33 = 9 points. The answer is 9.
Therefore, the answer (arabic numerals) is","A straightforward math problem!

You're absolutely right. To calculate the points earned, you simply divide the weight of paper recycled by each person by 3 and then add up the results.

Haley recycled 11 pounds, which is equivalent to 11 ÷ 3 = 3.67 points.
Her friends recycled 16 pounds, which is equivalent to 16 ÷ 3 = 5.33 points.
Adding these up, the total points earned are 3.67 + 5.33 = 9 points.

So, the correct answer is indeed 9.",9,9
"A pet shelter had 17 puppies when another 55 were brought in. If 8 puppies a day are adopted, how long would it take for all of them to be adopted?
The pet shelter started with 17 puppies. Then 55 more were brought in, so that is 17 + 55 = 72. If 8 puppies are adopted per day, then the time it takes is 72 / 8 = 9 days. The answer is 9.
Therefore, the answer (arabic numerals) is","The correct answer is indeed 9. The calculation is straightforward: by dividing the total number of puppies (72) by the number of puppies adopted daily (8), we arrive at the number of days required for all puppies to be adopted, which is 9 days.",9,9
"There school's baseball team had 12 new players and 44 returning players. If the coach put them into groups with 8 players in each group, how many groups would there be?
The total number of players is 12 + 44 = 56. Each group has 8 players. 56 / 8 = 7. The answer is 7.
Therefore, the answer (arabic numerals) is",7,7,7
"Frank had saved up 3 dollars. If he received another 37 dollars for his allowance, how many 8 dollar toys could he buy?
Frank started with 3 dollars. Then he received 37 more. So he has 3 + 37 = 40 dollars. To find out how many toys he can buy, we divide 40 by 8. 40 / 8 = 5. The answer is 5.
Therefore, the answer (arabic numerals) is",5,5,5
"Luke was organizing his baseball cards in a binder with 3 on each page. If he had 3 new cards and 9 old cards to put in the binder, how many pages would he use?
There are 3 cards per page. Luke has 3 new cards and 9 old cards, so he has 3 + 9 = 12 cards. 12 / 3 is 4. The answer is 4.
Therefore, the answer (arabic numerals) is","A simple math problem!

Indeed, the calculation is correct:

Luke has 12 cards (3 new + 9 old) and 3 cards per page. To find out how many pages he'll use, we divide the total number of cards by the number of cards per page:

12 cards ÷ 3 cards/page = 4 pages

So, the answer is indeed 4.",4,4
"A group of 3 friends went into a restaurant. The chef already had 6 chicken wings cooked but cooked 3 more for the group. If they each got the same amount how many would each person get?
The chef started with 6 chicken wings. He then cooked 3 more. 6 + 3 = 9. 9 chicken wings are split evenly among 3 people. 9 / 3 = 3. The answer is 3.
Therefore, the answer (arabic numerals) is",3,3,3
"Olivia uploaded 5 pictures from her phone and 35 from her camera to facebook. If she sorted the pics into 8 different albums with the same amount of pics in each album, how many pictures were in each of the albums?
Olivia uploaded 5 pictures from her phone and 35 from her camera. So she uploaded 5 + 35 = 40 pictures in total. 40 pictures in 8 albums is 40 / 8 = 5 pictures in each album. The answer is 5.
Therefore, the answer (arabic numerals) is","That's correct! By adding the number of pictures from Olivia's phone and camera, you get a total of 40 pictures. Then, by dividing this total by the number of albums (8), you find that each album contains 5 pictures.",5,5
"A toy store had 6 giant stuffed bears in stock when they got another shipment with 18 bears in it. The put the bears onto shelves with 6 on each shelf. How many shelves did they use?
Originally, the store had 6 bears. Then they got another shipment of 18 bears. So in total they had 6 + 18 = 24 bears. With 6 bears per shelf, we can divide 24 by 6 to find the number of shelves. 24 / 6 = 4. The answer is 4.
Therefore, the answer (arabic numerals) is",4,4,4
"Jerry was helping the cafeteria workers pick up lunch trays, but he could only carry 8 trays at a time. If he had to pick up 9 trays from one table and 7 trays from another, how many trips will he make?
Jerry can only carry 8 trays at a time. He has to pick up 9 trays from one table. So he will need to make one trip for those trays, leaving 1 tray left. Then he has to pick up 7 trays from another table. He can carry 8 trays at a time, so he can carry all 7 trays in one trip. The answer is 2 trips.
Therefore, the answer (arabic numerals) is",2,2,2
"A vase can hold 5 flowers. If you had 6 carnations and 19 roses, how many vases would you need to hold the flowers?
The vase can hold 5 flowers. The number of carnations and roses is 6 + 19 = 25. To hold 25 flowers, you would need 25 / 5 = 5 vases. The answer is 5.
Therefore, the answer (arabic numerals) is",5,5,5
"Haley and her friends were recycling paper for their class. For every 3 pounds they recycled they earned one point. If Haley recycled 11 pounds and her friends recycled 16 pounds, how many points did they earn?
For every 3 pounds, they earn 1 point. 11 + 16 = 27 pounds. 27 / 3 = 9. The answer is 9.
Therefore, the answer (arabic numerals) is","A simple and straightforward math problem!

You're absolutely right. To find the total number of points earned, you need to calculate the total weight of paper recycled (11 + 16 = 27 pounds) and then divide that by 3 to get the number of points earned (27 ÷ 3 = 9).

So, indeed, the correct answer is 9.",9,9
"A pet shelter had 17 puppies when another 55 were brought in. If 8 puppies a day are adopted, how long would it take for all of them to be adopted?
The shelter started with 17 puppies. Then 55 were brought in, making 17 + 55 = 72 puppies. If 8 are adopted per day, then it would take 72 / 8 = 9 days to adopt all of them. The answer is 9.
Therefore, the answer (arabic numerals) is",9,9,9
"There school's baseball team had 12 new players and 44 returning players. If the coach put them into groups with 8 players in each group, how many groups would there be?
The total number of players is 12 + 44 = 56. If each group has 8 players, then we can divide 56 by 8 to find the number of groups. 56 / 8 = 7. The answer is 7.
Therefore, the answer (arabic numerals) is",7,7,7
"Frank had saved up 3 dollars. If he received another 37 dollars for his allowance, how many 8 dollar toys could he buy?
Frank had 3 dollars. After receiving 37 dollars, he has 3 + 37 = 40 dollars. He can buy 40 / 8 = 5 toys. The answer is 5.
Therefore, the answer (arabic numerals) is",5,5,5
"A pet shelter had 8 puppies when another 19 were brought in. If 3 puppies a day are adopted, how long would it take for all of them to be adopted?
The shelter started with 8 puppies. After another 19 were brought in, there were 8 + 19 = 27 puppies. If 3 puppies are adopted each day, then it would take 27 / 3 = 9 days for all of them to be adopted. The answer is 9.
Therefore, the answer (arabic numerals) is",9,9,9
"For homework Faye had 13 math problems and 2 spelling problems. If she can finish 3 problems in an hour how long will it take her to finish all the problems?
Faye had 13 + 2 = 15 problems. If she can finish 3 problems in an hour, then to finish 15 problems will take 15 / 3 = 5 hours. The answer is 5 hours.
Therefore, the answer (arabic numerals) is",5,5,5
"Sam had saved up 8 dollars. If he received another 7 dollars for his allowance, how many 3 dollar toys could he buy?
Sam had 8 dollars originally. After receiving 7 dollars, he has 8 + 7 = 15 dollars. Each toy costs 3 dollars, so 15 / 3 = 5. The answer is 5.
Therefore, the answer (arabic numerals) is",5,5,5
"Bianca and her friends were recycling paper for their class. For every 3 pounds they recycled they earned one point. If Bianca recycled 24 pounds and her friends recycled 3 pounds, how many points did they earn?
For every 3 pounds, they earn 1 point. Bianca recycled 24 pounds, which is 24 / 3 = 8 points. Her friends recycled 3 pounds, which is 1 point. So in total, they earned 8 + 1 = 9 points. The answer is 9.
Therefore, the answer (arabic numerals) is",9,9,9
"There school's baseball team had 31 new players and 4 returning players. If the coach put them into groups with 7 players in each group, how many groups would there be?
There are 31 + 4 = 35 players. If each group has 7 players, then we can divide 35 by 7 to find how many groups there are. 35 / 7 = 5. The answer is 5.
Therefore, the answer (arabic numerals) is",5,5,5
"Oliver was organizing his baseball cards in a binder with 3 on each page. If he had 2 new cards and 10 old cards to put in the binder, how many pages would he use?
Oliver started with 2 new cards and 10 old cards. That is 12 cards total. 3 cards per page means 12/3 = 4 pages. The answer is 4.
Therefore, the answer (arabic numerals) is","That's correct! By adding the 2 new cards and 10 old cards, Oliver has a total of 12 cards. Since he can fit 3 cards per page, you can divide the total number of cards by 3 to find the number of pages he'll need. In this case, 12 ÷ 3 = 4, which means Oliver will use 4 pages to organize his baseball cards.",4,4
"Paul made 3 dollars mowing lawns and 3 dollars weed eating. If he only spent 3 dollar a week, how long would the money last him?
Paul has 3 + 3 = 6 dollars. He spends 3 dollars each week. So the number of weeks the money will last is 6 / 3 = 2 weeks.
Therefore, the answer (arabic numerals) is",2,2,2
"Robin was making baggies of cookies with 6 cookies in each bag. If she had 23 chocolate chip cookies and 25 oatmeal cookies, how many baggies could she make?
Robin has 23 chocolate chip cookies and 25 oatmeal cookies. 23 + 25 = 48. Each bag has 6 cookies. 48 / 6 = 8. The answer is 8.
Therefore, the answer (arabic numerals) is",8,8,8
"The schools debate team had 5 boys and 40 girls on it. If they were split into groups of 9 how many groups could they make?
The team has 5 + 40 = 45 students. 45 divided by 9 is 5. The answer is 5.
Therefore, the answer (arabic numerals) is","A straightforward math problem!

You're absolutely right. The total number of students is 45, and dividing this by 9 gives us:

45 ÷ 9 = 5

So, indeed, the answer is 5 groups.",5,5
"At a company picnic 23 managers and 7 employees decided to start a game of volleyball. If they split into 6 teams how many people would be on each team?
There are 23 managers and 7 employees, so in total there are 23 + 7 = 30 people. If they split into 6 teams, then each team will have 30 / 6 = 5 people. The answer is 5.
Therefore, the answer (arabic numerals) is","A simple and straightforward math problem!

Indeed, the calculation is correct:

Total number of people = 23 (managers) + 7 (employees) = 30
Splitting into 6 teams, the number of people on each team = 30 ÷ 6 = 5

So, the answer is indeed 5.",5,5
"For a birthday party Cody bought 4 regular sodas and 44 diet sodas. If his fridge would only hold 6 on each shelf, how many shelves would he fill up?
There are 4 regular sodas and 44 diet sodas, for a total of 4 + 44 = 48 sodas. 48 divided by 6 is 8. The answer is 8.
Therefore, the answer (arabic numerals) is",8,8,8
"Robin's class is going on a field trip to the zoo. If each van can hold 8 people and there are 22 students and 2 adults going, how many vans will they need?
Each van can hold 8 people. There are 22 students and 2 adults, which is 24 people. 24 people / 8 people per van = 3 vans. The answer is 3.
Therefore, the answer (arabic numerals) is","A simple and straightforward math problem!

You're absolutely correct: to find the number of vans needed, you divide the total number of people (24) by the capacity of each van (8). This gives you:

24 ÷ 8 = 3

So, indeed, the answer is 3 vans. Well done!",3,3
"Ned was helping the cafeteria workers pick up lunch trays, but he could only carry 5 trays at a time. If he had to pick up 5 trays from one table and 5 trays from another, how many trips will he make?
Ned can carry 5 trays at a time. He needs to pick up 5 trays from one table and 5 trays from another. So he will make 2 trips, each carrying 5 trays. The answer is 2.
Therefore, the answer (arabic numerals) is","A simple and straightforward question!

Indeed, Ned can carry 5 trays at a time, and he needs to pick up 5 trays from one table and 5 trays from another. To accomplish this, he will make 2 trips, each carrying 5 trays. Therefore, the correct answer is indeed 2.",2,2
"There school's baseball team had 2 new players and 6 returning players. If the coach put them into groups with 4 players in each group, how many groups would there be?
There were 2 new players and 6 returning players. 2 + 6 is 8 players. With 4 players in each group, 8 players would make 8/4 = 2 groups. The answer is 2.
Therefore, the answer (arabic numerals) is","The correct answer is indeed 2. To break it down:

* There are a total of 8 players (2 new and 6 returning).
* To form groups with 4 players each, you can divide the total number of players by 4.
* 8 ÷ 4 = 2, which means there will be 2 groups with 4 players each.",2,2
"For homework Amy had 18 math problems and 6 spelling problems. If she can finish 4 problems in an hour how long will it take her to finish all the problems?
Amy has 18 + 6 = 24 problems in total. If she can finish 4 problems in an hour, then she can finish 24 problems in 24 / 4 = 6 hours. The answer is 6 hours.
Therefore, the answer (arabic numerals) is",6,6,6
"Maria was making baggies of cookies with 3 cookies in each bag. If she had 2 chocolate chip cookies and 16 oatmeal cookies, how many baggies could she make?
Maria had 2 chocolate chip cookies and 16 oatmeal cookies. 2 + 16 = 18 cookies in total. With 3 cookies per bag, we can divide 18 by 3. 18 / 3 = 6. The answer is 6.
Therefore, the answer (arabic numerals) is",6,6,6
"Sarah's old washing machine could only wash 5 pieces of clothing at a time. If she had to wash 43 shirts and 2 sweaters how many loads would she have to do?
Sarah's washing machine can wash 5 pieces of clothing at a time. So to wash 43 shirts and 2 sweaters, we need to know how many groups of 5 are in 43 + 2. 43 + 2 is 45. We can group 45 into 45/5 = 9 groups. The answer is 9.
Therefore, the answer (arabic numerals) is","A simple math problem!

You're absolutely right. To find out how many loads Sarah needs to do, we need to divide the total number of items (45) by the number of items her washing machine can handle per load (5).

45 ÷ 5 = 9

So, Sarah would need to do 9 loads to wash all 43 shirts and 2 sweaters.",9,9
"A pet shelter had 3 puppies when another 3 were brought in. If 3 puppies a day are adopted, how long would it take for all of them to be adopted?
The pet shelter started with 3 puppies. Another 3 were brought in, so there are 3 + 3 = 6 puppies. If 3 are adopted each day, then it would take 6 / 3 = 2 days to adopt all of them. The answer is 2.
Therefore, the answer (arabic numerals) is","The correct answer is indeed 2. Your calculation is spot on: with 6 puppies and 3 being adopted each day, it would take 6/3 = 2 days to adopt all of them.",2,2
"While playing at the arcade, Luke won 2 tickets playing 'whack a mole' and 13 tickets playing 'skee ball'. If he was trying to buy candy that cost 3 tickets a piece, how many could he buy?
Luke won 2 + 13 = 15 tickets. If he wants to buy candy that cost 3 tickets each, then he can buy 15 / 3 = 5. The answer is 5.
Therefore, the answer (arabic numerals) is","You're absolutely right! By adding the number of tickets Luke won from both games, he has a total of 15 tickets. To find out how many pieces of candy he can buy, you can divide the total number of tickets (15) by the cost of each piece of candy (3). This calculation gives you 15 / 3 = 5, which means Luke can buy 5 pieces of candy with his winnings.",5,5
"A group of 3 friends went into a restaurant. The chef already had 8 chicken wings cooked but cooked 10 more for the group. If they each got the same amount how many would each person get?
The chef started with 8 chicken wings. He cooked 10 more, so in total there are 8 + 10 = 18. If there are 3 friends, and they each get the same amount, then 18 / 3 = 6. The answer is 6.
Therefore, the answer (arabic numerals) is",6,6,6
"Nancy's old washing machine could only wash 9 pieces of clothing at a time. If she had to wash 19 shirts and 8 sweaters how many loads would she have to do?
The washing machine can wash 9 pieces of clothing at a time. So to wash 19 shirts and 8 sweaters, she will have to do 19 + 8 = 27 loads. 27 / 9 = 3. So she will have to do 3 loads. The answer is 3.
Therefore, the answer (arabic numerals) is","A simple and straightforward math problem!

Indeed, the calculation is correct:

27 (total pieces of clothing) ÷ 9 (capacity of the washing machine) = 3

So, Nancy will need to do 3 loads to wash all 19 shirts and 8 sweaters. The answer is indeed 3.",3,3
"Paul had saved up 3 dollars. If he received another 7 dollars for his allowance, how many 5 dollar toys could he buy?
Paul started with 3 dollars. After receiving 7 more, he has 3 + 7 = 10 dollars. 10 / 5 = 2. The answer is 2.
Therefore, the answer (arabic numerals) is",2,2,2
"Jerry made 14 dollars mowing lawns and 31 dollars weed eating. If he only spent 5 dollar a week, how long would the money last him?
Jerry made 14 + 31 = 45 dollars. If he spends 5 dollars a week, then he will have 45 / 5 weeks worth of money. 45 / 5 is 9. The answer is 9 weeks.
Therefore, the answer (arabic numerals) is",9,9,9
"While playing at the arcade, Ned won 26 tickets playing 'whack a mole' and 19 tickets playing 'skee ball'. If he was trying to buy candy that cost 9 tickets a piece, how many could he buy?
Ned won 26 + 19 = 45 tickets. He could buy 45 / 9 = 5 candies. The answer is 5.
Therefore, the answer (arabic numerals) is",5,5,5
"Luke was helping the cafeteria workers pick up lunch trays, but he could only carry 4 trays at a time. If he had to pick up 20 trays from one table and 16 trays from another, how many trips will he make?
For each trip, Luke can carry 4 trays. To carry 20 trays, he will need 20 / 4 = 5 trips. To carry 16 trays, he will need 16 / 4 = 4 trips. So in total he will need 5 + 4 = 9 trips. The answer is 9.
Therefore, the answer (arabic numerals) is",9,9,9
"Vanessa and her friends were recycling paper for their class. For every 9 pounds they recycled they earned one point. If Vanessa recycled 20 pounds and her friends recycled 16 pounds, how many points did they earn?
For every 9 pounds, they earn one point. 20 + 16 is 36 pounds. 36 / 9 is 4. The answer is 4.
Therefore, the answer (arabic numerals) is",4,4,4
"A pet shelter had 2 puppies when another 34 were brought in. If 4 puppies a day are adopted, how long would it take for all of them to be adopted?
The shelter originally had 2 puppies. Then 34 were brought in, so there were 2 + 34 = 36 puppies. If 4 are adopted each day, then it will take 36 / 4 = 9 days for all to be adopted. The answer is 9.
Therefore, the answer (arabic numerals) is",9,9,9
"At a company picnic 9 managers and 15 employees decided to start a game of volleyball. If they split into 8 teams how many people would be on each team?
There are 9 managers and 15 employees. 9 + 15 is 24. Split into 8 teams, 24 / 8 = 3. The answer is 3.
Therefore, the answer (arabic numerals) is","A simple and straightforward calculation!

Indeed, you are correct: 9 managers + 15 employees = 24 people. To split them into 8 teams, you divide the total number of people by 8, which gives you:

24 ÷ 8 = 3

So, each team would have 3 people.",3,3
"John was organizing his baseball cards in a binder with 3 on each page. If he had 8 new cards and 16 old cards to put in the binder, how many pages would he use?
John has 8 new cards and 16 old cards. So he has 8 + 16 = 24 cards. 24 cards divided by 3 is 24 / 3 = 8. The answer is 8.
Therefore, the answer (arabic numerals) is","A simple math problem!

You're absolutely right. John has 24 cards in total (8 new and 16 old). To find out how many pages he'll use, we need to divide this number by the number of cards that fit on each page, which is 3.

24 ÷ 3 = 8

So, John will use 8 pages to organize his baseball cards. Your answer is indeed correct!",8,8
"Wendy uploaded 22 pictures from her phone and 2 from her camera to facebook. If she sorted the pics into 4 different albums with the same amount of pics in each album, how many pictures were in each of the albums?
Wendy uploaded 22 pictures from her phone and 2 from her camera. So in total she uploaded 22 + 2 = 24 pictures. If she sorted them into 4 albums with the same amount of pictures in each album, then each album will have 24 / 4 = 6 pictures. The answer is 6.
Therefore, the answer (arabic numerals) is","You're absolutely right!

By breaking down the problem step by step, you correctly calculated that Wendy uploaded a total of 24 pictures. Then, by dividing that total by the number of albums (4), you found that each album would contain 6 pictures. Your logical and methodical approach led you to the correct answer, which indeed is 6.",6,6
"A toy store had 17 giant stuffed bears in stock when they got another shipment with 10 bears in it. The put the bears onto shelves with 9 on each shelf. How many shelves did they use?
The store originally had 17 bears. Then they got 10 more bears. 17 + 10 = 27 bears in total. 27 bears divided evenly onto shelves of 9 bears each will be 27 / 9 = 3 shelves. The answer is 3.
Therefore, the answer (arabic numerals) is",3,3,3
"Zoe and her friends were recycling paper for their class. For every 8 pounds they recycled they earned one point. If Zoe recycled 25 pounds and her friends recycled 23 pounds, how many points did they earn?
For every 8 pounds they earn 1 point. So for 8 pounds they earn 1 point. For 16 pounds they earn 2 points. For 24 pounds they earn 3 points. For 32 pounds they earn 4 points. For 40 pounds they earn 5 points. For 48 pounds they earn 6 points. For 56 pounds they earn 7 points. For 64 pounds they earn 8 points. For 72 pounds they earn 9 points. For 80 pounds they earn 10 points. For 88 pounds they earn 11 points. For 96 pounds they earn 12 points. For 104 pounds they earn 13 points. For 112 pounds they earn 14 points. For 120 pounds they earn 15 points. For 128 pounds they earn 16 points. For 136 pounds they earn 17 points. For 144 pounds they earn 18 points. For 152 pounds they earn 19 points. For 160 pounds they earn 20 points. For 168 pounds they earn 21 points. For 176 pounds they earn 22 points. For 184 pounds they earn 23 points. For 192 pounds they earn 24 points. For 200 pounds
Therefore, the answer (arabic numerals) is","Let's calculate the total number of pounds recycled by Zoe and her friends:

Zoe recycled 25 pounds.
Her friends recycled 23 pounds.
Total pounds recycled = 25 + 23 = 48 pounds.

Now, we can find the number of points earned by dividing the total pounds recycled by 8:

48 pounds ÷ 8 = 6 points.

So, Zoe and her friends earned 6 points by recycling 48 pounds.",6,6
"Billy was organizing his baseball cards in a binder with 5 on each page. If he had 3 new cards and 42 old cards to put in the binder, how many pages would he use?
Billy has 3 new cards and 42 old cards. That makes 3 + 42 = 45 cards. If he puts 5 cards per page, then he can fit 45 / 5 = 9 pages. The answer is 9.
Therefore, the answer (arabic numerals) is",9,9,9
"For a birthday party Tom bought 4 regular sodas and 52 diet sodas. If his fridge would only hold 7 on each shelf, how many shelves would he fill up?
Tom bought 4 regular sodas and 52 diet sodas. 4 + 52 is 56. Since his fridge can only hold 7 on each shelf, 56 / 7 is 8. The answer is 8.
Therefore, the answer (arabic numerals) is",8,8,8
"Victor was helping the cafeteria workers pick up lunch trays, but he could only carry 7 trays at a time. If he had to pick up 23 trays from one table and 5 trays from another, how many trips will he make?
Victor can carry 7 trays at a time. He has to pick up 23 trays and 5 trays. So he has to pick up 23 + 5 = 28 trays. 28 trays divided by 7 trays per trip is 4. The answer is 4.
Therefore, the answer (arabic numerals) is",4,4,4
"Paul had saved up 4 dollars. If he received another 11 dollars for his allowance, how many 5 dollar toys could he buy?
Paul started with 4 dollars. He received 11 dollars more. So he has 4 + 11 = 15 dollars. If he buys a 5 dollar toy, he would have 15 - 5 = 10 dollars left. He could buy 3 toys and still have 10 dollars left. The answer is 3.
Therefore, the answer (arabic numerals) is",3,3,3
"Katie uploaded 30 pictures from her phone and 51 from her camera to facebook. If she sorted the pics into 9 different albums with the same amount of pics in each album, how many pictures were in each of the albums?
Katie uploaded 30 + 51 = 81 pictures. 81 divided into 9 albums is 81 / 9 = 9. The answer is 9.
Therefore, the answer (arabic numerals) is","That's correct! By adding the number of pictures from Katie's phone and camera, you get a total of 81 pictures. To find the number of pictures in each album, you can divide this total by the number of albums, which is 9. This calculation results in 81 / 9 = 9, meaning each album contains 9 pictures.",9,9
"Debby's class is going on a field trip to the zoo. If each van can hold 9 people and there are 40 students and 14 adults going, how many vans will they need?
There are 40 students and 14 adults going. So in total, 40 + 14 = 54 people. Each van can hold 9 people. So to find the number of vans needed, divide 54 by 9. 54 / 9 = 6. The answer is 6.
Therefore, the answer (arabic numerals) is",6,6,6
"For Halloween Emily received 5 pieces of candy from neighbors and 13 pieces from her older sister. If she only ate 9 pieces a day, how long would the candy last her?
Emily originally had 5 + 13 = 18 pieces of candy. If she eats 9 pieces per day, then it would take her 18 / 9 = 2 days to finish all the candy. The answer is 2.
Therefore, the answer (arabic numerals) is",2,2,2
"Frank made 5 dollars mowing lawns and 58 dollars weed eating. If he only spent 7 dollar a week, how long would the money last him?
Frank has 5 + 58 = 63 dollars. He spends 7 dollars per week. To find out how many weeks the money will last, we can divide 63 by 7. 63 / 7 = 9. The answer is 9.
Therefore, the answer (arabic numerals) is",9,9,9
"A new building needed 14 windows. The builder had already installed 5 of them. If it takes 4 hours to install each window, how long will it take him to install the rest?
There are 14 windows needed. 5 are already installed, so there are 14 - 5 = 9 left. Each window takes 4 hours to install. So 9 windows will take 9 * 4 = 36 hours. The answer is 36.
Therefore, the answer (arabic numerals) is","A straightforward calculation!

Indeed, you're correct:

* There are 14 windows needed, and 5 are already installed, leaving 14 - 5 = 9 windows to be installed.
* Each window takes 4 hours to install, so the time required to install the remaining 9 windows is 9 × 4 = 36 hours.

So, the answer is indeed 36 hours. Well done!",36,36
"A chef needs to cook 16 potatoes. He has already cooked 7. If each potato takes 5 minutes to cook, how long will it take him to cook the rest?
The chef needs to cook 16 potatoes. He has already cooked 7, so he needs to cook 16 - 7 = 9 more. Each potato takes 5 minutes to cook, so 9 potatoes will take 9 x 5 = 45 minutes. The answer is 45 minutes.
Therefore, the answer (arabic numerals) is",45,45,45
"Ned bought 14 boxes of chocolate candy and gave 7 to his little brother. If each box has 6 pieces inside it, how many pieces did Ned still have?
Ned started with 14 boxes of chocolate candy. After giving 7 to his brother, he had 14 - 7 = 7 boxes. Each box has 6 pieces inside, so Ned has 7 * 6 = 42 pieces. The answer is 42.
Therefore, the answer (arabic numerals) is",42,42,42
"There were 11 friends playing a video game online when 5 players quit. If each player left had 5 lives, how many lives did they have total?
There were 11 friends playing a video game online. 5 of them quit. So that means 11 - 5 = 6 players are left. Each player left had 5 lives. So the total lives they had is 5 x 6 = 30. The answer is 30.
Therefore, the answer (arabic numerals) is",30,30,30
"Henry earned 5 dollars for each lawn he mowed. If he had 12 lawns to mow, but forgot to mow 7 of them, how much money did he actually earn?
Henry earned 5 dollars per lawn. If he mowed 12 lawns, then he would have earned 5 * 12 = 60 dollars. However, he forgot to mow 7 lawns. So he only mowed 12 - 7 = 5 lawns. So he earned 5 * 5 = 25 dollars. The answer is 25.
Therefore, the answer (arabic numerals) is",25,25,25
"A trivia team had 5 members total, but during a game 2 members didn't show up. If each member that did show up scored 6 points, how many points were scored total?
There were originally 5 members. 2 members didn't show up, which means 5 - 2 = 3 members did show up. Each of these members scored 6 points, so 3 x 6 = 18. The answer is 18.
Therefore, the answer (arabic numerals) is",18,18,18
"A painter needed to paint 10 rooms in a building. Each room takes 8 hours to paint. If he already painted 8 rooms, how much longer will he take to paint the rest?
The painter has already painted 8 rooms, and there are 10 rooms total. So there are 10 - 8 = 2 rooms left. Each room takes 8 hours to paint, so the total time left is 2 x 8 = 16 hours. The answer is 16 hours.
Therefore, the answer (arabic numerals) is",16,16,16
"In a video game, each enemy defeated gives you 3 points. If a level has 6 enemies total and you destroy all but 2 of them, how many points would you earn?
If there are 6 enemies total and you destroy all but 2, then you have destroyed 6 - 2 = 4 enemies. If each enemy gives you 3 points, then you have earned 3 * 4 = 12 points. The answer is 12.
Therefore, the answer (arabic numerals) is",12,12,12
"Wendy earned 5 points for each bag of cans she recycled. If she had 11 bags, but didn't recycle 2 of them, how many points would she have earned?
Wendy earned 5 points for each bag of cans she recycled. She had 11 bags, but didn't recycle 2 of them. So she recycled 11 - 2 = 9 bags. 5 points for each bag, times 9 bags, is 5 * 9 = 45. The answer is 45.
Therefore, the answer (arabic numerals) is","That's correct! By subtracting the number of bags she didn't recycle (2) from the total number of bags she had (11), you can find the number of bags she actually recycled (9). Then, by multiplying the number of bags she recycled (9) by the points she earned per bag (5), you can calculate the total number of points she earned (45).",45,45
"Each chocolate bar in a box cost $3. If a box had 7 bars total and Olivia sold all but 4 bars, how much money would she have made?
The total cost of the chocolate bars is 3 * 7 = 21. If Olivia sold all but 4 bars, that means she sold 7 - 4 = 3 bars. Each bar costs 3 dollars, so she would have made 3 * 3 = 9 dollars. The answer is 9.
Therefore, the answer (arabic numerals) is",9,9,9
"Kaleb bought 14 boxes of chocolate candy and gave 5 to his little brother. If each box has 6 pieces inside it, how many pieces did Kaleb still have?
Kaleb bought 14 boxes of chocolate candy. Then he gave 5 away, leaving 14 - 5 = 9 boxes. Each box has 6 pieces of candy. So the total number of pieces is 9 x 6 = 54. The answer is 54.
Therefore, the answer (arabic numerals) is",54,54,54
"At a restaurant each adult meal costs $3 and kids eat free. If a group of 12 people came in and 7 were kids, how much would it cost for the group to eat?
For the 5 adults, the cost is 5 x 3 = 15 dollars. For the 7 kids, the cost is 0 dollars. So the total cost is 15 + 0 = 15 dollars. The answer is 15.
Therefore, the answer (arabic numerals) is",15,15,15
"Jerry had 7 action figures, but needed 16 total for a complete collection. If each one costs $8, how much money would he need to finish his collection?
Jerry has 7 action figures. He needs 16 total. So he needs 16 - 7 = 9 more action figures. Each one costs 8 dollars. So he needs 9 x 8 dollars. 9 x 8 is 72. The answer is 72.
Therefore, the answer (arabic numerals) is",72,72,72
"In a video game, each enemy defeated gives you 9 points. If a level has 11 enemies total and you destroy all but 3 of them, how many points would you earn?
Each enemy defeated gives you 9 points. If you destroy 11 - 3 = 8 enemies, you earn 9 x 8 = 72 points. The answer is 72.
Therefore, the answer (arabic numerals) is",72,72,72
"There were 16 friends playing a video game online when 7 players quit. If each player left had 8 lives, how many lives did they have total?
There were originally 16 friends playing. 7 quit, so that means 16 - 7 = 9 are left. Each of these 9 friends had 8 lives. So the total number of lives is 9 * 8 = 72. The answer is 72.
Therefore, the answer (arabic numerals) is",The correct answer is indeed 72. The calculation is straightforward: 9 friends with 8 lives each equals 9 x 8 = 72 lives in total.,72,72
"A new building needed 10 windows. The builder had already installed 6 of them. If it takes 5 hours to install each window, how long will it take him to install the rest?
The builder needs to install 10 - 6 = 4 more windows. Each window takes 5 hours. So it will take 4 x 5 = 20 hours to install the rest of the windows. The answer is 20 hours.
Therefore, the answer (arabic numerals) is",20,20,20
"Adam earned 9 dollars for each lawn he mowed. If he had 12 lawns to mow, but forgot to mow 8 of them, how much money did he actually earn?
Adam would have earned 9 dollars for each of the 12 lawns. So he would have earned 9 * 12 = 108 dollars. But he only mowed 4 lawns, so he actually earned 9 * 4 = 36 dollars. The answer is 36.
Therefore, the answer (arabic numerals) is",36,36,36
"A trivia team had 12 members total, but during a game 4 members didn't show up. If each member that did show up scored 8 points, how many points were scored total?
The team started with 12 members. But 4 members didn't show up, so only 12 - 4 = 8 members showed up. Each of these 8 members scored 8 points. So the total number of points is 8 * 8 = 64. The answer is 64.
Therefore, the answer (arabic numerals) is",64,64,64
"Mike had 16 video games but 8 of them weren't working. If he wanted to sell the working games for $7 each, how much money could he earn?
Mike had 16 video games, but 8 didn't work. That means 16 - 8 = 8 games worked. He can sell these for 8 * 7 = 56 dollars. The answer is 56.
Therefore, the answer (arabic numerals) is",56,56,56
"A painter needed to paint 12 rooms in a building. Each room takes 7 hours to paint. If he already painted 5 rooms, how much longer will he take to paint the rest?
If the painter has 12 rooms to paint and each takes 7 hours, then it would take 12 x 7 = 84 hours to paint all the rooms. If he has already painted 5 rooms, then he has 7 rooms left to paint. 7 rooms will take 7 x 7 = 49 hours. So he will take 84 - 49 = 35 hours to paint the rest. The answer is 35.
Therefore, the answer (arabic numerals) is",35,35,49
"There were 8 friends playing a video game online when 5 players quit. If each player left had 5 lives, how many lives did they have total?
There were 8 friends playing the game. After 5 players quit, there are 8 - 5 = 3 players remaining. If each player has 5 lives, then the total number of lives is 5 * 3 = 15. The answer is 15.
Therefore, the answer (arabic numerals) is","The correct answer is indeed 15. The calculation is straightforward: 8 initial players minus 5 who quit leaves 3 players remaining, and each of these 3 players has 5 lives, resulting in a total of 5 x 3 = 15 lives.",15,15
"A trivia team had 15 members total, but during a game 6 members didn't show up. If each member that did show up scored 3 points, how many points were scored total?
The team had 15 members originally. 6 didn't show up, so 15 - 6 = 9 members did show up. Each member scored 3 points. So the total points scored is 9 x 3 = 27. The answer is 27.
Therefore, the answer (arabic numerals) is",27,27,27
"Ned had 15 video games but 6 of them weren't working. If he wanted to sell the working games for $7 each, how much money could he earn?
Ned had 15 video games, but 6 of them weren't working. So he has 15 - 6 = 9 working games. He could sell these for $7 each. 9 x 7 = 63. The answer is 63.
Therefore, the answer (arabic numerals) is",63,63,63
"Each chocolate bar in a box cost $6. If a box had 13 bars total and Zoe sold all but 6 bars, how much money would she have made?
There were originally 13 bars. After selling all but 6, that means 13 - 6 = 7 bars were sold. Each bar cost 6 dollars, so 7 bars would cost 7 x 6 = 42 dollars. The answer is 42.
Therefore, the answer (arabic numerals) is","The correct answer is indeed 42. Zoe sold 7 bars, each costing $6, resulting in a total revenue of $42.",42,42
"Will bought 7 boxes of chocolate candy and gave 3 to his little brother. If each box has 4 pieces inside it, how many pieces did Will still have?
Will started with 7 boxes. If he gave 3 away, he would have 7 - 3 = 4 boxes left. Each box has 4 pieces, so he would have 4 x 4 = 16 pieces left. The answer is 16.
Therefore, the answer (arabic numerals) is",16,16,16
"Mike invited 13 friends to a birthday party, but 7 couldn't come. If he wanted to buy enough cupcakes so each person could have exactly 4, how many should he buy?
Originally, there were 13 friends. But 7 couldn't come, so that means there are 13 - 7 = 6 friends. Each of these friends will have 4 cupcakes, so there will be 6 * 4 = 24 cupcakes. The answer is 24.
Therefore, the answer (arabic numerals) is",The correct answer is indeed 24.,24,24
"In a video game, each enemy defeated gives you 5 points. If a level has 8 enemies total and you destroy all but 6 of them, how many points would you earn?
Each enemy defeated gives you 5 points. If you defeated 8 - 6 = 2 enemies, then you earned 5 x 2 = 10 points. The answer is 10.
Therefore, the answer (arabic numerals) is",10,10,10
"Roger earned 9 dollars for each lawn he mowed. If he had 14 lawns to mow, but forgot to mow 8 of them, how much money did he actually earn?
Roger earned 9 dollars for each lawn he mowed. He had 14 lawns, but mowed 6 of them. 6 x 9 = 54. The answer is 54.
Therefore, the answer (arabic numerals) is",54,54,54
"A magician was selling magic card decks for 2 dollars each. If he started with 5 decks and by the end of the day he had 3 left, how much money did he earn?
The magician started with 5 decks. He ended with 3. So he sold 5 - 3 = 2 decks. Each deck cost 2 dollars. So 2 decks cost 2 x 2 = 4 dollars. The answer is 4.
Therefore, the answer (arabic numerals) is",4,4,4
"A chef needs to cook 12 potatoes. He has already cooked 6. If each potato takes 6 minutes to cook, how long will it take him to cook the rest?
The chef has already cooked 6 potatoes. There are 12 in total, so 12 - 6 = 6 are left. Each potato takes 6 minutes to cook, so 6 * 6 = 36 minutes are needed to cook the rest. The answer is 36.
Therefore, the answer (arabic numerals) is","A simple and straightforward question!

You're absolutely right. The chef has already cooked 6 out of 12 potatoes, so there are 6 left to cook. Each potato takes 6 minutes to cook, which means the remaining 6 potatoes will take 6 × 6 = 36 minutes to cook.

So, the answer is indeed 36.",36,36
"A new building needed 9 windows. The builder had already installed 6 of them. If it takes 6 hours to install each window, how long will it take him to install the rest?
The builder had already installed 6 windows, so he has 9 - 6 = 3 windows left to install. It takes 6 hours to install each window, so it will take 3 * 6 = 18 hours to install the remaining 3 windows. The answer is 18 hours.
Therefore, the answer (arabic numerals) is",18,18,18
"At the fair Adam bought 13 tickets. After riding the ferris wheel he had 4 tickets left. If each ticket cost 9 dollars, how much money did Adam spend riding the ferris wheel?
Adam started with 13 tickets. After the ride, he had 4 left. So he used 13 - 4 = 9 tickets. Each ticket costs 9 dollars, so 9 * 9 = 81 dollars. The answer is 81.
Therefore, the answer (arabic numerals) is",81,81,81
"Dave bought 12 boxes of chocolate candy and gave 5 to his little brother. If each box has 3 pieces inside it, how many pieces did Dave still have?
There were originally 12 boxes. 5 were given away, leaving 12 - 5 = 7. Each box has 3 pieces. So 7 * 3 = 21 pieces. The answer is 21.
Therefore, the answer (arabic numerals) is",21,21,21
"John had 5 action figures, but needed 7 total for a complete collection. If each one costs $5, how much money would he need to finish his collection?
John needs 7 total action figures, but he has 5. So he needs 7 - 5 = 2 more action figures. Each action figure costs $5. So 2 x 5 = 10 dollars. The answer is 10.
Therefore, the answer (arabic numerals) is",10,10,10
"A painter needed to paint 9 rooms in a building. Each room takes 8 hours to paint. If he already painted 5 rooms, how much longer will he take to paint the rest?
The painter needs to paint 9 rooms, and each room takes 8 hours. So 9 rooms will take 9 x 8 hours, which is 72 hours. He has already painted 5 rooms, so he has 4 rooms left. Each room takes 8 hours, so 4 rooms will take 4 x 8 hours, which is 32 hours. 72 - 32 is 40 hours. The answer is 40 hours.
Therefore, the answer (arabic numerals) is",40 hours.,40,32
"Each chocolate bar in a box cost $4. If a box had 8 bars total and Emily sold all but 3 bars, how much money would she have made?
If each chocolate bar costs 4 dollars, then 8 bars would cost 8 x 4 = 32 dollars. If she sold all but 3 bars, then she sold 8 - 3 = 5 bars. So she made 5 x 4 = 20 dollars. The answer is 20.
Therefore, the answer (arabic numerals) is",20,20,20
"At lunch a waiter had 10 customers and 5 of them didn't leave a tip. If he got $3 each from the ones who did tip, how much money did he earn?
If the waiter had 10 customers, but 5 didn't leave a tip, then that means 5 did leave a tip. If each of those 5 left a tip of 3 dollars, then 5 x 3 = 15. The answer is 15.
Therefore, the answer (arabic numerals) is","That's correct! If the waiter received a $3 tip from each of the 5 customers who did leave a tip, then the total amount of money he earned from tips is indeed $15 (5 x $3 = $15).",15,15
"A worksheet had 4 problems on it. If a teacher had 9 worksheets to grade and had already graded 5 of them, how many more problems does she have to grade?
Each worksheet has 4 problems. There are 9 worksheets total. After grading 5 worksheets, there are 9 - 5 = 4 worksheets left. Each of these worksheets has 4 problems. So in total there are 4 * 4 = 16 problems left. The answer is 16.
Therefore, the answer (arabic numerals) is","The correct answer is indeed 16. The calculation is straightforward: 4 worksheets remaining, each with 4 problems, adds up to a total of 4 x 4 = 16 problems that need to be graded.",16,16
"Will invited 9 friends to a birthday party, but 4 couldn't come. If he wanted to buy enough cupcakes so each person could have exactly 8, how many should he buy?
Will invited 9 friends, but 4 couldn't come. So that means that 9 - 4 = 5 friends actually came. Each of the 5 friends will need 8 cupcakes. 5 x 8 is 40. The answer is 40.
Therefore, the answer (arabic numerals) is",40,40,40
"A magician was selling magic card decks for 9 dollars each. If he started with 12 decks and by the end of the day he had 7 left, how much money did he earn?
The magician started with 12 decks. After selling 5 decks (12 - 7 = 5), he has 7 left. Each deck is 9 dollars. So he earned 5 * 9 = 45 dollars. The answer is 45.
Therefore, the answer (arabic numerals) is",45,45,45
"A chef needs to cook 9 potatoes. He has already cooked 7. If each potato takes 3 minutes to cook, how long will it take him to cook the rest?
There are 9 potatoes total. He has already cooked 7. So there are 9 - 7 = 2 potatoes left. Each potato takes 3 minutes to cook. So 2 potatoes will take 2 x 3 = 6 minutes to cook. The answer is 6.
Therefore, the answer (arabic numerals) is",6,6,6
"A magician was selling magic card decks for 5 dollars each. If he started with 14 decks and by the end of the day he had 5 left, how much money did he earn?
The magician started with 14 decks. If he had 5 left, then he sold 14 - 5 = 9 decks. Each deck was 5 dollars, so 9 decks would be 9 x 5 = 45 dollars. The answer is 45.
Therefore, the answer (arabic numerals) is",45,45,45
"Each chocolate bar in a box cost $3. If a box had 9 bars total and Wendy sold all but 3 bars, how much money would she have made?
If each chocolate bar cost 3 dollars, then 9 bars would cost 9 * 3 = 27 dollars. If she sold all but 3 bars, she sold 9 - 3 = 6 bars. So she made 6 * 3 = 18 dollars. The answer is 18.
Therefore, the answer (arabic numerals) is",18,18,18
"A painter needed to paint 12 rooms in a building. Each room takes 3 hours to paint. If he already painted 4 rooms, how much longer will he take to paint the rest?
It takes 3 hours to paint each room. There are 12 rooms total. 12 - 4 = 8 rooms left. So 8 rooms left will take 8 * 3 = 24 hours. He already took 4 * 3 = 12 hours to paint 4 rooms. So it will take 24 - 12 = 12 more hours. The answer is 12.
Therefore, the answer (arabic numerals) is","That's correct! You've correctly calculated the time it will take to paint the remaining 8 rooms by multiplying the number of rooms by the time it takes to paint each room (3 hours). You then subtract the time it took to paint the 4 rooms already completed (12 hours) to find the additional time required to finish the remaining work, which is indeed 12 hours.",12,24
"Adam bought 13 boxes of chocolate candy and gave 7 to his little brother. If each box has 6 pieces inside it, how many pieces did Adam still have?
Adam started with 13 boxes. He gave 7 boxes away, so he has 13 - 7 = 6 boxes left. Each box has 6 pieces, so he has 6 x 6 = 36 pieces left. The answer is 36.
Therefore, the answer (arabic numerals) is",36,36,36
"At a restaurant each adult meal costs $7 and kids eat free. If a group of 13 people came in and 9 were kids, how much would it cost for the group to eat?
There are 13 people in total, and 9 of them are kids. Kids eat for free, so we can ignore them. 4 adults are left. Each adult meal costs $7. So 4 adult meals will cost 4 x 7 = 28. The answer is 28.
Therefore, the answer (arabic numerals) is",28,28,28
"A trivia team had 7 members total, but during a game 2 members didn't show up. If each member that did show up scored 4 points, how many points were scored total?
The team started with 7 members. After 2 didn't show up, 7 - 2 = 5 members showed up. Each member scored 4 points. So the total score is 5 x 4 = 20 points. The answer is 20.
Therefore, the answer (arabic numerals) is",20,20,20
"Kaleb had 10 video games but 8 of them weren't working. If he wanted to sell the working games for $6 each, how much money could he earn?
Kaleb had 10 games originally. But 8 of them weren't working. So he has 10 - 8 = 2 games that work. If he sells each for 6 dollars, then 2 * 6 = 12. The answer is 12.
Therefore, the answer (arabic numerals) is","A simple and straightforward calculation!

You're absolutely right. By subtracting the non-working games from the total, Kaleb is left with 2 working games. Selling each of these games for $6 each would yield a total of:

2 (games) × $6 (per game) = $12

So, indeed, the answer is 12.",12,12
"April's discount flowers was having a sale where each rose was 7 dollars. If April started with 9 roses and had 4 roses left, how much money did she earn?
Each rose is 7 dollars. April started with 9 roses and had 4 left. So she sold 9 - 4 = 5 roses. 5 roses times 7 dollars each is 5 x 7 = 35 dollars. The answer is 35.
Therefore, the answer (arabic numerals) is","That's correct! By subtracting the number of roses left (4) from the initial number of roses (9), you can find the number of roses sold (5). Then, by multiplying the number of roses sold (5) by the price of each rose ($7), you can calculate the total amount of money earned ($35).",35,35
"At lunch a waiter had 9 customers and 5 of them didn't leave a tip. If he got $8 each from the ones who did tip, how much money did he earn?
The waiter had 9 customers. 5 of them didn't leave a tip. 9 - 5 = 4. So 4 customers left a tip. Each of them left 8 dollars. So he earned 4 x 8 dollars. 4 x 8 = 32. The answer is 32.
Therefore, the answer (arabic numerals) is",32,32,32
"A new building needed 14 windows. The builder had already installed 8 of them. If it takes 8 hours to install each window, how long will it take him to install the rest?
The builder needs to install 14 - 8 = 6 windows. Each window takes 8 hours to install. So 6 windows will take 6 x 8 hours = 48 hours. The answer is 48.
Therefore, the answer (arabic numerals) is","The correct answer is indeed 48. You correctly calculated the number of windows remaining to be installed (6) and then multiplied that by the time it takes to install each window (8 hours), resulting in a total of 48 hours needed to complete the installation.",48,48
"Bianca earned 5 points for each bag of cans she recycled. If she had 17 bags, but didn't recycle 8 of them, how many points would she have earned?
Bianca earns 5 points for each bag. She had 17 bags, but didn't recycle 8 of them. So she recycled 17 - 8 = 9 bags. She earned 5 x 9 = 45 points. The answer is 45.
Therefore, the answer (arabic numerals) is","The correct answer is indeed 45. Bianca's calculation is accurate: she had a total of 17 bags, but didn't recycle 8 of them, which means she recycled 9 bags. Since she earns 5 points for each bag, she would have earned a total of 5 x 9 = 45 points.",45,45
"A chef needs to cook 15 potatoes. He has already cooked 6. If each potato takes 8 minutes to cook, how long will it take him to cook the rest?
The chef needs to cook 15 potatoes, but has already cooked 6. So he needs to cook 15 - 6 = 9 potatoes. Each potato takes 8 minutes to cook, so 9 potatoes will take 9 x 8 minutes. 9 x 8 = 72. The answer is 72.
Therefore, the answer (arabic numerals) is",72,72,72
"Henry had 3 action figures, but needed 8 total for a complete collection. If each one costs $6, how much money would he need to finish his collection?
Henry started with 3 action figures. To finish his collection, he needs 8. So he needs 8 - 3 = 5 more action figures. Each action figure costs 6 dollars. So he needs 5 x 6 = 30 dollars. The answer is 30.
Therefore, the answer (arabic numerals) is",30,30,30
"John earned 8 dollars for each lawn he mowed. If he had 15 lawns to mow, but forgot to mow 7 of them, how much money did he actually earn?
John earned 8 dollars for each lawn. If he had 15 lawns to mow, but forgot to mow 7 of them, then he only mowed 15 - 7 = 8 lawns. 8 lawns at 8 dollars each is 8 x 8 = 64. The answer is 64.
Therefore, the answer (arabic numerals) is",64,64,64
"There were 10 friends playing a video game online when 7 players quit. If each player left had 8 lives, how many lives did they have total?
There were originally 10 friends. 7 of them quit. 10 - 7 = 3. 3 players quit. Each player quit had 8 lives. So 3 x 8 = 24 lives. The answer is 24.
Therefore, the answer (arabic numerals) is",The correct answer is indeed 24.,24,24
"In a video game, each enemy defeated gives you 8 points. If a level has 7 enemies total and you destroy all but 2 of them, how many points would you earn?
If you destroy 7 - 2 = 5 enemies, you would earn 5 x 8 = 40 points. The answer is 40.
Therefore, the answer (arabic numerals) is",40,40,40
"A painter needed to paint 11 rooms in a building. Each room takes 7 hours to paint. If he already painted 2 rooms, how much longer will he take to paint the rest?
Each room takes 7 hours to paint. 11 rooms will take 11 x 7 = 77 hours. If he has already painted 2 rooms, then he has 11 - 2 = 9 rooms left. These will take 9 x 7 = 63 hours. 63 - 35 = 28 hours. The answer is 28.
Therefore, the answer (arabic numerals) is",28,28,63
"Dave had 10 video games but 2 of them weren't working. If he wanted to sell the working games for $4 each, how much money could he earn?
Dave started with 10 games, but 2 weren't working. So he had 10 - 2 = 8 working games. He could sell these for 8 * 4 = 32 dollars. The answer is 32.
Therefore, the answer (arabic numerals) is",32,32,32
"A worksheet had 4 problems on it. If a teacher had 16 worksheets to grade and had already graded 8 of them, how many more problems does she have to grade?
The teacher has 16 worksheets. She has graded 8 of them. So she has 16 - 8 = 8 worksheets left to grade. Each worksheet has 4 problems, so she has 8 x 4 = 32 problems to grade. The answer is 32.
Therefore, the answer (arabic numerals) is",32,32,32
"A worksheet had 2 problems on it. If a teacher had 14 worksheets to grade and had already graded 7 of them, how many more problems does she have to grade?
Each worksheet has 2 problems. If she has 14 worksheets and has already graded 7, then she has 14 - 7 = 7 worksheets left. Since each worksheet has 2 problems, the teacher has 7 * 2 = 14 more problems to grade. The answer is 14.
Therefore, the answer (arabic numerals) is",14,14,14
"April's discount flowers was having a sale where each rose was 4 dollars. If April started with 13 roses and had 4 roses left, how much money did she earn?
April started with 13 roses. If she had 4 roses left, then she sold 13 - 4 = 9 roses. If each rose was 4 dollars, then she earned 9 x 4 = 36 dollars. The answer is 36.
Therefore, the answer (arabic numerals) is",36,36,36
"At a restaurant each adult meal costs $5 and kids eat free. If a group of 15 people came in and 8 were kids, how much would it cost for the group to eat?
If 8 people are kids, then 15 - 8 = 7 people are adults. Since adults cost 5 dollars each, and there are 7 adults, the total cost for adults is 5 * 7 = 35. Since kids eat for free, there is no cost for the kids. The total cost for the group is 35 dollars. The answer is 35.
Therefore, the answer (arabic numerals) is",35,35,35
"Zoe baked 5 brownies, but needed 11 total for her party. If she used 7 cups of flour on each one, how much cups of flour does she still need?
Zoe needed 11 total, but she only baked 5. So she needs 11 - 5 = 6 more. For each brownie, she used 7 cups of flour. For 6 brownies, she will need 6 * 7 = 42 cups of flour. The answer is 42.
Therefore, the answer (arabic numerals) is","The correct answer is indeed 42. The calculation accurately determines the amount of flour needed for the remaining 6 brownies, which is 6 times the amount used for a single brownie (7 cups). This yields a total of 42 cups of flour needed to complete the desired total of 11 brownies.",42,42
"A painter needed to paint 6 rooms in a building. Each room takes 5 hours to paint. If he already painted 2 rooms, how much longer will he take to paint the rest?
If the painter has already painted 2 rooms, that is 2 x 5 = 10 hours. There are 4 rooms left to paint, which will take 4 x 5 = 20 hours.
Therefore, the answer (arabic numerals) is",20,20,20
"Each chocolate bar in a box cost $4. If a box had 11 bars total and Vanessa sold all but 7 bars, how much money would she have made?
There are 11 bars total. If she sold all but 7, then she sold 11 - 7 = 4 bars. Each bar costs 4 dollars, so 4 bars would cost 4 x 4 = 16 dollars. The answer is 16.
Therefore, the answer (arabic numerals) is",16,16,16
"Gwen earned 8 points for each bag of cans she recycled. If she had 4 bags, but didn't recycle 2 of them, how many points would she have earned?
Gwen earns 8 points for each bag. She had 4 bags, but didn't recycle 2. So she only recycled 4 - 2 = 2 bags. For 2 bags, she would earn 2 * 8 = 16 points. The answer is 16.
Therefore, the answer (arabic numerals) is","The correct answer is indeed 16. By not recycling 2 bags, Gwen effectively reduced her recycling efforts to only 2 bags, which would yield 2 x 8 = 16 points.",16,16
"A new building needed 12 windows. The builder had already installed 6 of them. If it takes 4 hours to install each window, how long will it take him to install the rest?
The builder needs to install 12 - 6 = 6 more windows. Each window takes 4 hours to install. 6 windows will take 6 x 4 hours = 24 hours. The answer is 24 hours.
Therefore, the answer (arabic numerals) is",24,24,24
"A chef needs to cook 15 potatoes. He has already cooked 8. If each potato takes 9 minutes to cook, how long will it take him to cook the rest?
The chef needs to cook 15 potatoes. He has already cooked 8, so there are 15 - 8 = 7 potatoes left. Each potato takes 9 minutes to cook. So 7 potatoes will take 7 * 9 = 63 minutes to cook. The answer is 63.
Therefore, the answer (arabic numerals) is","You're absolutely correct! The chef indeed needs to cook 15 potatoes initially, but since he has already cooked 8, there are 7 potatoes remaining. Each potato takes 9 minutes to cook, so the time required to cook the remaining 7 potatoes would be 7 * 9 = 63 minutes. The correct answer is indeed 63.",63,63
"A trivia team had 14 members total, but during a game 7 members didn't show up. If each member that did show up scored 5 points, how many points were scored total?
If there were originally 14 members, but 7 didn't show up, then there were 14 - 7 = 7 members who did show up. Each of these members scored 5 points, so the total number of points is 7 * 5 = 35. The answer is 35.
Therefore, the answer (arabic numerals) is",35,35,35
"A chef needs to cook 13 potatoes. He has already cooked 5. If each potato takes 6 minutes to cook, how long will it take him to cook the rest?
The chef needs to cook 13 potatoes in total. He has already cooked 5. So he needs to cook 13 - 5 = 8 more potatoes. Each potato takes 6 minutes to cook, so cooking 8 potatoes will take 8 x 6 = 48 minutes. The answer is 48.
Therefore, the answer (arabic numerals) is",48,48,48
"A trivia team had 11 members total, but during a game 6 members didn't show up. If each member that did show up scored 9 points, how many points were scored total?
There were originally 11 members, but 6 didn't show up. So 11 - 6 = 5 members showed up. If each member scored 9 points, then 9 x 5 = 45 points were scored. The answer is 45.
Therefore, the answer (arabic numerals) is",45,45,45
"Each chocolate bar in a box cost $2. If a box had 13 bars total and Rachel sold all but 4 bars, how much money would she have made?
The total cost of the bars is 13 x 2 = 26. After selling all but 4 bars, she sold 13 - 4 = 9 bars. 9 x 2 = 18. The answer is 18.
Therefore, the answer (arabic numerals) is",18,18,18
"Isabel baked 3 brownies, but needed 5 total for her party. If she used 5 cups of flour on each one, how much cups of flour does she still need?
Isabel started with 3 brownies. She needed 5 total. So she needed 5 - 3 = 2 more brownies. Each brownie uses 5 cups of flour, so 2 brownies will use 2 x 5 = 10 cups of flour. The answer is 10.
Therefore, the answer (arabic numerals) is","A simple and straightforward problem!

You're absolutely right. Isabel needs 2 more brownies to reach her total of 5. Each brownie requires 5 cups of flour, so the additional 2 brownies will require 2 x 5 = 10 cups of flour. Therefore, the correct answer is indeed 10 cups of flour.",10,10
"A worksheet had 3 problems on it. If a teacher had 15 worksheets to grade and had already graded 7 of them, how many more problems does she have to grade?
There were originally 15 worksheets. After grading 7, there were 15 - 7 = 8 worksheets left to grade. Each worksheet has 3 problems, so there are 8 x 3 = 24 problems left to grade. The answer is 24.
Therefore, the answer (arabic numerals) is",The correct answer is indeed 24.,24,24
"At lunch a waiter had 7 customers and 4 of them didn't leave a tip. If he got $9 each from the ones who did tip, how much money did he earn?
The waiter had 7 customers. 4 of them didn't leave a tip. So 7 - 4 = 3 customers did leave a tip. He earned 9 dollars from each of those customers. 9 x 3 = 27. The answer is 27.
Therefore, the answer (arabic numerals) is",27,27,27
"April's discount flowers was having a sale where each rose was 9 dollars. If April started with 11 roses and had 8 roses left, how much money did she earn?
Each rose was 9 dollars. April started with 11 roses. So she earned 9 x 11 = 99 dollars. But she had 8 roses left, so she sold 11 - 8 = 3 roses. So she earned 3 x 9 = 27 dollars. 99 - 27 is 72. The answer is 72.
Therefore, the answer (arabic numerals) is",72,72,27
"Tom bought 14 boxes of chocolate candy and gave 8 to his little brother. If each box has 3 pieces inside it, how many pieces did Tom still have?
Tom started with 14 boxes. After giving 8 to his brother, he had 14 - 8 = 6 boxes. Each box has 3 pieces of candy, so 6 boxes would have 6 * 3 = 18 pieces. The answer is 18.
Therefore, the answer (arabic numerals) is",18,18,18
"At a restaurant each adult meal costs $2 and kids eat free. If a group of 15 people came in and 9 were kids, how much would it cost for the group to eat?
15 people came in, and 9 of them were kids. That means 15 - 9 = 6 were adults. Each adult meal costs 2 dollars, so 6 * 2 = 12. The kids eat free, so no cost for them. 12 + 0 = 12. The answer is 12.
Therefore, the answer (arabic numerals) is",12,12,12
"Edward earned 4 dollars for each lawn he mowed. If he had 17 lawns to mow, but forgot to mow 9 of them, how much money did he actually earn?
Edward earned 4 dollars for each lawn he mowed. Since he forgot to mow 9 of them, he only mowed 17 - 9 = 8 lawns. He earned 4 x 8 = 32 dollars. The answer is 32.
Therefore, the answer (arabic numerals) is",32,32,32
"A new building needed 11 windows. The builder had already installed 4 of them. If it takes 8 hours to install each window, how long will it take him to install the rest?
The builder has installed 4 of the 11 windows. So there are 11 - 4 = 7 windows left to install. Each window takes 8 hours to install. So 7 windows will take 7 x 8 = 56 hours to install. The answer is 56.
Therefore, the answer (arabic numerals) is",56,56,56
"Tom bought 12 boxes of chocolate candy and gave 7 to his little brother. If each box has 6 pieces inside it, how many pieces did Tom still have?
Tom bought 12 boxes. Each box has 6 pieces. So in total, Tom has 12 * 6 = 72 pieces of candy. He gave 7 boxes to his brother, which is 7 * 6 = 42 pieces. So he has 72 - 42 = 30 pieces left. The answer is 30.
Therefore, the answer (arabic numerals) is",30,30,30
"John had 6 action figures, but needed 11 total for a complete collection. If each one costs $6, how much money would he need to finish his collection?
John needs 11 action figures total. He currently has 6. So he needs 11 - 6 = 5 more action figures. Each one costs 6 dollars. So 5 * 6 = 30 dollars. The answer is 30.
Therefore, the answer (arabic numerals) is",30,30,30
"At a restaurant each adult meal costs $8 and kids eat free. If a group of 11 people came in and 2 were kids, how much would it cost for the group to eat?
9 adults would cost 9 x 8 = 72 dollars. The 2 kids eat for free, so there is no additional cost. 72 + 0 = 72. The answer is 72.
Therefore, the answer (arabic numerals) is",72,72,72
"At the fair Kaleb bought 6 tickets. After riding the ferris wheel he had 3 tickets left. If each ticket cost 9 dollars, how much money did Kaleb spend riding the ferris wheel?
Kaleb started with 6 tickets. After riding the ferris wheel he had 3 tickets left. So he must have spent 6 - 3 = 3 tickets. Each ticket costs 9 dollars. So he must have spent 3 x 9 = 27 dollars. The answer is 27.
Therefore, the answer (arabic numerals) is",27,27,27
"Tiffany baked 8 brownies, but needed 17 total for her party. If she used 8 cups of flour on each one, how much cups of flour does she still need?
Tiffany started with 8 brownies. She needed 17 in total. So she needs 17 - 8 = 9 more brownies. Each brownie uses 8 cups of flour. So for 9 more brownies, she needs 9 x 8 = 72 cups of flour. The answer is 72.
Therefore, the answer (arabic numerals) is",That's correct! Your step-by-step calculation accurately determines that Tiffany needs 72 cups of flour to make the additional 9 brownies required for her party.,72,72
"In a video game, each enemy defeated gives you 7 points. If a level has 11 enemies total and you destroy all but 8 of them, how many points would you earn?
If there are 11 enemies total, and you destroy all but 8 of them, then you destroy 11 - 8 = 3 enemies. Each enemy gives 7 points. So 3 enemies gives 3 x 7 = 21 points. The answer is 21.
Therefore, the answer (arabic numerals) is",21,21,21
"A magician was selling magic card decks for 7 dollars each. If he started with 16 decks and by the end of the day he had 8 left, how much money did he earn?
The magician started with 16 decks and ended with 8. So he sold 16 - 8 = 8 decks. If each deck is 7 dollars, then he earned 8 x 7 = 56 dollars. The answer is 56.
Therefore, the answer (arabic numerals) is",56,56,56
"There were 13 friends playing a video game online when 8 players quit. If each player left had 6 lives, how many lives did they have total?
There were originally 13 friends playing. 8 of them quit. So 13 - 8 = 5 friends are left. Each of them has 6 lives. So the total number of lives is 5 * 6 = 30. The answer is 30.
Therefore, the answer (arabic numerals) is","The correct answer is indeed 30. You correctly calculated the total number of lives by multiplying the number of friends left (5) by the number of lives each had (6), resulting in a total of 30 lives.",30,30
"At lunch a waiter had 7 customers and 5 of them didn't leave a tip. If he got $3 each from the ones who did tip, how much money did he earn?
The waiter had 7 customers. 5 of them didn't leave a tip, so he earned nothing from them. 7 - 5 = 2, so he earned money from 2 of them. He earned 3 dollars from each of them, so that's 2 * 3 = 6 dollars. The answer is 6.
Therefore, the answer (arabic numerals) is","That's correct! The waiter earned a total of $6 from the 2 customers who left a tip, since each of them gave him $3.",6,6
"At the fair Adam bought 10 tickets. After riding the ferris wheel he had 3 tickets left. If each ticket cost 9 dollars, how much money did Adam spend riding the ferris wheel?
Adam originally had 10 tickets. After riding the ferris wheel he had 3 tickets left. So he used 10 - 3 = 7 tickets. Each ticket cost 9 dollars. So he spent 7 x 9 = 63 dollars. The answer is 63.
Therefore, the answer (arabic numerals) is",63,63,63
"A worksheet had 7 problems on it. If a teacher had 17 worksheets to grade and had already graded 8 of them, how many more problems does she have to grade?
There were 7 problems on each worksheet. There are 17 worksheets. So there are 17 x 7 = 119 problems in total. The teacher has already graded 8 worksheets, which is 8 x 7 = 56 problems. So she has 119 - 56 = 63 problems left to grade. The answer is 63.
Therefore, the answer (arabic numerals) is",63,63,63
"A trivia team had 9 members total, but during a game 3 members didn't show up. If each member that did show up scored 2 points, how many points were scored total?
The team had 9 members originally. After 3 members didn't show up, there were 9 - 3 = 6 members left. If each member scored 2 points, then the total points scored is 6 * 2 = 12. The answer is 12.
Therefore, the answer (arabic numerals) is",12,12,12
"Mike had 15 video games but 9 of them weren't working. If he wanted to sell the working games for $5 each, how much money could he earn?
Mike started with 15 games. 9 weren't working, so 15 - 9 = 6 were working. He could sell these for 6 * 5 = 30 dollars. The answer is 30.
Therefore, the answer (arabic numerals) is",30,30,30
"Edward earned 9 dollars for each lawn he mowed. If he had 6 lawns to mow, but forgot to mow 2 of them, how much money did he actually earn?
Edward earns 9 dollars for each lawn. If he mowed 6 lawns, he would have earned 9 x 6 = 54 dollars. But he forgot to mow 2 lawns, so he actually earned 54 - 9 x 2 = 54 - 18 = 36 dollars. The answer is 36.
Therefore, the answer (arabic numerals) is",36,36,36
"At a restaurant each adult meal costs $2 and kids eat free. If a group of 9 people came in and 2 were kids, how much would it cost for the group to eat?
The group has 9 people. 2 of them are kids, which means 7 are adults. The cost of the adults is 7 * 2 = 14 dollars. Since kids eat free, there is no additional cost. So the total cost is 14. The answer is 14.
Therefore, the answer (arabic numerals) is","That's correct! Since the cost of an adult meal is $2 and kids eat free, the total cost for the group would be the cost of the 7 adult meals, which is 7 x $2 = $14. The two kids' meals are free, so there's no additional cost for them. The total cost for the group would indeed be $14.",14,14
"Chloe baked 7 brownies, but needed 16 total for her party. If she used 6 cups of flour on each one, how much cups of flour does she still need?
Chloe originally had 7 brownies. She needed 16 total. So she needs 16 - 7 = 9 more brownies. For each brownie, she used 6 cups of flour. So for the 9 more brownies, she will need 9 x 6 = 54 cups of flour. The answer is 54.
Therefore, the answer (arabic numerals) is","That's correct! You accurately calculated the number of brownies Chloe still needs (9) and then multiplied that by the amount of flour used per brownie (6) to determine that she needs 54 cups of flour in total. Your logical and step-by-step approach resulted in a precise answer, which is indeed 54.",54,54
"There were 8 friends playing a video game online when 3 players quit. If each player left had 3 lives, how many lives did they have total?
There were 8 friends originally. 3 quit, so there are 8 - 3 = 5 players left. Each player has 3 lives, so 5 * 3 = 15 lives. The answer is 15.
Therefore, the answer (arabic numerals) is",15,15,15
"Sam invited 9 friends to a birthday party, but 6 couldn't come. If he wanted to buy enough cupcakes so each person could have exactly 2, how many should he buy?
9 friends were invited, but 6 couldn't come. So there were 9 - 6 = 3 people that came. If each person gets 2 cupcakes, that's 3 * 2 = 6 cupcakes. The answer is 6.
Therefore, the answer (arabic numerals) is","That's correct! Sam invited 9 friends initially, but 6 of them couldn't attend. This means he's left with 3 friends who are actually coming to the party. If he wants to ensure each of them gets exactly 2 cupcakes, he'll need to buy 2 cupcakes for each of the 3 friends, which equals 3 x 2 = 6 cupcakes.",6,6
"Megan earned 8 points for each bag of cans she recycled. If she had 14 bags, but didn't recycle 5 of them, how many points would she have earned?
Megan earns 8 points for each bag of cans she recycles. She had 14 bags, but didn't recycle 5. So she recycled 14 - 5 = 9 bags. So she would earn 8 * 9 = 72 points. The answer is 72.
Therefore, the answer (arabic numerals) is","The correct answer is indeed 72. By subtracting the 5 bags that weren't recycled from the total of 14 bags, Megan was left with 9 bags that she did recycle. Since she earns 8 points for each bag, multiplying the number of recycled bags by the points per bag yields a total of 72 points.",72,72
"Will had 57 dollars. If he spent 27 bucks on a new game, how many 6 dollar toys could he buy with the money he had left?
Will had 57 dollars originally. After spending 27, he has 57 - 27 = 30 dollars left. He can buy 30 / 6 = 5 toys. The answer is 5.
Therefore, the answer (arabic numerals) is",5,5,5
"A pet store had 18 puppies. In one day they sold 3 of them and put the rest into cages with 5 in each cage. How many cages did they use?
There were originally 18 puppies. After selling 3, there were 18 - 3 = 15 puppies. Each cage holds 5 puppies. So 15 / 5 = 3 cages were used. The answer is 3.
Therefore, the answer (arabic numerals) is",3,3,3
"Luke had 47 pieces of clothing to wash. He put 17 of them in one load, but decided to split the rest into 5 equal loads. How many pieces of clothing could go in each of the small loads?
Luke started with 47 pieces of clothing. 17 of them were put into one load, leaving 47 - 17 = 30. 30 was split into 5 equal loads. So each load had 30 / 5 = 6. The answer is 6.
Therefore, the answer (arabic numerals) is",6,6,6
"Edward bought 79 tickets at the state fair. He spent 23 tickets at the 'dunk a clown' booth and decided to use the rest on rides. If each ride cost 7 tickets, how many rides could he go on?
Edward bought 79 tickets. He used 23 tickets. 79 - 23 = 56 tickets left. Each ride costs 7 tickets. To find out how many rides he could go on, we divide 56 by 7. 56 / 7 = 8. The answer is 8.
Therefore, the answer (arabic numerals) is",8,8,8
"Katie baked 18 cupcakes for her school's bake sale. If her brother, Todd, ate 8 of them how many packages could she make if she put 2 cupcake in each package?
Katie started with 18 cupcakes. After her brother ate 8, she has 18 - 8 = 10 cupcakes. If she puts 2 in each package, then she can make 10 / 2 = 5 packages. The answer is 5.
Therefore, the answer (arabic numerals) is",5,5,5
"Megan had 93 files on her computer. She deleted 21 of them and put the rest into folders with 8 files in each one. How many folders did Megan end up with?
Megan started with 93 files. After deleting 21 files, she had 93 - 21 = 72 files left. If she puts 8 files in each folder, then she can fit 72 / 8 = 9 folders. The answer is 9.
Therefore, the answer (arabic numerals) is",9,9,9
"Wendy uploaded 79 pictures to Facebook. She put 44 pics into one album and put the rest into 5 different albums. How many pictures were in each album?
Wendy uploaded 79 pictures to Facebook. She put 44 pics into one album. So she has 79 - 44 = 35 pictures left. 35 pictures divided into 5 albums is 35 / 5 = 7. The answer is 7.
Therefore, the answer (arabic numerals) is",7,7,7
"Isabel had 72 homework problems. She finished 32 of them but still had 5 pages of problems to do. If each page has the same number of problems on it, how many problems are on each page?
Isabel had 72 problems. After doing 32 of them, she has 72 - 32 = 40 problems left. These 40 problems are on 5 pages. So 40 divided by 5 is 8. The answer is 8.
Therefore, the answer (arabic numerals) is",8,8,8
"The cafeteria had 62 apples. For lunch they handed out 8 to students and decided to use the rest to make pies. If each pie takes 9 apples, how many pies could they make?
The cafeteria started with 62 apples. After handing out 8, they have 62 - 8 = 54 apples left. Each pie takes 9 apples, so they can make 54 / 9 = 6 pies. The answer is 6.
Therefore, the answer (arabic numerals) is",6,6,6
"Mike made 101 dollars mowing lawns over the summer. If he spent 47 dollars buying new mower blades, how many 6 dollar games could he buy with the money he had left?
Mike started with 101 dollars. After spending 47 dollars, he has 101 - 47 = 54 dollars left. If he buys games that cost 6 dollars each, then he can buy 54 / 6 = 9 games. The answer is 9.
Therefore, the answer (arabic numerals) is",9,9,9
"Paige's team won their dodgeball game and scored 41 points total. If Paige scored 11 of the points and everyone else scored 6 points each, how many players were on her team?
Paige scored 11 points. The rest of the team scored 6 points each. So if we subtract 11 from 41, we get 30. 30 / 6 = 5. The answer is 5.
Therefore, the answer (arabic numerals) is","A simple and straightforward math problem!

Indeed, if Paige scored 11 points and the rest of the team scored 6 points each, we can subtract 11 from the total score of 41 to get the score of the rest of the team: 41 - 11 = 30.

Then, we can divide this score by the number of points each of the remaining players scored to find the number of players: 30 ÷ 6 = 5.

So, the answer is indeed 5 players on Paige's team.",5,5
"Oliver is at the library helping put away books. There are 46 book to put away total but a librarian takes 10 of them and leaves Oliver with the rest. If he can fit 4 books on a shelf, how many shelves will he need?
Originally there were 46 books. 10 books were taken away, so there are 46 - 10 = 36 books left. Since Oliver can fit 4 books per shelf, 36 / 4 = 9 shelves are needed. The answer is 9.
Therefore, the answer (arabic numerals) is",9,9,9
"Emily was planting vegetables in her garden. She started with 41 seeds and planted 29 of them in the big garden and in each of her small gardens put 4 seeds each. How many small gardens did Emily have?
Emily started with 41 seeds. She planted 29 of them in the big garden. This left 41 - 29 = 12 seeds. These 12 seeds were planted in 4 seeds each in her small gardens. So 12 / 4 = 3. The answer is 3.
Therefore, the answer (arabic numerals) is",3,3,3
"Edward made 37 dollars mowing lawns over the summer. If he spent 21 dollars buying new mower blades, how many 2 dollar games could he buy with the money he had left?
Edward started with 37 dollars. After spending 21 dollars, he has 37 - 21 = 16 dollars left. If he buys 2 dollar games, then he can buy 16 / 2 = 8 games. The answer is 8.
Therefore, the answer (arabic numerals) is",8,8,8
"A pet store had 81 puppies. In one day they sold 41 of them and put the rest into cages with 8 in each cage. How many cages did they use?
The pet store originally had 81 puppies. After selling 41, they had 81 - 41 = 40 puppies. If there were 8 in each cage, then they would need 40 / 8 = 5 cages. The answer is 5.
Therefore, the answer (arabic numerals) is",5,5,5
"There are 65 students trying out for the school's trivia teams. If 17 of them didn't get picked for the team and the rest were put into 8 groups, how many students would be in each group?
There are 65 students trying out. 17 didn't get picked. So 65 - 17 = 48 students were picked. These 48 students were put into 8 groups. So we need to divide 48 by 8 to get the number of students in each group. 48 / 8 = 6. The answer is 6.
Therefore, the answer (arabic numerals) is","The correct answer is indeed 6. By subtracting the 17 students who didn't get picked from the total of 65, you're left with 48 students who were selected. Then, by dividing this number of 48 by the number of groups (8), you can determine the number of students in each group, which is 6.",6,6
"Tom had 57 dollars. If he spent 49 bucks on a new game, how many 4 dollar toys could he buy with the money he had left?
Tom had 57 dollars. He spent 49 dollars on a new game. So he had 57 - 49 = 8 dollars left. If each toy costs 4 dollars, then we can divide 8 by 4 to get 2. The answer is 2.
Therefore, the answer (arabic numerals) is",2,2,2
"Isabel picked 66 flowers for her friend’s wedding. She was making bouquets with 8 flowers in each one. If 10 of the flowers wilted before the wedding, how many bouquets could she still make?
Isabel started with 66 flowers. 10 wilted, so she has 66 - 10 = 56 flowers. She can make 56 / 8 = 7 bouquets. The answer is 7.
Therefore, the answer (arabic numerals) is",7,7,7
"For Halloween Sarah received 108 pieces of candy. She ate 36 pieces then placed the rest into piles with 9 in each pile. How many piles could she make?
Sarah received 108 pieces of candy. After eating 36, she has 108 - 36 = 72 pieces left. Each pile has 9 pieces. So 72 / 9 = 8. The answer is 8.
Therefore, the answer (arabic numerals) is",8,8,8
"Nancy had 80 files on her computer. She deleted 31 of them and put the rest into folders with 7 files in each one. How many folders did Nancy end up with?
Nancy started with 80 files. After deleting 31, she had 80 - 31 = 49 files. Each folder holds 7 files, so we can divide 49 by 7 to get the number of folders. 49 / 7 = 7. The answer is 7.
Therefore, the answer (arabic numerals) is",7,7,7
"There are 36 students trying out for the school's trivia teams. If 9 of them didn't get picked for the team and the rest were put into 3 groups, how many students would be in each group?
There are 36 students trying out. 9 didn't get picked for the team, so there are 36 - 9 = 27 students who did get picked. 27 students divided into 3 groups means each group will have 27 / 3 students. 27 / 3 is 9. The answer is 9.
Therefore, the answer (arabic numerals) is","That's correct! By subtracting the number of students who didn't get picked from the total number of students trying out, you can find the number of students who were selected for the team. Then, by dividing this number by the number of groups, you can determine how many students will be in each group. In this case, the calculation 27 / 3 indeed yields 9, which means each group will have 9 students.",9,9
"The cafeteria had 96 apples. For lunch they handed out 42 to students and decided to use the rest to make pies. If each pie takes 6 apples, how many pies could they make?
The cafeteria started with 96 apples. After handing out 42, they have 96 - 42 = 54 apples left. If each pie takes 6 apples, then they can make 54 / 6 = 9 pies. The answer is 9.
Therefore, the answer (arabic numerals) is",9,9,9
"A pet store had 64 puppies. In one day they sold 28 of them and put the rest into cages with 4 in each cage. How many cages did they use?
The pet store started with 64 puppies. After selling 28, they had 64 - 28 = 36 puppies. With 4 puppies per cage, 36 / 4 = 9. The answer is 9.
Therefore, the answer (arabic numerals) is",9,9,9
"Edward was selling his old games. He started out with 35 but sold 19 of them. He packed the rest up putting 8 games into each box. How many boxes did he have to use?
Edward started with 35 games. After selling 19, he had 35 - 19 = 16 games. He put 8 games into each box. 16 divided by 8 is 2. The answer is 2.
Therefore, the answer (arabic numerals) is",2,2,2
"Frank made 19 dollars mowing lawns over the summer. If he spent 11 dollars buying new mower blades, how many 2 dollar games could he buy with the money he had left?
Frank made 19 dollars mowing lawns. He spent 11 dollars on new mower blades. So he had 19 - 11 dollars left. That is 8 dollars. With 8 dollars, he can buy 8 / 2 = 4 games. The answer is 4.
Therefore, the answer (arabic numerals) is",4,4,4
"Megan had 40 homework problems. She finished 26 of them but still had 2 pages of problems to do. If each page has the same number of problems on it, how many problems are on each page?
Megan started with 40 problems. She finished 26, leaving 40 - 26 = 14. She has 2 pages of problems left. So each page must have 14 / 2 = 7 problems. The answer is 7.
Therefore, the answer (arabic numerals) is",7,7,7
"Wendy picked 103 flowers for her friend’s wedding. She was making bouquets with 8 flowers in each one. If 47 of the flowers wilted before the wedding, how many bouquets could she still make?
Wendy originally picked 103 flowers. But 47 wilted. So she had 103 - 47 = 56 flowers. She was making bouquets with 8 flowers each. So she could make 56 / 8 = 7 bouquets. The answer is 7.
Therefore, the answer (arabic numerals) is",7,7,7
"Kaleb had 39 pieces of clothing to wash. He put 19 of them in one load, but decided to split the rest into 5 equal loads. How many pieces of clothing could go in each of the small loads?
Kaleb started with 39 pieces of clothing. 19 went into one load. So 39 - 19 = 20 pieces of clothing left. If we split these 20 into 5 equal loads, we can divide 20 by 5. 20 / 5 = 4. The answer is 4.
Therefore, the answer (arabic numerals) is",4,4,4
"A company invited 18 people to a luncheon, but 12 of them didn't show up. If the tables they had held 3 people each, how many tables do they need?
There were originally 18 people invited. 12 didn't show up, so 18 - 12 = 6 people showed up. Since there are 3 people per table, we need to divide 6 by 3. 6 / 3 = 2. The answer is 2.
Therefore, the answer (arabic numerals) is","The correct answer is indeed 2. The calculation is straightforward: 18 invited guests, minus the 12 who didn't show up, leaves 6 attendees. Since each table can accommodate 3 people, we divide 6 by 3 to find the number of tables needed, which is 2.",2,2
"Mike is at the library helping put away books. There are 82 book to put away total but a librarian takes 10 of them and leaves Mike with the rest. If he can fit 9 books on a shelf, how many shelves will he need?
Mike started with 82 books. The librarian took 10 of them, leaving 82 - 10 = 72 books. He can fit 9 books per shelf, so the number of shelves needed will be 72 / 9. 72 / 9 = 8. The answer is 8.
Therefore, the answer (arabic numerals) is",8,8,8
"A pet store had 78 puppies. In one day they sold 30 of them and put the rest into cages with 8 in each cage. How many cages did they use?
The pet store started with 78 puppies. After selling 30, they had 78 - 30 = 48 puppies. Then they put 8 in each cage. 48 / 8 = 6. The answer is 6.
Therefore, the answer (arabic numerals) is",6,6,6
"Bianca uploaded 33 pictures to Facebook. She put 27 pics into one album and put the rest into 3 different albums. How many pictures were in each album?
Bianca started with 33 pictures. She put 27 in one album. So that leaves 33 - 27 = 6 pictures. 6 pictures are put into 3 albums. So each album has 6 / 3 = 2 pictures. The answer is 2.
Therefore, the answer (arabic numerals) is","A simple and straightforward math problem!

Indeed, Bianca uploaded 33 pictures to Facebook, and 27 of them went into one album. That leaves 33 - 27 = 6 pictures remaining. These 6 pictures are then distributed across 3 different albums. To find out how many pictures each album gets, we simply divide the remaining 6 pictures by 3:

6 ÷ 3 = 2

So, each album has 2 pictures.",2,2
"Emily's team won their dodgeball game and scored 39 points total. If Emily scored 23 of the points and everyone else scored 2 points each, how many players were on her team?
Emily scored 23 points. The rest of the team scored 39 - 23 = 16 points. 16 points divided by 2 points each is 8 players. The answer is 8.
Therefore, the answer (arabic numerals) is",8,8,8
"A company invited 47 people to a luncheon, but 7 of them didn't show up. If the tables they had held 5 people each, how many tables do they need?
The company invited 47 people. 7 didn't show up, so 47 - 7 = 40 people actually showed up. Each table holds 5 people. 40 / 5 = 8. The answer is 8.
Therefore, the answer (arabic numerals) is",8,8,8
"A waiter had 44 customers in his section. If 12 of them left and the rest of his tables had 8 people at each table, how many tables did he have?
The waiter had 44 customers originally. 12 of them left, so there are 44 - 12 = 32 customers left. Each table has 8 people. So we can divide 32 by 8 to find how many tables there are. 32 / 8 = 4. The answer is 4.
Therefore, the answer (arabic numerals) is",4,4,4
"A store had 40 coloring books in stock. They ended up putting them on sale and getting rid of 20 of them. The put the ones they still had onto shelves with 4 on each shelf. How many shelves did they use?
The store started with 40 coloring books. They sold 20 of them. So they had 40 - 20 = 20 left. To put them on shelves with 4 books per shelf, they would need 20 / 4 = 5 shelves. The answer is 5.
Therefore, the answer (arabic numerals) is",5,5,5
"There are 64 students trying out for the school's trivia teams. If 36 of them didn't get picked for the team and the rest were put into 4 groups, how many students would be in each group?
There are 64 students. 36 didn't get picked, so 64 - 36 = 28 did get picked. 28 students were put into 4 groups. 28 / 4 = 7. The answer is 7.
Therefore, the answer (arabic numerals) is","The correct answer is indeed 7. By subtracting the number of students who didn't get picked (36) from the total number of students (64), we can determine that 28 students were selected for the trivia teams. Then, by dividing the number of selected students (28) by the number of groups (4), we can calculate the number of students in each group, which is 7.",7,7
"Kaleb was selling his old games. He started out with 76 but sold 46 of them. He packed the rest up putting 5 games into each box. How many boxes did he have to use?
Kaleb started with 76 games. After selling 46, he had 76 - 46 = 30. Then he put 5 games in each box. So 30 / 5 = 6. The answer is 6.
Therefore, the answer (arabic numerals) is",6,6,6
"Jerry is at the library helping put away books. There are 34 book to put away total but a librarian takes 7 of them and leaves Jerry with the rest. If he can fit 3 books on a shelf, how many shelves will he need?
Jerry started with 34 books. After taking 7, he had 34 - 7 = 27 books. Since he can fit 3 books per shelf, we can divide 27 by 3 to get 9. The answer is 9.
Therefore, the answer (arabic numerals) is",9,9,9
"Nancy was planting vegetables in her garden. She started with 52 seeds and planted 28 of them in the big garden and in each of her small gardens put 4 seeds each. How many small gardens did Nancy have?
Nancy started with 52 seeds. She planted 28 in the big garden. That leaves 52 - 28 = 24 seeds. She planted 4 seeds in each small garden. So 24 / 4 = 6. The answer is 6.
Therefore, the answer (arabic numerals) is",6,6,6
"Will had 83 dollars. If he spent 47 bucks on a new game, how many 4 dollar toys could he buy with the money he had left?
Will started with 83 dollars. He spent 47 dollars on a game, leaving him with 83 - 47 = 36 dollars. With 36 dollars, he could buy 36 / 4 = 9 toys. The answer is 9.
Therefore, the answer (arabic numerals) is",9,9,9
"Bianca was planting vegetables in her garden. She started with 52 seeds and planted 40 of them in the big garden and in each of her small gardens put 2 seeds each. How many small gardens did Bianca have?
Bianca started with 52 seeds. 40 were planted in the big garden. So 52 - 40 = 12 seeds were left. Each of the small gardens received 2 seeds, so 12 / 2 = 6 small gardens. The answer is 6.
Therefore, the answer (arabic numerals) is",The correct answer is indeed 6.,6,6
"A waiter had 21 customers in his section. If 12 of them left and the rest of his tables had 3 people at each table, how many tables did he have?
The waiter originally had 21 customers. 12 of them left, so he had 21 - 12 = 9 customers left. Each of these customers represents a table of 3 people. 9 / 3 = 3. The answer is 3.
Therefore, the answer (arabic numerals) is","The correct answer is indeed 3. The waiter had 9 customers left after 12 of them departed, and since each table had 3 people, we can divide 9 by 3 to find the number of tables he had, which is 3.",3,3
"There are 25 students trying out for the school's trivia teams. If 15 of them didn't get picked for the team and the rest were put into 2 groups, how many students would be in each group?
There are 25 students trying out for the team. 15 didn't get picked. So that leaves 25 - 15 = 10 students that were picked. Since they were put into 2 groups, we divide 10 by 2 to get 5 students in each group. The answer is 5.
Therefore, the answer (arabic numerals) is","That's correct! You accurately calculated the number of students who were picked for the team by subtracting the number who didn't get picked from the total number of students trying out. Then, you divided the number of picked students by 2 to find the number of students in each group. The result, 5, is the correct answer.",5,5
"The cafeteria had 47 apples. For lunch they handed out 27 to students and decided to use the rest to make pies. If each pie takes 4 apples, how many pies could they make?
The cafeteria started with 47 apples. After handing out 27, they had 47 - 27 = 20 apples left. Each pie takes 4 apples, so they could make 20 / 4 = 5 pies. The answer is 5.
Therefore, the answer (arabic numerals) is",5,5,5
"Megan baked 68 cupcakes for her school's bake sale. If her brother, Todd, ate 32 of them how many packages could she make if she put 6 cupcake in each package?
Megan started with 68 cupcakes. After Todd ate 32, she had 68 - 32 = 36. She can put 6 in each package. So she can make 36 / 6 = 6 packages. The answer is 6.
Therefore, the answer (arabic numerals) is","The correct answer is indeed 6. By subtracting the number of cupcakes Todd ate (32) from the total number of cupcakes Megan had initially (68), you're left with 36 cupcakes. Then, by dividing the remaining cupcakes (36) by the number of cupcakes per package (6), you can determine the number of packages Megan can make, which is 6.",6,6
"A store had 120 coloring books in stock. They ended up putting them on sale and getting rid of 39 of them. The put the ones they still had onto shelves with 9 on each shelf. How many shelves did they use?
The store started with 120 coloring books. After selling 39, they had 120 - 39 = 81. They put 9 on each shelf. To find out how many shelves they used, we do 81 / 9. 81 / 9 is 9. The answer is 9.
Therefore, the answer (arabic numerals) is",9,9,9
"Isabel uploaded 25 pictures to Facebook. She put 10 pics into one album and put the rest into 5 different albums. How many pictures were in each album?
Isabel uploaded 25 pictures to Facebook. She put 10 into one album. That leaves 25 - 10 = 15 pictures. She put those 15 into 5 different albums. 15 / 5 = 3. The answer is 3.
Therefore, the answer (arabic numerals) is","A simple and straightforward math problem!

You're absolutely right. Isabel uploaded 25 pictures to Facebook, and she put 10 into one album, leaving 15 pictures remaining. To distribute these 15 pictures into 5 different albums, we can divide 15 by 5, which gives us:

15 ÷ 5 = 3

So, each album has 3 pictures. Well done!",3,3
"Sarah had 60 homework problems. She finished 20 of them but still had 5 pages of problems to do. If each page has the same number of problems on it, how many problems are on each page?
Sarah finished 20 problems, and still has 5 pages of problems. This means she has 60 - 20 = 40 problems left. So the 40 problems must be on 5 pages. 40 / 5 = 8. The answer is 8.
Therefore, the answer (arabic numerals) is",8,8,8
"Mike made 42 dollars mowing lawns over the summer. If he spent 10 dollars buying new mower blades, how many 8 dollar games could he buy with the money he had left?
Mike started with 42 dollars. After spending 10 dollars, he had 42 - 10 = 32 dollars left. If he could buy a game for 8 dollars, he could buy 32 / 8 = 4 games. The answer is 4.
Therefore, the answer (arabic numerals) is",4,4,4
"Will had 59 pieces of clothing to wash. He put 32 of them in one load, but decided to split the rest into 9 equal loads. How many pieces of clothing could go in each of the small loads?
Will started with 59 pieces of clothing. After putting 32 in one load, he had 59 - 32 = 27 left. He split the rest into 9 equal loads. 27 divided by 9 is 3. The answer is 3.
Therefore, the answer (arabic numerals) is",3,3,3
"Oliver made 35 dollars mowing lawns over the summer. If he spent 7 dollars buying new mower blades, how many 4 dollar games could he buy with the money he had left?
Oliver started with 35 dollars. After spending 7 dollars, he had 35 - 7 = 28 dollars left. Each game costs 4 dollars. So he could buy 28 / 4 = 7 games. The answer is 7.
Therefore, the answer (arabic numerals) is",7,7,7
"Emily was planting vegetables in her garden. She started with 42 seeds and planted 36 of them in the big garden and in each of her small gardens put 2 seeds each. How many small gardens did Emily have?
Emily started with 42 seeds. She planted 36 in the big garden. This leaves 42 - 36 = 6 seeds. She planted 2 seeds in each small garden, so 6 / 2 = 3 small gardens. The answer is 3.
Therefore, the answer (arabic numerals) is",3,3,3
"There are 17 students trying out for the school's trivia teams. If 5 of them didn't get picked for the team and the rest were put into 3 groups, how many students would be in each group?
If 5 didn't get picked, then 17 - 5 = 12 were picked. If 12 students were put into 3 groups, then 12 / 3 = 4 students would be in each group. The answer is 4.
Therefore, the answer (arabic numerals) is",4,4,4
"Katie's team won their dodgeball game and scored 12 points total. If Katie scored 4 of the points and everyone else scored 4 points each, how many players were on her team?
Katie's team scored 12 points total. Katie scored 4 points. So the remaining points are 12 - 4 = 8. If everyone else scored 4 points each, then there must be 8 / 4 = 2 players. Adding 1 for Katie, there are 2 + 1 = 3 players. The answer is 3.
Therefore, the answer (arabic numerals) is","A simple and straightforward math problem!

You're absolutely right. Let's break it down step by step:

1. Total points scored by the team: 12
2. Katie's contribution: 4 points
3. Remaining points: 12 - 4 = 8
4. Each of the remaining players scored 4 points each, so the number of players is: 8 ÷ 4 = 2
5. Adding Katie to the count, we get: 2 + 1 = 3

So, indeed, the correct answer is 3.",3,2
"Megan baked 71 cupcakes for her school's bake sale. If her brother, Todd, ate 43 of them how many packages could she make if she put 7 cupcake in each package?
Megan baked 71 cupcakes. Todd ate 43 of them. So there are 71 - 43 = 28 cupcakes left. Each package holds 7 cupcakes. So we can divide 28 by 7. 28 / 7 = 4. The answer is 4.
Therefore, the answer (arabic numerals) is",4,4,4
"Wendy uploaded 45 pictures to Facebook. She put 27 pics into one album and put the rest into 9 different albums. How many pictures were in each album?
Wendy uploaded 45 pictures. She put 27 in one album. That leaves 45 - 27 = 18 pictures. She put 18 pictures in 9 different albums. 18 / 9 = 2. The answer is 2.
Therefore, the answer (arabic numerals) is",2,2,2
"A store had 86 coloring books in stock. They ended up putting them on sale and getting rid of 37 of them. The put the ones they still had onto shelves with 7 on each shelf. How many shelves did they use?
The store started with 86 coloring books. After getting rid of 37, they had 86 - 37 = 49 coloring books left. Each shelf has 7 coloring books. 49 divided by 7 is 7. The answer is 7.
Therefore, the answer (arabic numerals) is",7,7,7
"The cafeteria had 50 apples. For lunch they handed out 5 to students and decided to use the rest to make pies. If each pie takes 5 apples, how many pies could they make?
The cafeteria started with 50 apples. After giving 5 away, they had 50 - 5 = 45 apples left. If each pie takes 5 apples, then they can make 45 / 5 = 9 pies. The answer is 9.
Therefore, the answer (arabic numerals) is",9,9,9
"Nancy had 101 homework problems. She finished 47 of them but still had 6 pages of problems to do. If each page has the same number of problems on it, how many problems are on each page?
Nancy had 101 homework problems. She finished 47 of them, so she has 101 - 47 = 54 left. These are spread over 6 pages. 54 problems divided by 6 pages is 9. The answer is 9.
Therefore, the answer (arabic numerals) is",9,9,9
"Paige had 27 files on her computer. She deleted 9 of them and put the rest into folders with 6 files in each one. How many folders did Paige end up with?
Paige started with 27 files. After deleting 9, she had 27 - 9 = 18 files. Each folder holds 6 files. So the number of folders is 18 / 6 = 3. The answer is 3.
Therefore, the answer (arabic numerals) is",3,3,3
"For Halloween Bianca received 78 pieces of candy. She ate 30 pieces then placed the rest into piles with 8 in each pile. How many piles could she make?
Bianca started with 78 pieces of candy. After eating 30, she had 78 - 30 = 48 pieces of candy. Each pile had 8 pieces of candy. So she could make 48 / 8 = 6 piles. The answer is 6.
Therefore, the answer (arabic numerals) is",6,6,6
"A company invited 45 people to a luncheon, but 35 of them didn't show up. If the tables they had held 2 people each, how many tables do they need?
45 people were invited, but 35 didn't show up. So 45 - 35 = 10 people actually showed up. Each table held 2 people. So the number of tables needed is 10 / 2 = 5. The answer is 5.
Therefore, the answer (arabic numerals) is",5,5,5
"Haley uploaded 65 pictures to Facebook. She put 17 pics into one album and put the rest into 6 different albums. How many pictures were in each album?
Haley uploaded 65 pictures. 17 of those were put into one album. So 65 - 17 = 48 pictures were put into 6 different albums. 48 / 6 = 8. The answer is 8.
Therefore, the answer (arabic numerals) is",8,8,8
"A pet store had 102 puppies. In one day they sold 21 of them and put the rest into cages with 9 in each cage. How many cages did they use?
The store started with 102 puppies. After selling 21, they had 102 - 21 = 81 puppies left. If they put 9 puppies in each cage, then we divide 81 by 9. 81 / 9 = 9. The answer is 9.
Therefore, the answer (arabic numerals) is",9,9,9
"Roger had 120 pieces of clothing to wash. He put 48 of them in one load, but decided to split the rest into 9 equal loads. How many pieces of clothing could go in each of the small loads?
Roger started with 120 pieces of clothing. 48 went into one load, leaving 120 - 48 = 72 pieces of clothing. These 72 pieces of clothing were split into 9 equal loads. 72 / 9 = 8. The answer is 8.
Therefore, the answer (arabic numerals) is",8,8,8
"Wendy picked 45 flowers for her friend’s wedding. She was making bouquets with 5 flowers in each one. If 35 of the flowers wilted before the wedding, how many bouquets could she still make?
Wendy had 45 flowers originally. After 35 wilted, she had 45 - 35 = 10 flowers. She can make 10 / 5 = 2 bouquets. The answer is 2.
Therefore, the answer (arabic numerals) is",2,2,2
"Isabel baked 39 cupcakes for her school's bake sale. If her brother, Todd, ate 21 of them how many packages could she make if she put 3 cupcake in each package?
Isabel baked 39 cupcakes. Todd ate 21. So there are 39 - 21 = 18 cupcakes left. Each package has 3 cupcakes. 18 / 3 is 6. The answer is 6.
Therefore, the answer (arabic numerals) is",6,6,6
"Sarah had 55 homework problems. She finished 6 of them but still had 7 pages of problems to do. If each page has the same number of problems on it, how many problems are on each page?
Sarah started with 55 problems. After finishing 6 problems, she had 55 - 6 = 49 problems left. If she had 7 pages left, each page would have 49 / 7 problems. 49 / 7 is 7. The answer is 7.
Therefore, the answer (arabic numerals) is",7,7,7
"There are 58 students trying out for the school's trivia teams. If 10 of them didn't get picked for the team and the rest were put into 8 groups, how many students would be in each group?
There were originally 58 students. 10 of them didn't make the team. So 58 - 10 = 48 did make the team. These 48 students are put into 8 groups. 48 divided by 8 is 6. The answer is 6.
Therefore, the answer (arabic numerals) is",The correct answer is indeed 6.,6,6
"Paige picked 53 flowers for her friend’s wedding. She was making bouquets with 7 flowers in each one. If 18 of the flowers wilted before the wedding, how many bouquets could she still make?
Paige picked 53 flowers originally. After 18 wilted, there were 53 - 18 = 35 flowers left. If she makes 7 flowers in each bouquet, then 35 / 7 = 5 bouquets. The answer is 5.
Therefore, the answer (arabic numerals) is",The correct answer is indeed 5.,5,5
"A waiter had 22 customers in his section. If 14 of them left and the rest of his tables had 4 people at each table, how many tables did he have?
The waiter started with 22 customers. If 14 of them left, then he has 22 - 14 = 8 left. Each of these tables had 4 people, so there are 8 / 4 = 2 tables. The answer is 2.
Therefore, the answer (arabic numerals) is",2,2,2
"Luke was selling his old games. He started out with 39 but sold 19 of them. He packed the rest up putting 4 games into each box. How many boxes did he have to use?
Luke started with 39 games. After selling 19, he had 39 - 19 = 20. He put 4 games in each box. 20 divided by 4 is 5. The answer is 5.
Therefore, the answer (arabic numerals) is",5,5,5
"Haley baked 20 cupcakes for her school's bake sale. If her brother, Todd, ate 11 of them how many packages could she make if she put 3 cupcake in each package?
Haley started with 20 cupcakes. After Todd ate 11, there were 20 - 11 = 9 cupcakes left. If she puts 3 in each package, then she can make 9 / 3 = 3 packages. The answer is 3.
Therefore, the answer (arabic numerals) is","A simple and straightforward problem!

Indeed, Haley started with 20 cupcakes and after Todd ate 11, she had 9 cupcakes left. To find out how many packages she can make, we need to divide the number of remaining cupcakes (9) by the number of cupcakes per package (3).

9 ÷ 3 = 3

So, the correct answer is indeed 3 packages.",3,3
"A pet store had 13 puppies. In one day they sold 7 of them and put the rest into cages with 2 in each cage. How many cages did they use?
The pet store started with 13 puppies. After selling 7, they have 13 - 7 = 6 puppies left. Since 2 puppies fit in each cage, we can divide 6 by 2. 6 / 2 is 3. The answer is 3.
Therefore, the answer (arabic numerals) is",3,3,3
"A store had 27 coloring books in stock. They ended up putting them on sale and getting rid of 6 of them. The put the ones they still had onto shelves with 7 on each shelf. How many shelves did they use?
The store started with 27 coloring books. After getting rid of 6, they had 27 - 6 = 21. 21 coloring books can be arranged into 21 / 7 = 3 shelves. The answer is 3.
Therefore, the answer (arabic numerals) is",3,3,3
"Wendy had 82 files on her computer. She deleted 37 of them and put the rest into folders with 5 files in each one. How many folders did Wendy end up with?
Wendy started with 82 files. After deleting 37 of them, she had 82 - 37 = 45 files. If she put 5 files in each folder, then 45 / 5 = 9. The answer is 9.
Therefore, the answer (arabic numerals) is",9,9,9
"Kaleb had 12 dollars. If he spent 8 bucks on a new game, how many 2 dollar toys could he buy with the money he had left?
Kaleb started with 12 dollars. After spending 8 dollars, he had 12 - 8 = 4 dollars left. 4 dollars divided by 2 is 2. So he could buy 2 toys. The answer is 2.
Therefore, the answer (arabic numerals) is",2,2,2
"Sarah was planting vegetables in her garden. She started with 21 seeds and planted 12 of them in the big garden and in each of her small gardens put 3 seeds each. How many small gardens did Sarah have?
Sarah started with 21 seeds. She planted 12 in the big garden. That leaves 21 - 12 = 9 seeds. She planted 3 seeds in each of her small gardens. So she planted 9 / 3 = 3 gardens. The answer is 3.
Therefore, the answer (arabic numerals) is",3,3,3
"Nancy uploaded 51 pictures to Facebook. She put 11 pics into one album and put the rest into 8 different albums. How many pictures were in each album?
51 pictures were uploaded. 11 were put into one album. So 51 - 11 = 40 were put into 8 different albums. 40 divided by 8 is 5. The answer is 5.
Therefore, the answer (arabic numerals) is",5,5,5
"A company invited 24 people to a luncheon, but 10 of them didn't show up. If the tables they had held 7 people each, how many tables do they need?
The company invited 24 people. 10 didn't show up, so 24 - 10 = 14 people actually showed up. The tables they had held 7 people each. So 14 / 7 = 2 tables. The answer is 2.
Therefore, the answer (arabic numerals) is",2,2,2
"Bianca's team won their dodgeball game and scored 75 points total. If Bianca scored 45 of the points and everyone else scored 6 points each, how many players were on her team?
The total points scored by Bianca's team was 75. Bianca scored 45. So 75 - 45 = 30 were scored by others. If each of these others scored 6 points, then the number of others was 30 / 6 = 5. Adding Bianca, there were 5 + 1 = 6 players on her team. The answer is 6.
Therefore, the answer (arabic numerals) is",6,6,5
"For Halloween Emily received 54 pieces of candy. She ate 33 pieces then placed the rest into piles with 7 in each pile. How many piles could she make?
Emily received 54 pieces of candy. After eating 33 pieces, she had 54 - 33 = 21 pieces left. If she put 7 pieces in each pile, then she could make 21 / 7 = 3 piles. The answer is 3.
Therefore, the answer (arabic numerals) is",3,3,3
"Haley was planting vegetables in her garden. She started with 56 seeds and planted 35 of them in the big garden and in each of her small gardens put 3 seeds each. How many small gardens did Haley have?
Haley started with 56 seeds. She planted 35 in the big garden. This leaves 56 - 35 = 21 seeds left. She planted 3 seeds in each small garden. So we can divide 21 by 3. 21 divided by 3 is 7. The answer is 7.
Therefore, the answer (arabic numerals) is",7,7,7
"A store had 48 coloring books in stock. They ended up putting them on sale and getting rid of 38 of them. The put the ones they still had onto shelves with 5 on each shelf. How many shelves did they use?
The store started with 48 coloring books. After putting 38 away, they have 48 - 38 = 10 coloring books left. Each shelf has 5 coloring books, so they can fit 10 / 5 = 2 shelves. The answer is 2.
Therefore, the answer (arabic numerals) is",2,2,2
"Roger is at the library helping put away books. There are 14 book to put away total but a librarian takes 2 of them and leaves Roger with the rest. If he can fit 3 books on a shelf, how many shelves will he need?
Roger had 14 books. After 2 were taken away, he has 14 - 2 = 12 books. He can put 3 books per shelf, so the number of shelves he needs is 12 / 3 = 4. The answer is 4.
Therefore, the answer (arabic numerals) is",4,4,4
"A pet store had 56 puppies. In one day they sold 24 of them and put the rest into cages with 4 in each cage. How many cages did they use?
The store started with 56 puppies. They sold 24 of them. So they had 56 - 24 = 32 left. They put 4 puppies in each cage. So they need 32 / 4 cages. 32 / 4 = 8. The answer is 8.
Therefore, the answer (arabic numerals) is",8,8,8
"The cafeteria had 86 apples. For lunch they handed out 30 to students and decided to use the rest to make pies. If each pie takes 8 apples, how many pies could they make?
The cafeteria started with 86 apples. After handing out 30, they had 86 - 30 = 56 apples left. Each pie takes 8 apples, so they could make 56 / 8 = 7 pies. The answer is 7.
Therefore, the answer (arabic numerals) is",7,7,7
"Jerry had 60 pieces of clothing to wash. He put 40 of them in one load, but decided to split the rest into 5 equal loads. How many pieces of clothing could go in each of the small loads?
Jerry started with 60 pieces of clothing. He put 40 in one load. 60 - 40 is 20, which is what he has left. He decided to split that into 5 loads. 20 / 5 is 4. The answer is 4.
Therefore, the answer (arabic numerals) is",4,4,4
"Mike made 69 dollars mowing lawns over the summer. If he spent 24 dollars buying new mower blades, how many 5 dollar games could he buy with the money he had left?
Mike started with 69 dollars. After spending 24, he had 69 - 24 = 45 dollars left. 45 / 5 = 9. The answer is 9.
Therefore, the answer (arabic numerals) is",9,9,9
"Will made 104 dollars mowing lawns over the summer. If he spent 41 dollars buying new mower blades, how many 9 dollar games could he buy with the money he had left?
Will started with 104 dollars. After spending 41 dollars, he had 104 - 41 = 63 dollars. Each game is 9 dollars. So we can divide 63 by 9 to find how many games he can buy. 63 / 9 is 7. The answer is 7.
Therefore, the answer (arabic numerals) is",7,7,7
"For Halloween Bianca received 32 pieces of candy. She ate 12 pieces then placed the rest into piles with 5 in each pile. How many piles could she make?
Bianca started with 32 pieces of candy. After eating 12, she had 32 - 12 = 20 left. She put the rest into piles of 5, so 20 / 5 = 4 piles. The answer is 4.
Therefore, the answer (arabic numerals) is",The answer is indeed 4.,4,4
"Luke was selling his old games. He started out with 57 but sold 39 of them. He packed the rest up putting 2 games into each box. How many boxes did he have to use?
Luke started with 57 games. After selling 39, he had 57 - 39 = 18 games left. He put 2 games into each box. So the number of boxes he had to use is 18 / 2 = 9. The answer is 9.
Therefore, the answer (arabic numerals) is",9,9,9
"A pet store had 88 puppies. In one day they sold 34 of them and put the rest into cages with 6 in each cage. How many cages did they use?
The store started with 88 puppies. After selling 34, they had 88 - 34 = 54. With 6 in each cage, the store used 54 / 6 = 9 cages. The answer is 9.
Therefore, the answer (arabic numerals) is",9,9,9
"Katie had 85 files on her computer. She deleted 40 of them and put the rest into folders with 5 files in each one. How many folders did Katie end up with?
Katie started with 85 files. After deleting 40 of them, she had 85 - 40 = 45 files. With 5 files in each folder, she would have 45 / 5 = 9 folders. The answer is 9.
Therefore, the answer (arabic numerals) is",9,9,9
"Roger had 68 dollars. If he spent 47 bucks on a new game, how many 7 dollar toys could he buy with the money he had left?
Roger had 68 dollars. After spending 47 dollars, he had 68 - 47 = 21 dollars left. 21 / 7 = 3. The answer is 3.
Therefore, the answer (arabic numerals) is",3,3,3
"Tom bought 40 tickets at the state fair. He spent 28 tickets at the 'dunk a clown' booth and decided to use the rest on rides. If each ride cost 4 tickets, how many rides could he go on?
Tom bought 40 tickets. After spending 28, he has 40 - 28 = 12 tickets left. Each ride costs 4 tickets, so he can go on 12 / 4 = 3 rides. The answer is 3.
Therefore, the answer (arabic numerals) is",3,3,3
"The cafeteria had 75 apples. For lunch they handed out 19 to students and decided to use the rest to make pies. If each pie takes 8 apples, how many pies could they make?
The cafeteria started with 75 apples. After handing out 19, they have 75 - 19 = 56 apples. Each pie takes 8 apples. 56 / 8 = 7. The answer is 7.
Therefore, the answer (arabic numerals) is",7,7,7
"Sarah baked 38 cupcakes for her school's bake sale. If her brother, Todd, ate 14 of them how many packages could she make if she put 8 cupcake in each package?
Sarah baked 38 cupcakes. After her brother ate 14, there were 38 - 14 = 24 left. If each package has 8 cupcakes, then the number of packages is 24 / 8. 24 / 8 is 3. The answer is 3.
Therefore, the answer (arabic numerals) is",3,3,3
"Nancy uploaded 41 pictures to Facebook. She put 37 pics into one album and put the rest into 2 different albums. How many pictures were in each album?
Nancy uploaded 41 pictures. She put 37 in one album. So there are 41 - 37 = 4 pictures left. These 4 pictures will be split between 2 albums, so each album will have 4 / 2 = 2 pictures. The answer is 2.
Therefore, the answer (arabic numerals) is","The correct answer is indeed 2. Nancy uploaded 41 pictures, and after putting 37 into one album, she had 4 pictures left. Since these 4 pictures needed to be split between 2 albums, each album would receive 4 divided by 2, which equals 2.",2,2