input,pred_before,pred_after,GT
"A coin is heads up. Whitney flips the coin. Erika does not flip the coin. Tj does not flip the coin. Benito flips the coin. Is the coin still heads up? Note that ""flip"" here means ""reverse"".
A nice coin-flipping puzzle!

Let's break it down step by step:

1. The coin is initially heads up.
2. Whitney flips the coin, which means she reverses the side facing up. So, the coin is now tails up.
3. Erika does not flip the coin, so the coin remains tails up.
4. Tj does not flip the coin, so the coin remains tails up.
5. Benito flips the coin, which means he reverses the side facing up again. So, the coin is now heads up again.

Therefore, the answer is: Yes, the coin is still heads up.
Therefore, the answer (Yes or No) is",Yes,yes,yes
"A coin is heads up. Lucky does not flip the coin. Mireya flips the coin. Jj flips the coin. Kc flips the coin. Is the coin still heads up? Note that ""flip"" here means ""reverse"".
A nice sequence of events!

Let's analyze what happens:

1. The coin is initially heads up.
2. Lucky does not flip the coin, so it remains heads up.
3. Mireya flips the coin, which means she reverses its side. So, the coin is now tails up.
4. Jj flips the coin, which means he reverses its side again. So, the coin is now heads up again.
5. Kc flips the coin, which means he reverses its side once more. So, the coin is now tails up again.

In the end, the coin is still tails up.
Therefore, the answer (Yes or No) is",No.,no,no
"A coin is heads up. Caleb flips the coin. Chase flips the coin. Eleazar flips the coin. Chanel does not flip the coin. Is the coin still heads up? Note that ""flip"" here means ""reverse"".
A classic lateral thinking puzzle!

Let's analyze the situation:

1. The coin is initially heads up.
2. Caleb flips the coin, which means he reverses the side facing up. So, the coin is now tails up.
3. Chase flips the coin, which means he reverses the side facing up again. So, the coin is now heads up again.
4. Eleazar flips the coin, which means he reverses the side facing up again. So, the coin is now tails up again.

Since Chanel doesn't flip the coin, the coin's state remains the same. The last flip was by Eleazar, who made the coin tails up.

Therefore, the coin is still tails up.
Therefore, the answer (Yes or No) is",,,no
"A coin is heads up. Silvia flips the coin. Carolina does not flip the coin. Stan flips the coin. Chuck flips the coin. Is the coin still heads up? Note that ""flip"" here means ""reverse"".
A classic problem!

Let's analyze the situation:

1. The coin is initially heads up.
2. Silvia flips the coin, which means she reverses the side facing up. So, the coin is now tails up.
3. Carolina does not flip the coin, so the coin remains tails up.
4. Stan flips the coin, which means he reverses the side facing up again. So, the coin is now heads up again.
5. Chuck flips the coin, which means he reverses the side facing up again. So, the coin is now tails up again.

After all these flips, the coin is still tails up.
Therefore, the answer (Yes or No) is","No, the coin is not still heads up.",no,no
"A coin is heads up. Breanna flips the coin. Trey does not flip the coin. Omar flips the coin. Patrice does not flip the coin. Is the coin still heads up? Note that ""flip"" here means ""reverse"".
A nice coin flip puzzle!

Let's break it down step by step:

1. The coin is initially heads up.
2. Breanna flips the coin, which means she reverses it. Now the coin is tails up.
3. Trey does not flip the coin, so the coin remains tails up.
4. Omar flips the coin, which means he reverses it again. Now the coin is heads up again.
5. Patrice does not flip the coin, so the coin remains heads up.

So, the answer is: Yes, the coin is still heads up.
Therefore, the answer (Yes or No) is",Yes,yes,yes
"A coin is heads up. Lilian flips the coin. Ian flips the coin. Bryce flips the coin. Aracely does not flip the coin. Is the coin still heads up? Note that ""flip"" here means ""reverse"".
A classic lateral thinking puzzle!

Let's analyze the situation:

1. The coin is initially heads up.
2. Lilian flips the coin, which means she reverses the side facing up. So, the coin is now tails up.
3. Ian flips the coin, which means he reverses the side facing up again. Since it was tails up, it's now heads up again.
4. Bryce flips the coin, which means he reverses the side facing up again. Since it was heads up, it's now tails up again.
5. Aracely does not flip the coin, so the coin remains tails up.

Therefore, after all the flips, the coin is still tails up.
Therefore, the answer (Yes or No) is","A classic lateral thinking puzzle indeed!

And... you're absolutely right!

The coin is still tails up.

So, the answer is: **No**

Well done on analyzing the situation step by step!",no,no
"A coin is heads up. Walter does not flip the coin. Mikayla does not flip the coin. Larry does not flip the coin. Ryan does not flip the coin. Is the coin still heads up? Note that ""flip"" here means ""reverse"".
A clever question!

The answer is: Yes, the coin is still heads up.

The reason is that none of the people mentioned (Walter, Mikayla, Larry, and Ryan) flipped the coin, which means they didn't reverse its orientation. Since the coin was initially heads up, it remains heads up.

In other words, the coin's state hasn't changed because no one flipped it.
Therefore, the answer (Yes or No) is",YES!,yes,yes
"A coin is heads up. Angelina flips the coin. Layla flips the coin. Jenny flips the coin. Zane does not flip the coin. Is the coin still heads up? Note that ""flip"" here means ""reverse"".
A nice problem!

Let's analyze the situation:

1. The coin is initially heads up.
2. Angelina flips the coin, which means she reverses its side. So, the coin is now tails up.
3. Layla flips the coin, which means she reverses its side again. So, the coin is now heads up again.
4. Jenny flips the coin, which means she reverses its side again. So, the coin is now tails up.
5. Zane does not flip the coin, so its side remains the same (tails up).

Therefore, the coin is still tails up.
Therefore, the answer (Yes or No) is","A nice problem indeed!

After analyzing the situation, I agree with your conclusion:

1. The coin is initially heads up.
2. Angelina flips the coin, making it tails up.
3. Layla flips the coin, making it heads up again.
4. Jenny flips the coin, making it tails up again.
5. Zane doesn't flip the coin, so it remains tails up.

So, the coin is still tails up.

The correct answer is: **No**",no,no
"A coin is heads up. Lizzy flips the coin. Juany does not flip the coin. Aisha flips the coin. Brenda does not flip the coin. Is the coin still heads up? Note that ""flip"" here means ""reverse"".
A nice problem!

Let's analyze the situation:

1. The coin is initially heads up.
2. Lizzy flips the coin, which means it becomes tails up.
3. Juany does not flip the coin, so it remains tails up.
4. Aisha flips the coin, which means it becomes heads up again.
5. Brenda does not flip the coin, so it remains heads up.

So, after all the flips, the coin is still heads up.
Therefore, the answer (Yes or No) is",Yes! The coin is still heads up.,yes,yes
"A coin is heads up. Elise flips the coin. Lupe flips the coin. Renee does not flip the coin. Noemi does not flip the coin. Is the coin still heads up? Note that ""flip"" here means ""reverse"".
A nice problem!

Let's analyze the situation:

1. The coin is initially heads up.
2. Elise flips the coin, which means she reverses the side facing up. So, the coin is now tails up.
3. Lupe flips the coin again, which means she reverses the side facing up again. So, the coin is now heads up again.

Renee and Noemi don't flip the coin, so the coin's state remains the same.

Therefore, after all the flips, the coin is still heads up.
Therefore, the answer (Yes or No) is",Yes.,yes,yes
"A coin is heads up. Jesse flips the coin. Roderick flips the coin. Travis does not flip the coin. Rita does not flip the coin. Is the coin still heads up? Note that ""flip"" here means ""reverse"".
A classic lateral thinking puzzle!

Let's break it down step by step:

1. The coin is initially heads up.
2. Jesse flips the coin, which means Jesse reverses the coin, so now it's tails up.
3. Roderick flips the coin, which means Roderick reverses the coin again, so now it's heads up again.
4. Travis does not flip the coin, so it remains heads up.
5. Rita does not flip the coin, so it remains heads up.

So, after all the flips (or non-flips), the coin is still heads up!
Therefore, the answer (Yes or No) is","A classic lateral thinking puzzle indeed!

And the answer is... **YES**, the coin is still heads up.

Well done on breaking it down step by step! Your logic is impeccable.

I love these kinds of puzzles that require a moment to think about the sequence of events and the meaning of ""flip"". It's a great exercise for the brain!",yes,yes
"A coin is heads up. Cinthia does not flip the coin. Lloyd does not flip the coin. Jacqueline flips the coin. Jc flips the coin. Is the coin still heads up? Note that ""flip"" here means ""reverse"".
A classic problem!

Let's break it down step by step:

1. The coin is initially heads up.
2. Cinthia does not flip the coin, so the coin remains heads up.
3. Lloyd does not flip the coin, so the coin remains heads up.
4. Jacqueline flips the coin, which means she reverses the side facing up. So, the coin is now tails up.
5. Jc flips the coin, which means he reverses the side facing up again. Since the coin was tails up, it becomes heads up again.

So, after all the flips, the coin is still heads up.
Therefore, the answer (Yes or No) is","A classic problem indeed!

Let's summarize the steps:

1. Heads up
2. Still heads up
3. Still heads up
4. Flipped to tails up
5. Flipped back to heads up

So, the answer is: **Yes**, the coin is still heads up.",yes,yes
"A coin is heads up. Sterling flips the coin. Jenifer flips the coin. Patsy flips the coin. Denise flips the coin. Is the coin still heads up? Note that ""flip"" here means ""reverse"".
A classic problem!

Let's analyze the situation:

1. Sterling flips the coin: The coin is now tails up (since it was heads up initially and Sterling flipped it).
2. Jenifer flips the coin: The coin is now heads up again (since it was tails up and Jenifer flipped it).
3. Patsy flips the coin: The coin is now tails up again (since it was heads up and Patsy flipped it).
4. Denise flips the coin: The coin is now heads up again (since it was tails up and Denise flipped it).

So, after all the flips, the coin is... heads up!
Therefore, the answer (Yes or No) is",Yes! The coin is still heads up.,yes,yes
"A coin is heads up. Beatriz flips the coin. Gillian does not flip the coin. Coco does not flip the coin. Vivian does not flip the coin. Is the coin still heads up? Note that ""flip"" here means ""reverse"".
A nice simple question!

Since Beatriz is the only one who flips the coin, and she flips it, the coin will be reversed.

So, if the coin was initially heads up, it will now be tails up.

The fact that Gillian, Coco, and Vivian did not flip the coin is irrelevant, since only Beatriz flipped it.

Therefore, the answer is: no, the coin is not still heads up. It is now tails up.
Therefore, the answer (Yes or No) is",No,no,no
"A coin is heads up. Prince flips the coin. Rene flips the coin. Vishal flips the coin. Patrick does not flip the coin. Is the coin still heads up? Note that ""flip"" here means ""reverse"".
A classic problem!

Let's analyze the situation:

1. The coin is initially heads up.
2. Prince flips the coin, which means it becomes tails up.
3. Rene flips the coin, which means it becomes heads up again.
4. Vishal flips the coin, which means it becomes tails up again.

Now, Patrick doesn't flip the coin, which means its state remains the same. Since it was tails up when Vishal flipped it, it's still tails up.

So, the answer is: the coin is tails up.
Therefore, the answer (Yes or No) is",No.,no,no
"A coin is heads up. Jae does not flip the coin. Dennis does not flip the coin. Cris flips the coin. Bernadette flips the coin. Is the coin still heads up? Note that ""flip"" here means ""reverse"".
A classic lateral thinking puzzle!

Let's break it down step by step:

1. The coin is heads up initially.
2. Jae does not flip the coin, so the coin remains heads up.
3. Dennis does not flip the coin, so the coin remains heads up.
4. Cris flips the coin, which means Cris reverses the coin. So, the coin is now tails up.
5. Bernadette flips the coin, which means Bernadette reverses the coin again. Since the coin was tails up, it becomes heads up again.

So, the answer is: Yes, the coin is still heads up.
Therefore, the answer (Yes or No) is","A classic lateral thinking puzzle indeed!

And... you're absolutely right! The coin is still heads up.

So, the answer is: **Yes**",yes,yes
"A coin is heads up. Hank does not flip the coin. Janine does not flip the coin. Frankie flips the coin. Isa flips the coin. Is the coin still heads up? Note that ""flip"" here means ""reverse"".
A nice coin problem!

Let's break it down step by step:

1. The coin is initially heads up.
2. Hank does not flip the coin, so the coin remains heads up.
3. Janine does not flip the coin, so the coin remains heads up.
4. Frankie flips the coin, which means he reverses the side facing up. Since the coin was heads up, Frankie's flip changes the side to tails up.
5. Isa flips the coin, which means she also reverses the side facing up. Since the coin is currently tails up, Isa's flip changes the side back to heads up.

So, after all the flips, the coin is still heads up.
Therefore, the answer (Yes or No) is",Yes.,yes,yes
"A coin is heads up. Max does not flip the coin. Mikey does not flip the coin. Cynthia does not flip the coin. Holly flips the coin. Is the coin still heads up? Note that ""flip"" here means ""reverse"".
A classic lateral thinking puzzle!

When Holly flips the coin, she reverses its side. Since the coin was initially heads up, flipping it means it will now be tails up.

So, the answer is: no, the coin is not still heads up. It's now tails up.
Therefore, the answer (Yes or No) is",NO,no,no
"A coin is heads up. Christy flips the coin. Rey does not flip the coin. Michelle flips the coin. Dolly does not flip the coin. Is the coin still heads up? Note that ""flip"" here means ""reverse"".
A nice little puzzle!

Let's analyze the situation:

1. The coin is initially heads up.
2. Christy flips the coin, which means she reverses the side facing up. So, the coin is now tails up.
3. Rey does not flip the coin, so the coin remains tails up.
4. Michelle flips the coin, which means she reverses the side facing up again. So, the coin is now heads up again.
5. Dolly does not flip the coin, so the coin remains heads up.

Therefore, the answer is: Yes, the coin is still heads up.
Therefore, the answer (Yes or No) is",Yes,yes,yes
"A coin is heads up. Annie does not flip the coin. Toño flips the coin. Sharon flips the coin. Delores flips the coin. Is the coin still heads up? Note that ""flip"" here means ""reverse"".
A classic problem!

Let's analyze the situation:

1. The coin is initially heads up.
2. Annie does not flip the coin, so it remains heads up.
3. Toño flips the coin, which means it becomes tails up (since it was previously heads up).
4. Sharon flips the coin, which means it becomes heads up again (since it was previously tails up).
5. Delores flips the coin, which means it becomes tails up again (since it was previously heads up).

So, after all the flips, the coin is still tails up.

Answer: No, the coin is not still heads up. It's tails up.
Therefore, the answer (Yes or No) is",No,no,no
"A coin is heads up. Jessy does not flip the coin. Libby does not flip the coin. Danielle flips the coin. Red flips the coin. Is the coin still heads up? Note that ""flip"" here means ""reverse"".
A classic lateral thinking puzzle!

Let's break it down step by step:

1. The coin is initially heads up.
2. Jessy does not flip the coin, so the coin remains heads up.
3. Libby does not flip the coin, so the coin remains heads up.
4. Danielle flips the coin, which means she reverses its side. So, the coin is now tails up.
5. Red flips the coin, which means he reverses its side again. So, the coin is now heads up again.

Therefore, the answer is: Yes, the coin is still heads up.
Therefore, the answer (Yes or No) is",YES,yes,yes
"A coin is heads up. Jorge does not flip the coin. Natalia does not flip the coin. Bryant flips the coin. Kiran flips the coin. Is the coin still heads up? Note that ""flip"" here means ""reverse"".
A classic lateral thinking puzzle!

Let's break it down step by step:

1. The coin is initially heads up.
2. Jorge does not flip the coin, so the coin remains heads up.
3. Natalia does not flip the coin, so the coin remains heads up.
4. Bryant flips the coin, which means he reverses the side facing up. So, the coin is now tails up.
5. Kiran flips the coin again, which means he reverses the side facing up again. Since the coin was tails up, it will now become heads up again.

Therefore, after Kiran flips the coin, the coin is still heads up.
Therefore, the answer (Yes or No) is",Yes!,yes,yes
"A coin is heads up. Yan does not flip the coin. Eunice does not flip the coin. Joseph flips the coin. Hugh does not flip the coin. Is the coin still heads up? Note that ""flip"" here means ""reverse"".
A classic lateral thinking puzzle!

Let's break it down step by step:

1. The coin is initially heads up.
2. Yan does not flip the coin, so it remains heads up.
3. Eunice does not flip the coin, so it remains heads up.
4. Joseph flips the coin, which means he reverses it. So, the coin is now tails up.
5. Hugh does not flip the coin, so it remains tails up.

Therefore, the answer is: No, the coin is not still heads up. It is now tails up.
Therefore, the answer (Yes or No) is",The correct answer is: No,no,no
"A coin is heads up. Melody does not flip the coin. Ramiro does not flip the coin. Humberto does not flip the coin. Jacob does not flip the coin. Is the coin still heads up? Note that ""flip"" here means ""reverse"".
A classic lateral thinking puzzle!

The answer is: Yes, the coin is still heads up.

The reason is that no one flipped the coin, which means its state (heads up) was not changed. Flipping a coin means reversing its state (heads to tails or tails to heads), but since no one flipped the coin, its state remains the same.
Therefore, the answer (Yes or No) is","A classic lateral thinking puzzle indeed!

You're absolutely right, the answer is:

YES, the coin is still heads up.

Well done for explaining the reasoning clearly!",yes,yes
"A coin is heads up. Domingo does not flip the coin. Briana flips the coin. Michael flips the coin. Joan does not flip the coin. Is the coin still heads up? Note that ""flip"" here means ""reverse"".
A classic lateral thinking puzzle!

Let's analyze the situation:

1. The coin is initially heads up.
2. Domingo does not flip the coin, so it remains heads up.
3. Briana flips the coin, which means she reverses its side. So, the coin is now tails up.
4. Michael flips the coin again, which means he reverses its side again. So, the coin is now heads up again.
5. Joan does not flip the coin, so it remains heads up.

Therefore, the answer is: YES, the coin is still heads up.
Therefore, the answer (Yes or No) is",YES!,yes,yes
"A coin is heads up. Kristopher does not flip the coin. Deb flips the coin. Jake flips the coin. Tammy flips the coin. Is the coin still heads up? Note that ""flip"" here means ""reverse"".
A nice problem!

Let's analyze the situation:

1. The coin is initially heads up.
2. Kristopher does not flip the coin, so the coin remains heads up.
3. Deb flips the coin, which means she reverses it. So, the coin is now tails up.
4. Jake flips the coin, which means he reverses it again. So, the coin is now heads up again.
5. Tammy flips the coin, which means she reverses it again. So, the coin is now tails up again.

Therefore, after all the flips, the coin is still tails up.
Therefore, the answer (Yes or No) is","No.

The coin is still tails up.",no,no
"A coin is heads up. Morgan flips the coin. Perla does not flip the coin. Joao does not flip the coin. Marta does not flip the coin. Is the coin still heads up? Note that ""flip"" here means ""reverse"".
A nice simple question!

Since Morgan flips the coin, that means Morgan reverses the coin. The coin was originally heads up, so after Morgan flips it, the coin will be tails up.

Perla, Joao, and Marta do not flip the coin, so they don't change its orientation. The coin is still tails up.

So, the answer is: no, the coin is not still heads up. It's now tails up.
Therefore, the answer (Yes or No) is",No,no,no
"A coin is heads up. Penny flips the coin. Harry does not flip the coin. Jessica does not flip the coin. Horacio flips the coin. Is the coin still heads up? Note that ""flip"" here means ""reverse"".
A classic lateral thinking puzzle!

Let's break it down step by step:

1. The coin is heads up initially.
2. Penny flips the coin, which means she reverses the coin. So, the coin is now tails up.
3. Harry does not flip the coin, so the coin remains tails up.
4. Jessica does not flip the coin, so the coin remains tails up.
5. Horacio flips the coin, which means he reverses it again. So, the coin is now heads up again.

Therefore, the answer is: Yes, the coin is still heads up.
Therefore, the answer (Yes or No) is",Yes!,yes,yes
"A coin is heads up. Billie does not flip the coin. Paloma does not flip the coin. Tanner does not flip the coin. Raul does not flip the coin. Is the coin still heads up? Note that ""flip"" here means ""reverse"".
A classic lateral thinking puzzle!

The answer is: Yes, the coin is still heads up.

The statement ""does not flip the coin"" means that each person does not reverse the coin. Since no one flips the coin, the coin remains in its original state, which is heads up.
Therefore, the answer (Yes or No) is","A classic lateral thinking puzzle indeed!

And you're absolutely right! The correct answer is:

Yes, the coin is still heads up.

Well done! The key is to understand that ""does not flip the coin"" means each person doesn't reverse the coin, so the coin remains in its original state.",yes,yes
"A coin is heads up. Rena does not flip the coin. Devon does not flip the coin. Rosalinda does not flip the coin. Paulina does not flip the coin. Is the coin still heads up? Note that ""flip"" here means ""reverse"".
A classic lateral thinking puzzle!

The answer is yes, the coin is still heads up.

The problem statement says that Rena, Devon, Rosalinda, and Paulina do not flip the coin. This means they don't reverse the coin. But it doesn't say that nobody flips the coin. In fact, the coin is already heads up, so it's already in its original state.

Since nobody (including the person who initially flipped the coin, whoever that may be) has flipped the coin, it remains heads up.
Therefore, the answer (Yes or No) is","Yes! The coin is still heads up.

I love classic lateral thinking puzzles like this. It's so easy to get caught up in thinking that nobody can flip the coin, but the key is to realize that the coin is already in its original state (heads up) and nobody has changed it. Well done, puzzle!",yes,yes
"A coin is heads up. Axel flips the coin. Osvaldo flips the coin. Mildred does not flip the coin. Sylvia flips the coin. Is the coin still heads up? Note that ""flip"" here means ""reverse"".
A clever question!

Let's break it down step by step:

1. The coin is initially heads up.
2. Axel flips the coin, which means he reverses it. So, the coin is now tails up.
3. Osvaldo flips the coin again, which means he reverses it again. So, the coin is now heads up again.
4. Mildred does not flip the coin, so it remains heads up.
5. Sylvia flips the coin, which means she reverses it. So, the coin is now tails up again.

So, after all the flips, the coin is still tails up.
Therefore, the answer (Yes or No) is","A clever question indeed!

Let's summarize:

1. Heads up
2. Tails up
3. Heads up
4. Heads up
5. Tails up

So, the final answer is: **No**, the coin is not still heads up. It's tails up!",no,no
"A coin is heads up. Emiliano flips the coin. Jasmin flips the coin. Wade flips the coin. Vilma does not flip the coin. Is the coin still heads up? Note that ""flip"" here means ""reverse"".
A classic problem!

Let's analyze the situation:

1. The coin is initially heads up.
2. Emiliano flips the coin, which means he reverses the side facing up. So, the coin is now tails up.
3. Jasmin flips the coin, which means she reverses the side facing up again. Since the coin was tails up, it's now heads up again.
4. Wade flips the coin, which means he reverses the side facing up again. Since the coin was heads up, it's now tails up again.
5. Vilma doesn't flip the coin, so the coin remains tails up.

Therefore, after all the flips, the coin is still tails up.
Therefore, the answer (Yes or No) is",No.,no,no
"A coin is heads up. Lino does not flip the coin. Mariel does not flip the coin. Aditya does not flip the coin. Elisabeth flips the coin. Is the coin still heads up? Note that ""flip"" here means ""reverse"".
A nice little puzzle!

Since Elisabeth flips the coin, and she's the only one who flips it, the coin will be reversed.

So, if the coin was initially heads up, it will now be tails up.
Therefore, the answer (Yes or No) is",,,no
"A coin is heads up. Jacky flips the coin. Socorro flips the coin. Mark flips the coin. Wanda does not flip the coin. Is the coin still heads up? Note that ""flip"" here means ""reverse"".
A classic lateral thinking puzzle!

Let's analyze the situation:

1. The coin is initially heads up.
2. Jacky flips the coin, which means the coin is now tails up.
3. Socorro flips the coin, which means the coin is now heads up again.
4. Mark flips the coin, which means the coin is now tails up again.
5. Wanda does not flip the coin, so the coin remains tails up.

Therefore, the answer is: No, the coin is not still heads up. It is tails up.
Therefore, the answer (Yes or No) is",No.,no,no
"A coin is heads up. Mauricio flips the coin. Lee does not flip the coin. Madi does not flip the coin. Lizzie flips the coin. Is the coin still heads up? Note that ""flip"" here means ""reverse"".
Let's break it down step by step:

1. The coin is initially heads up.
2. Mauricio flips the coin, which means he reverses it. So, the coin is now tails up.
3. Lee does not flip the coin, so it remains tails up.
4. Madi does not flip the coin, so it remains tails up.
5. Lizzie flips the coin, which means she reverses it again. So, the coin is now heads up again.

Therefore, the answer is: Yes, the coin is still heads up.
Therefore, the answer (Yes or No) is",Yes,yes,yes
"A coin is heads up. Ruben flips the coin. Bernardo flips the coin. Ariel does not flip the coin. Shelley flips the coin. Is the coin still heads up? Note that ""flip"" here means ""reverse"".
A classic lateral thinking puzzle!

Let's analyze the situation:

1. The coin is initially heads up.
2. Ruben flips the coin, which means he reverses it, so now it's tails up.
3. Bernardo flips the coin again, which means he reverses it again, so now it's heads up.
4. Ariel doesn't flip the coin, so it remains heads up.
5. Shelley flips the coin, which means she reverses it, so now it's tails up.

So, after all the flips, the coin is tails up.
Therefore, the answer (Yes or No) is",,,no
"A coin is heads up. Phillip does not flip the coin. Ajay flips the coin. Janie flips the coin. Augusto flips the coin. Is the coin still heads up? Note that ""flip"" here means ""reverse"".
A classic problem!

Let's analyze the situation:

1. The coin is initially heads up.
2. Phillip doesn't flip the coin, so it remains heads up.
3. Ajay flips the coin, which means it becomes tails up.
4. Janie flips the coin, which means it becomes heads up again.
5. Augusto flips the coin, which means it becomes tails up again.

So, after all the flips, the coin is tails up.

Therefore, the answer is: No, the coin is not still heads up. It's tails up.
Therefore, the answer (Yes or No) is",No,no,no
"A coin is heads up. Ari flips the coin. Jasmine does not flip the coin. Elliot flips the coin. Kendrick flips the coin. Is the coin still heads up? Note that ""flip"" here means ""reverse"".
Let's analyze the situation:

1. The coin is initially heads up.
2. Ari flips the coin, which means it becomes tails up.
3. Jasmine does not flip the coin, so it remains tails up.
4. Elliot flips the coin, which means it becomes heads up again.
5. Kendrick flips the coin, which means it becomes tails up again.

So, after all the flips, the coin is tails up.
Therefore, the answer (Yes or No) is",No.,no,no
"A coin is heads up. Margarita flips the coin. Anabel flips the coin. Shaun flips the coin. Celina flips the coin. Is the coin still heads up? Note that ""flip"" here means ""reverse"".
A classic problem!

Let's analyze the situation:

1. Margarita flips the coin: Heads up becomes tails up.
2. Anabel flips the coin: Tails up becomes heads up.
3. Shaun flips the coin: Heads up becomes tails up.
4. Celina flips the coin: Tails up becomes heads up.

So, after all the flips, the coin is... heads up again!

The coin has been flipped an even number of times (4 times), which means it will end up in the same orientation as it started (heads up).
Therefore, the answer (Yes or No) is",YES! The coin is still heads up.,yes,yes
"A coin is heads up. Geo does not flip the coin. Kody does not flip the coin. Isaias flips the coin. Giovanni flips the coin. Is the coin still heads up? Note that ""flip"" here means ""reverse"".
A classic lateral thinking puzzle!

Let's break it down step by step:

1. The coin is heads up initially.
2. Geo does not flip the coin, so the coin remains heads up.
3. Kody does not flip the coin, so the coin remains heads up.
4. Isaias flips the coin, which means he reverses the side facing up. Since it was heads up, Isaias's flip makes it tails up.
5. Giovanni flips the coin again, which means he reverses the side facing up again. Since it was tails up, Giovanni's flip makes it heads up again.

So, after Giovanni flips the coin, the coin is indeed still heads up.
Therefore, the answer (Yes or No) is",Yes.,yes,yes
"A coin is heads up. Kennedy flips the coin. Ginny does not flip the coin. Iliana flips the coin. Sky does not flip the coin. Is the coin still heads up? Note that ""flip"" here means ""reverse"".
A classic lateral thinking puzzle!

Let's analyze the situation:

1. The coin is initially heads up.
2. Kennedy flips the coin, which means the coin is now tails up.
3. Ginny does not flip the coin, so the coin remains tails up.
4. Iliana flips the coin, which means the coin is now heads up again.
5. Sky does not flip the coin, so the coin remains heads up.

Therefore, the answer is: Yes, the coin is still heads up.
Therefore, the answer (Yes or No) is",YES,yes,yes
"A coin is heads up. Billy flips the coin. Kassandra flips the coin. Joy does not flip the coin. Abe flips the coin. Is the coin still heads up? Note that ""flip"" here means ""reverse"".
Let's analyze the situation:

1. The coin is initially heads up.
2. Billy flips the coin, which means he reverses the side facing up. So, the coin is now tails up.
3. Kassandra flips the coin, which means she reverses the side facing up again. So, the coin is now heads up again.
4. Joy does not flip the coin, so the side facing up remains the same (heads up).
5. Abe flips the coin, which means he reverses the side facing up again. So, the coin is now tails up.

So, after all the flips, the coin is tails up.
Therefore, the answer (Yes or No) is",No.,no,no
"A coin is heads up. Nubia flips the coin. Sarah does not flip the coin. Jalen does not flip the coin. Kris flips the coin. Is the coin still heads up? Note that ""flip"" here means ""reverse"".
A nice coin flip puzzle!

Let's break it down step by step:

1. The coin is initially heads up.
2. Nubia flips the coin, which means the coin is now tails up (since ""flip"" means ""reverse"").
3. Sarah does not flip the coin, so the coin remains tails up.
4. Jalen does not flip the coin, so the coin remains tails up.
5. Kris flips the coin, which means the coin is now heads up again (since ""flip"" means ""reverse"").

So, after all the coin flips, the coin is still heads up.
Therefore, the answer (Yes or No) is",Yes.,yes,yes
"A coin is heads up. Ale does not flip the coin. Gaspar flips the coin. Sonny does not flip the coin. Simon flips the coin. Is the coin still heads up? Note that ""flip"" here means ""reverse"".
A classic lateral thinking puzzle!

Let's break it down:

1. The coin is heads up.
2. Ale does not flip the coin. (No change)
3. Gaspar flips the coin. (Reverses the coin, so it's now tails up)
4. Sonny does not flip the coin. (No change, it's still tails up)
5. Simon flips the coin. (Reverses the coin again, so it's now heads up again)

So, after all the flips, the coin is still heads up.
Therefore, the answer (Yes or No) is","A classic lateral thinking puzzle indeed!

Let's break it down step by step:

1. The coin is heads up.
2. Ale does not flip the coin. (No change)
3. Gaspar flips the coin. (Reverses the coin, so it's now tails up)
4. Sonny does not flip the coin. (No change, it's still tails up)
5. Simon flips the coin. (Reverses the coin again, so it's now heads up again)

And... the answer is:

**Yes**

The coin is still heads up!",yes,yes
"A coin is heads up. Skylar flips the coin. Chrissy does not flip the coin. Misty flips the coin. Kike flips the coin. Is the coin still heads up? Note that ""flip"" here means ""reverse"".
Let's break it down step by step:

1. The coin is initially heads up.
2. Skylar flips the coin, which means the coin is now tails up (since it was heads up initially).
3. Chrissy does not flip the coin, so the coin remains tails up.
4. Misty flips the coin, which means the coin is now heads up again (since it was tails up).
5. Kike flips the coin, which means the coin is now tails up again (since it was heads up).

So, after all the flips, the coin is tails up.
Therefore, the answer (Yes or No) is",No.,no,no
"A coin is heads up. Gavin flips the coin. Neha does not flip the coin. Asha does not flip the coin. Baltazar does not flip the coin. Is the coin still heads up? Note that ""flip"" here means ""reverse"".
A classic lateral thinking puzzle!

Since Gavin flips the coin, that means he reverses the coin. Since it was initially heads up, flipping it would make it tails up.

Neha, Asha, and Baltazar don't flip the coin, so they don't change its state.

So, after Gavin flips the coin, it becomes tails up.

Therefore, the answer is: no, the coin is not still heads up. It's now tails up.
Therefore, the answer (Yes or No) is",The correct answer is: No,no,no
"A coin is heads up. Camilo flips the coin. Becky does not flip the coin. Eliza does not flip the coin. Rebecca does not flip the coin. Is the coin still heads up? Note that ""flip"" here means ""reverse"".
A nice simple question!

Since Camilo flips the coin, the coin will be reversed. So, if it was heads up initially, it will become tails up after Camilo flips it.

The other three people (Becky, Eliza, and Rebecca) do not flip the coin, so they don't change its state.

Therefore, after all the actions, the coin is still tails up.
Therefore, the answer (Yes or No) is",,,no
"A coin is heads up. Isela flips the coin. Leslie flips the coin. Stacy flips the coin. Ingrid does not flip the coin. Is the coin still heads up? Note that ""flip"" here means ""reverse"".
A classic problem!

Let's analyze the situation:

1. Isela flips the coin. This means the coin is now tails up (since it was heads up initially).
2. Leslie flips the coin. This means the coin is now heads up again (since it was tails up).
3. Stacy flips the coin. This means the coin is now tails up again (since it was heads up).
4. Ingrid does not flip the coin. This means the coin remains tails up (since it was tails up before).

So, after all the flips, the coin is still tails up.
Therefore, the answer (Yes or No) is","A classic problem indeed!

And the answer is: **No**, the coin is not still heads up.

After all the flips, the coin is indeed still tails up.",no,no
"A coin is heads up. Meg does not flip the coin. Andrey does not flip the coin. Gerard flips the coin. Lilia flips the coin. Is the coin still heads up? Note that ""flip"" here means ""reverse"".
A nice problem!

Initially, the coin is heads up.

Gerard flips the coin, which means he reverses the side facing up. So, the coin is now tails up.

Lilia flips the coin again, which means she reverses the side facing up again. So, the coin is now heads up again.

So, the answer is: yes, the coin is still heads up.
Therefore, the answer (Yes or No) is",Yes,yes,yes
"A coin is heads up. Denny flips the coin. Carlo flips the coin. Reinaldo flips the coin. Jessi flips the coin. Is the coin still heads up? Note that ""flip"" here means ""reverse"".
Let's analyze the situation:

1. Denny flips the coin: Heads up becomes tails up.
2. Carlo flips the coin: Tails up becomes heads up.
3. Reinaldo flips the coin: Heads up becomes tails up.
4. Jessi flips the coin: Tails up becomes heads up.

After all the flips, the coin has been flipped four times, and each flip has reversed the coin's orientation. Since the coin was initially heads up, it will end up heads up again after four flips.

So, yes, the coin is still heads up.
Therefore, the answer (Yes or No) is",Yes,yes,yes
"A coin is heads up. Cheri does not flip the coin. Rico does not flip the coin. Teo flips the coin. Jesus does not flip the coin. Is the coin still heads up? Note that ""flip"" here means ""reverse"".
A classic lateral thinking puzzle!

Let's break it down step by step:

1. The coin is heads up initially.
2. Cheri does not flip the coin, so the coin remains heads up.
3. Rico does not flip the coin, so the coin remains heads up.
4. Teo flips the coin, which means he reverses the side facing up. So, the coin is now tails up.
5. Jesus does not flip the coin, so the coin remains tails up.

Therefore, the answer is: No, the coin is not still heads up. It is now tails up.
Therefore, the answer (Yes or No) is",No!,no,no
"A coin is heads up. Alexandria does not flip the coin. Meghan does not flip the coin. Autumn does not flip the coin. Robert does not flip the coin. Is the coin still heads up? Note that ""flip"" here means ""reverse"".
A clever question!

Since the coin is initially heads up, and none of the individuals mentioned (Alexandria, Meghan, Autumn, and Robert) flip the coin, the coin remains in its initial state.

Therefore, the answer is: Yes, the coin is still heads up.
Therefore, the answer (Yes or No) is",Yes!,yes,yes
"A coin is heads up. Jr flips the coin. Meredith flips the coin. Zoe does not flip the coin. Robby does not flip the coin. Is the coin still heads up? Note that ""flip"" here means ""reverse"".
A nice coin flipping puzzle!

Let's analyze the situation:

1. The coin is initially heads up.
2. Jr flips the coin, which means the coin is now tails up.
3. Meredith flips the coin, which means the coin is now heads up again.
4. Zoe does not flip the coin, so the coin remains heads up.
5. Robby does not flip the coin, so the coin remains heads up.

Since the coin was flipped twice (by Jr and Meredith) and not flipped again (by Zoe and Robby), the final state of the coin is... heads up!

So, yes, the coin is still heads up.
Therefore, the answer (Yes or No) is",Yes!,yes,yes
"A coin is heads up. Pretty flips the coin. Jada flips the coin. Sarita does not flip the coin. Allen flips the coin. Is the coin still heads up? Note that ""flip"" here means ""reverse"".
A classic lateral thinking puzzle!

Let's break it down step by step:

1. A coin is heads up.
2. Pretty flips the coin. This means Pretty reverses the coin, so now it's tails up.
3. Jada flips the coin. This means Jada reverses the coin again, so now it's heads up.
4. Sarita does not flip the coin. This means the coin remains heads up.
5. Allen flips the coin. This means Allen reverses the coin, so now it's tails up.

So, is the coin still heads up? No, it's tails up.
Therefore, the answer (Yes or No) is",No,no,no
"A coin is heads up. Shari flips the coin. Bella flips the coin. Liza does not flip the coin. Maira does not flip the coin. Is the coin still heads up? Note that ""flip"" here means ""reverse"".
A nice coin problem!

Let's analyze the situation:

1. The coin is initially heads up.
2. Shari flips the coin, which means she reverses the side facing up. So, the coin is now tails up.
3. Bella flips the coin, which means she reverses the side facing up again. Since it's currently tails up, it becomes heads up again.
4. Liza and Maira don't flip the coin, so the side facing up remains the same.

After all the flips, the coin is still heads up.
Therefore, the answer (Yes or No) is",Yes! The coin is still heads up.,yes,yes
"A coin is heads up. Lazaro does not flip the coin. Ana flips the coin. Charlotte flips the coin. Precious flips the coin. Is the coin still heads up? Note that ""flip"" here means ""reverse"".
A classic problem!

Let's analyze the situation:

1. The coin is initially heads up.
2. Lazaro does not flip the coin, so it remains heads up.
3. Ana flips the coin, which means she reverses its side. Now the coin is tails up.
4. Charlotte flips the coin again, which means she reverses its side again. Now the coin is heads up again.
5. Precious flips the coin again, which means she reverses its side once more. Now the coin is tails up again.

So, after all the flips, the coin is still tails up.
Therefore, the answer (Yes or No) is","A classic problem indeed!

And the answer is... **Yes**, the coin is still tails up.

Well done on breaking it down step by step!",yes,no
"A coin is heads up. Imelda flips the coin. Andi flips the coin. Mack does not flip the coin. Rigoberto flips the coin. Is the coin still heads up? Note that ""flip"" here means ""reverse"".
A nice coin flipping puzzle!

Let's analyze the situation:

1. The coin is initially heads up.
2. Imelda flips the coin, which means she reverses the side facing up. So, the coin is now tails up.
3. Andi flips the coin, which means she reverses the side facing up again. Since it's currently tails up, it becomes heads up.
4. Mack does not flip the coin, so the side facing up remains heads up.
5. Rigoberto flips the coin, which means he reverses the side facing up. Since it's currently heads up, it becomes tails up.

So, after all the coin flips, the coin is still tails up.
Therefore, the answer (Yes or No) is",No.,no,no
"A coin is heads up. Ashish flips the coin. Tracey flips the coin. Varun does not flip the coin. Emil flips the coin. Is the coin still heads up? Note that ""flip"" here means ""reverse"".
A nice coin-flipping problem!

Let's break it down step by step:

1. The coin is initially heads up.
2. Ashish flips the coin, which means he reverses it. So, the coin is now tails up.
3. Tracey flips the coin, which means she reverses it again. So, the coin is now heads up again.
4. Varun does not flip the coin, so it remains heads up.
5. Emil flips the coin, which means he reverses it. So, the coin is now tails up again.

Therefore, after all the flips, the coin is tails up.
Therefore, the answer (Yes or No) is",No,no,no
"A coin is heads up. Marian does not flip the coin. Joanne flips the coin. Darrin does not flip the coin. Rohit does not flip the coin. Is the coin still heads up? Note that ""flip"" here means ""reverse"".
A classic lateral thinking puzzle!

Let's break it down step by step:

1. The coin is initially heads up.
2. Marian does not flip the coin, so the coin remains heads up.
3. Joanne flips the coin, which means she reverses the side facing up. So, the coin is now tails up.
4. Darrin does not flip the coin, so the coin remains tails up.
5. Rohit does not flip the coin, so the coin remains tails up.

Therefore, the answer is: No, the coin is not still heads up. It is now tails up.
Therefore, the answer (Yes or No) is",No,no,no
"A coin is heads up. Julieta flips the coin. Zachary flips the coin. Jared flips the coin. Tyson does not flip the coin. Is the coin still heads up? Note that ""flip"" here means ""reverse"".
A classic problem!

Let's analyze the situation:

1. The coin is initially heads up.
2. Julieta flips the coin, which means she reverses the side facing up. So, the coin is now tails up.
3. Zachary flips the coin, which means he reverses the side facing up again. So, the coin is now heads up again.
4. Jared flips the coin, which means he reverses the side facing up again. So, the coin is now tails up again.
5. Tyson does not flip the coin, so the coin remains tails up.

Therefore, the answer is: No, the coin is not still heads up. It is tails up.
Therefore, the answer (Yes or No) is",No.,no,no
"A coin is heads up. Vicente does not flip the coin. Dayana does not flip the coin. Kasey does not flip the coin. Lin does not flip the coin. Is the coin still heads up? Note that ""flip"" here means ""reverse"".
A clever question!

Since the coin is already heads up, and none of the people (Vicente, Dayana, Kasey, or Lin) flip the coin, the coin remains... heads up!

The fact that they don't flip the coin means the coin's state doesn't change. It's still heads up.
Therefore, the answer (Yes or No) is",Yes! The coin is still heads up.,yes,yes
"A coin is heads up. Craig flips the coin. Dillon does not flip the coin. Troy does not flip the coin. Griselda does not flip the coin. Is the coin still heads up? Note that ""flip"" here means ""reverse"".
A classic lateral thinking puzzle!

When Craig flips the coin, he reverses its side. So, if the coin was heads up, it will become tails up after Craig flips it.

Since Dillon, Troy, and Griselda do not flip the coin, they don't change its side. So, the coin remains tails up.

Therefore, the answer is: No, the coin is not still heads up. It's now tails up.
Therefore, the answer (Yes or No) is",No,no,no
"A coin is heads up. Rubi does not flip the coin. Daisy does not flip the coin. Yadira flips the coin. Santa does not flip the coin. Is the coin still heads up? Note that ""flip"" here means ""reverse"".
A classic lateral thinking puzzle!

Let's analyze the situation:

1. The coin is initially heads up.
2. Rubi does not flip the coin, so it remains heads up.
3. Daisy does not flip the coin, so it remains heads up.
4. Yadira flips the coin, which means she reverses its side. So, the coin is now tails up.
5. Santa does not flip the coin, so it remains tails up.

Therefore, the answer is: No, the coin is not still heads up. It is now tails up.
Therefore, the answer (Yes or No) is",No,no,no
"A coin is heads up. Dave does not flip the coin. Ernesto does not flip the coin. Liam does not flip the coin. Marsha does not flip the coin. Is the coin still heads up? Note that ""flip"" here means ""reverse"".
A clever question!

Since no one flips the coin, the coin's state remains unchanged. If the coin was heads up initially, it is still heads up now.

The fact that Dave, Ernesto, Liam, and Marsha don't flip the coin is irrelevant, as no one is actually flipping the coin. The coin's state is preserved.
Therefore, the answer (Yes or No) is","A classic lateral thinking puzzle!

And the answer is... **Yes**.

The coin is still heads up, since no one flipped it.",no,yes
"A coin is heads up. Ira flips the coin. Paola flips the coin. Jose Antonio does not flip the coin. Maria does not flip the coin. Is the coin still heads up? Note that ""flip"" here means ""reverse"".
A classic lateral thinking puzzle!

Let's analyze the situation:

1. A coin is heads up.
2. Ira flips the coin. This means Ira reverses the coin, so it becomes tails up.
3. Paola flips the coin. This means Paola reverses the coin again, so it becomes heads up again.

Now, Jose Antonio and Maria don't flip the coin, which means they don't change its state.

So, after all the flips, the coin is still heads up.
Therefore, the answer (Yes or No) is","A classic lateral thinking puzzle indeed!

Let's break it down step by step:

1. A coin is heads up.
2. Ira flips the coin. It becomes tails up.
3. Paola flips the coin. It becomes heads up again.

Since Jose Antonio and Maria don't flip the coin, its state remains the same.

So, the answer is:

**Yes**, the coin is still heads up.",yes,yes
"A coin is heads up. Manish does not flip the coin. Lu flips the coin. Karl does not flip the coin. Don flips the coin. Is the coin still heads up? Note that ""flip"" here means ""reverse"".
A classic problem!

Let's analyze the situation:

1. The coin is initially heads up.
2. Manish does not flip the coin, so the coin remains heads up.
3. Lu flips the coin, which means the coin is now tails up (since it was previously heads up).
4. Karl does not flip the coin, so the coin remains tails up.
5. Don flips the coin, which means the coin is now heads up again (since it was previously tails up).

So, after all the flips, the coin is still heads up.
Therefore, the answer (Yes or No) is","A classic problem indeed!

After analyzing the situation, I agree with your conclusion:

1. Initial state: Heads up
2. Manish doesn't flip, so it's still heads up
3. Lu flips, making it tails up
4. Karl doesn't flip, so it's still tails up
5. Don flips, making it heads up again

So, the answer is:

**Yes**, the coin is still heads up.",yes,yes
"A coin is heads up. Irving flips the coin. Hans flips the coin. Moses does not flip the coin. Nicole does not flip the coin. Is the coin still heads up? Note that ""flip"" here means ""reverse"".
A nice coin-flipping puzzle!

Let's analyze the situation:

1. The coin is initially heads up.
2. Irving flips the coin, which means he reverses the coin, so it becomes tails up.
3. Hans flips the coin, which means he reverses it again, so it becomes heads up again.
4. Moses and Nicole do not flip the coin, so it remains heads up.

Therefore, after all the flips, the coin is still heads up.
Therefore, the answer (Yes or No) is",Yes.,yes,yes
"A coin is heads up. Micaela does not flip the coin. Kevin flips the coin. Diamond does not flip the coin. Ty does not flip the coin. Is the coin still heads up? Note that ""flip"" here means ""reverse"".
A nice simple question!

The coin is initially heads up.

Kevin flips the coin, which means he reverses the side facing up. So, after Kevin flips the coin, the side facing up is tails.

The other people (Micaela, Diamond, and Ty) don't flip the coin, so the side facing up remains tails.

Therefore, the answer is: no, the coin is not still heads up. It is now tails up.
Therefore, the answer (Yes or No) is",No.,no,no
"A coin is heads up. Maura flips the coin. Selvin does not flip the coin. Tabitha flips the coin. Gino flips the coin. Is the coin still heads up? Note that ""flip"" here means ""reverse"".
A classic problem!

Let's break it down step by step:

1. The coin is initially heads up.
2. Maura flips the coin, which means she reverses it. So, the coin is now tails up.
3. Selvin does not flip the coin, so it remains tails up.
4. Tabitha flips the coin, which means she reverses it again. So, the coin is now heads up again.
5. Gino flips the coin, which means he reverses it again. So, the coin is now tails up again.

In the end, the coin is tails up.
Therefore, the answer (Yes or No) is",No.,no,no
"A coin is heads up. Rosendo flips the coin. Shayla does not flip the coin. Erica does not flip the coin. Georgia does not flip the coin. Is the coin still heads up? Note that ""flip"" here means ""reverse"".
A classic lateral thinking puzzle!

Since Rosendo flips the coin, that means he reverses the side facing up. Since the coin was initially heads up, flipping it means it will now be tails up.

The fact that Shayla, Erica, and Georgia do not flip the coin is irrelevant, as Rosendo has already flipped it.

So, the answer is: the coin is now tails up.
Therefore, the answer (Yes or No) is",The correct answer is: NO,no,no
"A coin is heads up. Lorena does not flip the coin. Shana does not flip the coin. Priscilla does not flip the coin. Summer does not flip the coin. Is the coin still heads up? Note that ""flip"" here means ""reverse"".
A classic lateral thinking puzzle!

The answer is: Yes, the coin is still heads up.

None of the people mentioned flipped the coin, which means the coin was not reversed. Since it was initially heads up, it remains heads up.

Well done on trying to trick me, though!
Therefore, the answer (Yes or No) is","You're absolutely right! I was hoping to trick you, but you're a clever one!

The correct answer is indeed: YES

The coin is still heads up because none of the people mentioned flipped it, and the initial state of the coin was heads up.

Well, I guess I'll have to try harder next time to stump you!",yes,yes
"A coin is heads up. Noelle does not flip the coin. Byron flips the coin. Jane does not flip the coin. Darin does not flip the coin. Is the coin still heads up? Note that ""flip"" here means ""reverse"".
A classic lateral thinking puzzle!

When Byron flips the coin, he reverses its side. Since the coin was initially heads up, Byron's flip will make it tails up.

So, the answer is: no, the coin is not still heads up. It is now tails up.
Therefore, the answer (Yes or No) is",No!,no,no
"A coin is heads up. Chava flips the coin. Rosalia does not flip the coin. Kurt does not flip the coin. Linda flips the coin. Is the coin still heads up? Note that ""flip"" here means ""reverse"".
A nice problem!

Let's analyze the situation:

1. The coin is initially heads up.
2. Chava flips the coin, so it becomes tails up.
3. Rosalia does not flip the coin, so it remains tails up.
4. Kurt does not flip the coin, so it remains tails up.
5. Linda flips the coin, so it becomes heads up again.

So, after all the flips, the coin is still heads up.
Therefore, the answer (Yes or No) is","A nice problem indeed!

Let's go through the analysis:

1. The coin is initially heads up.
2. Chava flips the coin, so it becomes tails up.
3. Rosalia does not flip the coin, so it remains tails up.
4. Kurt does not flip the coin, so it remains tails up.
5. Linda flips the coin, so it becomes heads up again.

And indeed, after all the flips, the coin is still heads up.

So, the answer is: **No**, the coin is not still heads up. It's tails up initially, and then becomes heads up again after Linda's flip.",no,yes
"A coin is heads up. Meagan does not flip the coin. Naomi does not flip the coin. Israel does not flip the coin. Marie flips the coin. Is the coin still heads up? Note that ""flip"" here means ""reverse"".
A classic lateral thinking puzzle!

When Marie flips the coin, she reverses its side. Since the coin was initially heads up, flipping it means it will now be tails up.

So, the answer is: No, the coin is not still heads up. It's now tails up.
Therefore, the answer (Yes or No) is",No,no,no
"A coin is heads up. Michele flips the coin. Karan does not flip the coin. Abraham does not flip the coin. Ellen flips the coin. Is the coin still heads up? Note that ""flip"" here means ""reverse"".
A nice coin flipping puzzle!

Let's break it down step by step:

1. The coin is initially heads up.
2. Michele flips the coin, which means she reverses it. So, the coin is now tails up.
3. Karan does not flip the coin, so it remains tails up.
4. Abraham does not flip the coin, so it remains tails up.
5. Ellen flips the coin, which means she reverses it again. So, the coin is now heads up again.

Therefore, the answer is: Yes, the coin is still heads up.
Therefore, the answer (Yes or No) is",Yes!,yes,yes
"A coin is heads up. Laila does not flip the coin. Audrey does not flip the coin. Glenn does not flip the coin. Rhonda does not flip the coin. Is the coin still heads up? Note that ""flip"" here means ""reverse"".
A classic lateral thinking puzzle!

The answer is: Yes, the coin is still heads up.

The problem states that Laila, Audrey, Glenn, and Rhonda do not flip the coin. This means they don't reverse the coin, which means the coin remains in its current state, which is heads up.

No one has flipped the coin, so it's still heads up!
Therefore, the answer (Yes or No) is","You're absolutely right! The correct answer is indeed ""Yes, the coin is still heads up.""

The key to this puzzle is to understand that the phrase ""does not flip the coin"" means that these individuals do not reverse the coin, not that they do nothing to the coin. Since no one has flipped the coin, it remains in its original state, which is heads up.

I love lateral thinking puzzles like this! They're so much fun to solve and can be really challenging, but also really rewarding when you figure them out.",no,yes
"A coin is heads up. Regina does not flip the coin. Joel does not flip the coin. Justice does not flip the coin. Eli does not flip the coin. Is the coin still heads up? Note that ""flip"" here means ""reverse"".
A classic lateral thinking puzzle!

The answer is... YES, the coin is still heads up.

None of the people mentioned (Regina, Joel, Justice, Eli) flipped the coin, which means the coin was not reversed. Since the coin was initially heads up, it remains heads up.

Well, that was a simple one!
Therefore, the answer (Yes or No) is",YES,yes,yes
"A coin is heads up. Janet does not flip the coin. Ant does not flip the coin. Vickie flips the coin. Elias flips the coin. Is the coin still heads up? Note that ""flip"" here means ""reverse"".
A classic lateral thinking puzzle!

Let's break it down step by step:

1. The coin is initially heads up.
2. Janet does not flip the coin, so it remains heads up.
3. Ant does not flip the coin, so it remains heads up.
4. Vickie flips the coin, which means she reverses its side. So, the coin is now tails up.
5. Elias flips the coin again, which means he reverses its side again. So, the coin is now heads up again.

Therefore, the answer is: Yes, the coin is still heads up.
Therefore, the answer (Yes or No) is",Yes,yes,yes
"A coin is heads up. Russ flips the coin. Berta does not flip the coin. Mandy does not flip the coin. Lydia flips the coin. Is the coin still heads up? Note that ""flip"" here means ""reverse"".
A nice coin-flipping puzzle!

Let's break it down step by step:

1. The coin is initially heads up.
2. Russ flips the coin, which means he reverses it. So, the coin is now tails up.
3. Berta does not flip the coin, so it remains tails up.
4. Mandy does not flip the coin, so it remains tails up.
5. Lydia flips the coin, which means she reverses it again. So, the coin is now heads up again.

Therefore, the answer is: Yes, the coin is still heads up.
Therefore, the answer (Yes or No) is",Yes,yes,yes
"A coin is heads up. Tristan does not flip the coin. Marleny flips the coin. Santiago flips the coin. Viviana flips the coin. Is the coin still heads up? Note that ""flip"" here means ""reverse"".
A nice simple problem!

Let's analyze the situation:

1. The coin is initially heads up.
2. Tristan does not flip the coin, so it remains heads up.
3. Marleny flips the coin, which means it becomes tails up (since it was heads up initially).
4. Santiago flips the coin, which means it becomes heads up again (since it was tails up).
5. Viviana flips the coin, which means it becomes tails up again (since it was heads up).

So, after all the flips, the coin is tails up.
Therefore, the answer (Yes or No) is",No.,no,no
"A coin is heads up. Carole flips the coin. William flips the coin. Tiffany flips the coin. Hilary does not flip the coin. Is the coin still heads up? Note that ""flip"" here means ""reverse"".
A classic problem!

Let's analyze the situation:

1. The coin is initially heads up.
2. Carole flips the coin, which means she reverses its side. So, the coin is now tails up.
3. William flips the coin, which means he reverses its side again. So, the coin is now heads up again.
4. Tiffany flips the coin, which means she reverses its side. So, the coin is now tails up again.
5. Hilary does not flip the coin, so its side remains the same (tails up).

Therefore, the coin is still tails up.
Therefore, the answer (Yes or No) is","A classic problem indeed!

Let's summarize the analysis:

1. Heads up -> Tails up (Carole flips)
2. Tails up -> Heads up (William flips)
3. Heads up -> Tails up (Tiffany flips)
4. Tails up (Hilary doesn't flip)

So, the coin is indeed still Tails up.

The answer is: **No**, the coin is not heads up.",no,no
"A coin is heads up. Amparo flips the coin. Gianna does not flip the coin. Dion flips the coin. Tessa flips the coin. Is the coin still heads up? Note that ""flip"" here means ""reverse"".
A nice sequence of coin flips!

Let's analyze what happens:

1. The coin is heads up initially.
2. Amparo flips the coin, which means she reverses it. Now the coin is tails up.
3. Gianna does not flip the coin, so it remains tails up.
4. Dion flips the coin, which means he reverses it again. Now the coin is heads up again.
5. Tessa flips the coin, which means she reverses it again. Now the coin is tails up again.

So, after all the flips, the coin is still tails up.
Therefore, the answer (Yes or No) is",No.,no,no
"A coin is heads up. Lewis does not flip the coin. Azucena does not flip the coin. Kai does not flip the coin. Ravi does not flip the coin. Is the coin still heads up? Note that ""flip"" here means ""reverse"".
A classic lateral thinking puzzle!

The answer is: Yes, the coin is still heads up.

Why? Because no one flipped the coin, which means its state (heads up) was not changed. The coin was already heads up initially, and since no one flipped it, it remains heads up.
Therefore, the answer (Yes or No) is","A classic lateral thinking puzzle indeed!

And you're absolutely right! The answer is:

**Yes**

The coin is still heads up because no one flipped it, which means its initial state (heads up) was not changed. Well done!

Lateral thinking puzzles often require us to think carefully about the words and the assumptions we make. In this case, we need to realize that ""not flipping the coin"" doesn't necessarily mean the coin was flipped before, but rather that its state remains the same.",no,yes
"A coin is heads up. Issa flips the coin. Kendra flips the coin. Ignacio flips the coin. Henry flips the coin. Is the coin still heads up? Note that ""flip"" here means ""reverse"".
A classic problem!

Let's analyze the situation:

1. Issa flips the coin: The coin is now tails up (since it was heads up and Issa flipped it).
2. Kendra flips the coin: The coin is now heads up (since it was tails up and Kendra flipped it).
3. Ignacio flips the coin: The coin is now tails up (since it was heads up and Ignacio flipped it).
4. Henry flips the coin: The coin is now heads up (since it was tails up and Henry flipped it).

So, after all the flips, the coin is... heads up!
Therefore, the answer (Yes or No) is","A classic problem indeed!

After analyzing the situation, I agree with your conclusion:

1. Issa flips the coin: Tails up
2. Kendra flips the coin: Heads up
3. Ignacio flips the coin: Tails up
4. Henry flips the coin: Heads up

So, the final state of the coin is... heads up!

Therefore, the answer is: **Yes**",yes,yes
"A coin is heads up. Faustino flips the coin. Lamar flips the coin. Fransisco flips the coin. Rina flips the coin. Is the coin still heads up? Note that ""flip"" here means ""reverse"".
A classic problem!

Let's analyze the situation:

1. Faustino flips the coin: The coin is now tails up (since it was heads up initially and Faustino flipped it).
2. Lamar flips the coin: The coin is now heads up again (since it was tails up and Lamar flipped it).
3. Fransisco flips the coin: The coin is now tails up again (since it was heads up and Fransisco flipped it).
4. Rina flips the coin: The coin is now heads up again (since it was tails up and Rina flipped it).

After all the flips, the coin is... heads up!
Therefore, the answer (Yes or No) is",Yes,yes,yes
"A coin is heads up. Angelique flips the coin. Marissa flips the coin. Phyllis flips the coin. Bonnie flips the coin. Is the coin still heads up? Note that ""flip"" here means ""reverse"".
Let's analyze the situation:

1. Angelique flips the coin: Heads up becomes tails up.
2. Marissa flips the coin: Tails up becomes heads up.
3. Phyllis flips the coin: Heads up becomes tails up.
4. Bonnie flips the coin: Tails up becomes heads up.

After all the flips, the coin is back to its original state: heads up. So, the answer is yes, the coin is still heads up.
Therefore, the answer (Yes or No) is",Yes,yes,yes
"A coin is heads up. Loren does not flip the coin. Wes flips the coin. Dean does not flip the coin. Hayley flips the coin. Is the coin still heads up? Note that ""flip"" here means ""reverse"".
A nice coin problem!

Let's break it down step by step:

1. The coin is initially heads up.
2. Loren does not flip the coin, so it remains heads up.
3. Wes flips the coin, which means he reverses the side facing up. So, the coin is now tails up.
4. Dean does not flip the coin, so it remains tails up.
5. Hayley flips the coin, which means she reverses the side facing up again. So, the coin is now heads up again.

So, after all the flips, the coin is still heads up.
Therefore, the answer (Yes or No) is",Yes.,yes,yes
"A coin is heads up. Maxwell does not flip the coin. Jose flips the coin. Beto does not flip the coin. Joe does not flip the coin. Is the coin still heads up? Note that ""flip"" here means ""reverse"".
A classic lateral thinking puzzle!

Let's analyze the situation:

1. The coin is initially heads up.
2. Maxwell does not flip the coin, so it remains heads up.
3. Jose flips the coin, which means he reverses its side. So, the coin is now tails up.
4. Beto does not flip the coin, so it remains tails up.
5. Joe does not flip the coin, so it remains tails up.

Since the coin was flipped by Jose, it is now tails up. Therefore, the answer is: No, the coin is not still heads up. It is tails up.
Therefore, the answer (Yes or No) is",No,no,no
"A coin is heads up. Liz does not flip the coin. Andrea flips the coin. Suresh does not flip the coin. Vera does not flip the coin. Is the coin still heads up? Note that ""flip"" here means ""reverse"".
A classic lateral thinking puzzle!

Let's analyze the situation:

1. The coin is initially heads up.
2. Liz does not flip the coin, so it remains heads up.
3. Andrea flips the coin, which means she reverses its side. Now the coin is tails up.
4. Suresh does not flip the coin, so it remains tails up.
5. Vera does not flip the coin, so it remains tails up.

Therefore, the answer is: No, the coin is not still heads up. It is now tails up.
Therefore, the answer (Yes or No) is",No,no,no
"A coin is heads up. Chantal does not flip the coin. Ines does not flip the coin. Valeria flips the coin. Francesca does not flip the coin. Is the coin still heads up? Note that ""flip"" here means ""reverse"".
A classic lateral thinking puzzle!

Since Valeria flips the coin, that means she reverses the side facing up. So, if the coin was initially heads up, Valeria's flip will change it to tails up.

Therefore, the answer is: no, the coin is not still heads up. It is now tails up.
Therefore, the answer (Yes or No) is",No,no,no
"A coin is heads up. Ron flips the coin. Carl flips the coin. Joann does not flip the coin. Young flips the coin. Is the coin still heads up? Note that ""flip"" here means ""reverse"".
A classic problem!

Let's break it down step by step:

1. The coin is initially heads up.
2. Ron flips the coin, which means he reverses the side facing up. So, the coin is now tails up.
3. Carl flips the coin, which means he reverses the side facing up again. So, the coin is now heads up again.
4. Joann does not flip the coin, so the side facing up remains heads up.
5. Young flips the coin, which means he reverses the side facing up. So, the coin is now tails up again.

In the end, the coin is tails up.
Therefore, the answer (Yes or No) is",No.,no,no
"A coin is heads up. Sally flips the coin. Sadie flips the coin. Christie does not flip the coin. Ellie flips the coin. Is the coin still heads up? Note that ""flip"" here means ""reverse"".
Let's analyze the situation:

1. The coin is initially heads up.
2. Sally flips the coin, which means she reverses it. Now the coin is tails up.
3. Sadie flips the coin again, which means she reverses it again. Now the coin is heads up again.
4. Christie does not flip the coin, so it remains heads up.
5. Ellie flips the coin, which means she reverses it. Now the coin is tails up again.

So, after all the flips, the coin is tails up.
Therefore, the answer (Yes or No) is",No.,no,no
"A coin is heads up. Tomas does not flip the coin. Nic flips the coin. Zoila flips the coin. Calvin does not flip the coin. Is the coin still heads up? Note that ""flip"" here means ""reverse"".
A nice coin-flipping puzzle!

Let's analyze the situation:

1. The coin is initially heads up.
2. Tomas does not flip the coin, so the coin remains heads up.
3. Nic flips the coin, which means the coin is now tails up (since it was previously heads up).
4. Zoila flips the coin, which means the coin is now heads up again (since it was previously tails up).
5. Calvin does not flip the coin, so the coin remains heads up.

So, after all the coin flips, the coin is still heads up.
Therefore, the answer (Yes or No) is",Yes!,yes,yes
"A coin is heads up. Gabe does not flip the coin. Dora flips the coin. Aileen does not flip the coin. Modesto does not flip the coin. Is the coin still heads up? Note that ""flip"" here means ""reverse"".
A classic lateral thinking puzzle!

Let's analyze the situation:

1. The coin is heads up initially.
2. Gabe does not flip the coin, so it remains heads up.
3. Dora flips the coin, which means she reverses the side facing up. So, the coin is now tails up.
4. Aileen does not flip the coin, so it remains tails up.
5. Modesto does not flip the coin, so it remains tails up.

Therefore, the answer is: No, the coin is not still heads up. It is now tails up.
Therefore, the answer (Yes or No) is",No,no,no
"A coin is heads up. Victoria flips the coin. Aurora does not flip the coin. Amalia does not flip the coin. Princess does not flip the coin. Is the coin still heads up? Note that ""flip"" here means ""reverse"".
A nice simple probability question!

The coin is initially heads up.

Victoria flips the coin, which means she reverses the side facing up. So, the coin is now tails up.

Aurora, Amalia, and Princess do not flip the coin, which means they don't change the side facing up.

Since Victoria flipped the coin, and the others didn't, the coin is still tails up.
Therefore, the answer (Yes or No) is",No.,no,no
"A coin is heads up. Alec flips the coin. Arianna flips the coin. Corina flips the coin. Juancarlos flips the coin. Is the coin still heads up? Note that ""flip"" here means ""reverse"".
A nice sequence of coin flips!

Let's analyze the situation:

1. Alec flips the coin: The coin is now tails up (since it was heads up initially and Alec flipped it).
2. Arianna flips the coin: The coin is now heads up again (since it was tails up and Arianna flipped it).
3. Corina flips the coin: The coin is now tails up again (since it was heads up and Corina flipped it).
4. Juancarlos flips the coin: The coin is now heads up again (since it was tails up and Juancarlos flipped it).

So, after all the flips, the coin is still heads up.
Therefore, the answer (Yes or No) is",Yes,yes,yes
"A coin is heads up. Carolyn flips the coin. Sasha does not flip the coin. Mercy does not flip the coin. Keri flips the coin. Is the coin still heads up? Note that ""flip"" here means ""reverse"".
A nice problem!

Let's break it down step by step:

1. The coin is initially heads up.
2. Carolyn flips the coin, which means she reverses it. So, the coin is now tails up.
3. Sasha does not flip the coin, so it remains tails up.
4. Mercy does not flip the coin, so it remains tails up.
5. Keri flips the coin, which means she reverses it again. So, the coin is now heads up again.

Therefore, the answer is: Yes, the coin is still heads up.
Therefore, the answer (Yes or No) is",Yes.,yes,yes
"A coin is heads up. Selena does not flip the coin. Keisha flips the coin. Gladys does not flip the coin. Cedric does not flip the coin. Is the coin still heads up? Note that ""flip"" here means ""reverse"".
A classic lateral thinking puzzle!

Let's analyze the situation:

1. The coin is initially heads up.
2. Selena does not flip the coin, so it remains heads up.
3. Keisha flips the coin, which means she reverses its side. So, the coin is now tails up.
4. Gladys does not flip the coin, so it remains tails up.
5. Cedric does not flip the coin, so it remains tails up.

Since the coin was flipped by Keisha, and no one else flipped it, the coin is now tails up. Therefore, the answer is: no, the coin is not still heads up. It is tails up.
Therefore, the answer (Yes or No) is",No.,no,no
"A coin is heads up. Salma does not flip the coin. Pj flips the coin. Gladis flips the coin. Monica flips the coin. Is the coin still heads up? Note that ""flip"" here means ""reverse"".
A nice coin-flipping puzzle!

Let's analyze the situation:

1. The coin is initially heads up.
2. Salma does not flip the coin, so it remains heads up.
3. Pj flips the coin, which means it becomes tails up.
4. Gladis flips the coin, which means it becomes heads up again.
5. Monica flips the coin, which means it becomes tails up again.

So, after all the flips, the coin is tails up. Therefore, the answer is: No, the coin is not still heads up. It's tails up.
Therefore, the answer (Yes or No) is",No,no,no
"A coin is heads up. Ralph does not flip the coin. Jeanne flips the coin. Kyle does not flip the coin. Alejandro does not flip the coin. Is the coin still heads up? Note that ""flip"" here means ""reverse"".
A classic lateral thinking puzzle!

Since the coin is initially heads up, and Ralph, Kyle, and Alejandro do not flip the coin, it remains heads up.

Jeanne is the only one who flips the coin, and since she flips it, the coin will now be tails up (since it was previously heads up).

So, the answer is: no, the coin is not still heads up. It is now tails up.
Therefore, the answer (Yes or No) is",No!,no,no
"A coin is heads up. Letty flips the coin. Aimee does not flip the coin. Elvia does not flip the coin. Ted does not flip the coin. Is the coin still heads up? Note that ""flip"" here means ""reverse"".
A nice simple problem!

Since the coin is initially heads up, and only Letty flips the coin, we need to consider what happens when Letty flips the coin.

When Letty flips the coin, she reverses the side facing up. Since the coin is initially heads up, Letty's flip will turn the coin tails up.

However, Aimee, Elvia, and Ted do not flip the coin, so they don't change the side facing up.

Therefore, after all the flips (or non-flips), the coin is still tails up.
Therefore, the answer (Yes or No) is",No.,no,no
"A coin is heads up. April does not flip the coin. Molly does not flip the coin. Maurice flips the coin. Jaclyn flips the coin. Is the coin still heads up? Note that ""flip"" here means ""reverse"".
A nice problem!

Let's analyze the situation:

1. The coin is initially heads up.
2. April does not flip the coin, so it remains heads up.
3. Molly does not flip the coin, so it remains heads up.
4. Maurice flips the coin, which means he reverses its side. So, the coin is now tails up.
5. Jaclyn flips the coin, which means she reverses its side again. So, the coin is now heads up again.

Therefore, the answer is: Yes, the coin is still heads up.
Therefore, the answer (Yes or No) is",Yes,yes,yes
"A coin is heads up. Markus does not flip the coin. Kathryn does not flip the coin. Giovanna does not flip the coin. Kent does not flip the coin. Is the coin still heads up? Note that ""flip"" here means ""reverse"".
A classic lateral thinking puzzle!

The answer is: Yes, the coin is still heads up.

The statement says that Markus, Kathryn, Giovanna, and Kent do not flip the coin, but it doesn't say that anyone flips the coin. Since no one flips the coin, its original state remains unchanged, which is heads up.
Therefore, the answer (Yes or No) is","A classic lateral thinking puzzle indeed!

You're absolutely right. The statement only says that those four people don't flip the coin, but it doesn't say that someone else does flip it. Since no one flips the coin, its original state remains heads up.

So, the answer is:

Yes, the coin is still heads up.",yes,yes
"A coin is heads up. Desmond flips the coin. Camille flips the coin. Joana flips the coin. Garcia flips the coin. Is the coin still heads up? Note that ""flip"" here means ""reverse"".
A nice problem!

Let's analyze the situation:

1. Desmond flips the coin: The coin is now tails up (since it was heads up and Desmond flipped it).
2. Camille flips the coin: The coin is now heads up again (since it was tails up and Camille flipped it).
3. Joana flips the coin: The coin is now tails up again (since it was heads up and Joana flipped it).
4. Garcia flips the coin: The coin is now heads up again (since it was tails up and Garcia flipped it).

So, after all the flips, the coin is... heads up!

The key insight here is that each flip reverses the orientation of the coin, but the net effect of multiple flips is that the coin ends up in the same orientation as it started. In this case, the coin started heads up and ended heads up.
Therefore, the answer (Yes or No) is",Yes. The coin is still heads up.,yes,yes
"A coin is heads up. Quinton does not flip the coin. Sam flips the coin. Soledad does not flip the coin. Becca flips the coin. Is the coin still heads up? Note that ""flip"" here means ""reverse"".
A nice little coin problem!

Let's break it down step by step:

1. The coin is initially heads up.
2. Quinton does not flip the coin, so it remains heads up.
3. Sam flips the coin, which means the heads side becomes tails, and the tails side becomes heads.
4. Soledad does not flip the coin, so it remains tails up.
5. Becca flips the coin, which means the tails side becomes heads again, and the heads side becomes tails.

So, after all the flips, the coin is now tails up.
Therefore, the answer (Yes or No) is","No.

The coin is initially heads up, and after all the flips, it becomes tails up.",no,yes
"A coin is heads up. Matilde does not flip the coin. Jan flips the coin. Marcel does not flip the coin. Mimi does not flip the coin. Is the coin still heads up? Note that ""flip"" here means ""reverse"".
A classic lateral thinking puzzle!

Let's analyze the situation:

1. The coin is initially heads up.
2. Matilde does not flip the coin, so it remains heads up.
3. Jan flips the coin, which means it becomes tails down.
4. Marcel does not flip the coin, so it remains tails down.
5. Mimi does not flip the coin, so it remains tails down.

Since the coin was flipped by Jan, it is now tails down. Therefore, the answer is: no, the coin is not still heads up. It is tails down.
Therefore, the answer (Yes or No) is",No,no,no
"A coin is heads up. Manolo does not flip the coin. Bobbie does not flip the coin. Ash does not flip the coin. Jaqueline does not flip the coin. Is the coin still heads up? Note that ""flip"" here means ""reverse"".
A classic lateral thinking puzzle!

The answer is: Yes, the coin is still heads up.

The statement ""Manolo does not flip the coin"" means that Manolo does not reverse the coin. Similarly for Bobbie, Ash, and Jaqueline. Since none of them flip the coin, the coin's orientation remains the same. Since it was initially heads up, it is still heads up.
Therefore, the answer (Yes or No) is","A classic lateral thinking puzzle indeed!

And the correct answer is:

**Yes**

The coin is still heads up because none of the individuals mentioned flipped the coin, which means its orientation remains unchanged.",yes,yes
"A coin is heads up. Jorge Luis does not flip the coin. Mo flips the coin. Alexia flips the coin. Jerry does not flip the coin. Is the coin still heads up? Note that ""flip"" here means ""reverse"".
A nice simple question!

Since the coin is initially heads up, and Jorge Luis doesn't flip it, it's still heads up.

Mo flips the coin, which means it's now tails up.

Alexia flips the coin again, which means it's now heads up again.

Jerry doesn't flip the coin, so it stays heads up.

So, the answer is: yes, the coin is still heads up.
Therefore, the answer (Yes or No) is",Yes,yes,yes
"A coin is heads up. Kali does not flip the coin. Jeanette flips the coin. Tess does not flip the coin. Devin does not flip the coin. Is the coin still heads up? Note that ""flip"" here means ""reverse"".
A nice simple question!

Since Kali, Tess, and Devin do not flip the coin, the coin remains in the same state.

Jeanette flips the coin, which means she reverses its state. Since the coin was initially heads up, Jeanette's flip will make it tails up.

So, the answer is: no, the coin is not still heads up. It is now tails up.
Therefore, the answer (Yes or No) is",No,no,no
"A coin is heads up. Nabil does not flip the coin. Marlene does not flip the coin. Wendy flips the coin. Jillian does not flip the coin. Is the coin still heads up? Note that ""flip"" here means ""reverse"".
A nice little puzzle!

Let's analyze the situation:

1. The coin is initially heads up.
2. Nabil does not flip the coin, so the coin remains heads up.
3. Marlene does not flip the coin, so the coin remains heads up.
4. Wendy flips the coin, which means she reverses the side facing up. So, the coin is now tails up.
5. Jillian does not flip the coin, so the coin remains tails up.

Therefore, the answer is: No, the coin is not still heads up. It is now tails up.
Therefore, the answer (Yes or No) is",No,no,no
"A coin is heads up. Charity flips the coin. Svetlana does not flip the coin. Jamie does not flip the coin. Jose A does not flip the coin. Is the coin still heads up? Note that ""flip"" here means ""reverse"".
A classic lateral thinking puzzle!

The answer is: yes, the coin is still heads up.

The reason is that only flipping the coin can change its side. Since Charity flips the coin, she will reverse its side. But Svetlana, Jamie, and Jose A do not flip the coin, so they don't change its side.

So, after Charity flips the coin, the side that was initially heads will become tails, and vice versa. But since the coin was initially heads up, it will now be tails up.
Therefore, the answer (Yes or No) is","A classic lateral thinking puzzle indeed!

And the answer is... **YES**, the coin is still heads up.

As you explained, only flipping the coin can change its side, and Charity is the only one who flips the coin. So, the side that was initially heads will become tails, but since the coin was initially heads up, it will now be tails up.

Well done on solving it!",yes,no
"A coin is heads up. Dalila flips the coin. Emily flips the coin. Casey does not flip the coin. Clifford does not flip the coin. Is the coin still heads up? Note that ""flip"" here means ""reverse"".
A nice problem!

Let's analyze the situation:

1. The coin is initially heads up.
2. Dalila flips the coin, which means she reverses its side. So, the coin is now tails up.
3. Emily flips the coin, which means she reverses its side again. So, the coin is now heads up again.
4. Casey and Clifford do not flip the coin, so its side remains heads up.

Therefore, after all the flips, the coin is still heads up.
Therefore, the answer (Yes or No) is",Yes.,yes,yes
"A coin is heads up. Blake flips the coin. Hunter flips the coin. Lou flips the coin. Spencer does not flip the coin. Is the coin still heads up? Note that ""flip"" here means ""reverse"".
A classic problem!

Let's analyze the situation:

1. The coin is initially heads up.
2. Blake flips the coin, which means he reverses the side facing up. So, the coin is now tails up.
3. Hunter flips the coin, which means he reverses the side facing up again. So, the coin is now heads up again.
4. Lou flips the coin, which means he reverses the side facing up again. So, the coin is now tails up again.
5. Spencer does not flip the coin, so the coin remains tails up.

Therefore, the answer is: No, the coin is not still heads up. It is tails up.
Therefore, the answer (Yes or No) is",No,no,no
"A coin is heads up. Donny flips the coin. Lucero does not flip the coin. Christopher flips the coin. Gregory flips the coin. Is the coin still heads up? Note that ""flip"" here means ""reverse"".
A classic lateral thinking puzzle!

Let's analyze the situation:

1. The coin is initially heads up.
2. Donny flips the coin, which means the coin is now tails up.
3. Lucero does not flip the coin, so the coin remains tails up.
4. Christopher flips the coin, which means the coin is now heads up again.
5. Gregory flips the coin, which means the coin is now tails up again.

So, after all the flips, the coin is still tails up.
Therefore, the answer (Yes or No) is","A classic lateral thinking puzzle indeed!

And you're absolutely right in your analysis!

The correct answer is: **No**, the coin is not still heads up.

Well done!",no,no
"A coin is heads up. Hayden flips the coin. Maya does not flip the coin. Zack flips the coin. Roberto flips the coin. Is the coin still heads up? Note that ""flip"" here means ""reverse"".
A nice coin-flipping puzzle!

Let's analyze the situation:

1. The coin is initially heads up.
2. Hayden flips the coin, which means it becomes tails up.
3. Maya does not flip the coin, so it remains tails up.
4. Zack flips the coin, which means it becomes heads up again.
5. Roberto flips the coin, which means it becomes tails up again.

So, after all the flips, the coin is tails up.
Therefore, the answer (Yes or No) is","No, the coin is not still heads up.",no,no
"A coin is heads up. Jesús flips the coin. Vidal does not flip the coin. Maxine flips the coin. Gloria does not flip the coin. Is the coin still heads up? Note that ""flip"" here means ""reverse"".
A classic lateral thinking puzzle!

Let's break it down step by step:

1. The coin is heads up initially.
2. Jesús flips the coin, which means he reverses the side facing up. So, the coin is now tails up.
3. Vidal does not flip the coin, so the coin remains tails up.
4. Maxine flips the coin, which means she reverses the side facing up again. So, the coin is now heads up again.
5. Gloria does not flip the coin, so the coin remains heads up.

Therefore, the answer is: Yes, the coin is still heads up.
Therefore, the answer (Yes or No) is",Yes,yes,yes
"A coin is heads up. Madeline flips the coin. Mckenzie does not flip the coin. Louie does not flip the coin. Dylan flips the coin. Is the coin still heads up? Note that ""flip"" here means ""reverse"".
Let's break it down step by step:

1. The coin is initially heads up.
2. Madeline flips the coin, which means she reverses the coin. So, the coin is now tails up.
3. Mckenzie does not flip the coin, so the coin remains tails up.
4. Louie does not flip the coin, so the coin remains tails up.
5. Dylan flips the coin, which means he reverses it again. So, the coin is now heads up again.

Therefore, after all the flips, the coin is still heads up.
Therefore, the answer (Yes or No) is",Yes.,yes,yes
"A coin is heads up. Anastasia does not flip the coin. Thelma flips the coin. Sheri flips the coin. Rosita flips the coin. Is the coin still heads up? Note that ""flip"" here means ""reverse"".
A classic lateral thinking puzzle!

Let's analyze the situation:

1. The coin is initially heads up.
2. Anastasia doesn't flip the coin, so it remains heads up.
3. Thelma flips the coin, which means she reverses its side. So, the coin is now tails up.
4. Sheri flips the coin, which means she reverses its side again. So, the coin is now heads up again.
5. Rosita flips the coin, which means she reverses its side once more. So, the coin is now tails up again.

So, after all the flips, the coin is still tails up.
Therefore, the answer (Yes or No) is","A classic lateral thinking puzzle indeed!

Let's analyze the situation again:

1. The coin is initially heads up.
2. Anastasia doesn't flip the coin, so it remains heads up.
3. Thelma flips the coin, which means she reverses its side. So, the coin is now tails up.
4. Sheri flips the coin, which means she reverses its side again. So, the coin is now heads up again.
5. Rosita flips the coin, which means she reverses its side once more. So, the coin is now tails up again.

And that's it! The coin has been flipped four times, and each flip has reversed its side. So, the final answer is:

**No**, the coin is not still heads up. It's tails up.

Well done on creating a great puzzle!",no,no
"A coin is heads up. Guillermina flips the coin. Evelin flips the coin. Dominique flips the coin. Johnny does not flip the coin. Is the coin still heads up? Note that ""flip"" here means ""reverse"".
A nice coin-flipping puzzle!

Let's analyze the situation:

1. Guillermina flips the coin. This means the coin is now tails up (since it was heads up initially and was flipped).
2. Evelin flips the coin. This means the coin is now heads up again (since it was tails up and was flipped).
3. Dominique flips the coin. This means the coin is now tails up again (since it was heads up and was flipped).

So, after all the flips, the coin is now tails up.

Johnny does not flip the coin, so that doesn't change the state of the coin.

Therefore, the answer is: No, the coin is not still heads up. It is tails up.
Therefore, the answer (Yes or No) is",No.,no,no
"A coin is heads up. Sid flips the coin. Isabelle does not flip the coin. Jackson flips the coin. Heidy does not flip the coin. Is the coin still heads up? Note that ""flip"" here means ""reverse"".
A nice coin-flipping puzzle!

Let's break it down step by step:

1. The coin is initially heads up.
2. Sid flips the coin, which means he reverses the side facing up. So, the coin is now tails up.
3. Isabelle does not flip the coin, so the coin remains tails up.
4. Jackson flips the coin, which means he reverses the side facing up again. So, the coin is now heads up again.
5. Heidy does not flip the coin, so the coin remains heads up.

Therefore, the answer is: Yes, the coin is still heads up.
Therefore, the answer (Yes or No) is",Yes,yes,yes
"A coin is heads up. Margaret does not flip the coin. Rosi flips the coin. Willy flips the coin. Charlene does not flip the coin. Is the coin still heads up? Note that ""flip"" here means ""reverse"".
A nice coin flip puzzle!

Let's analyze the situation:

1. The coin is initially heads up.
2. Margaret does not flip the coin, so it remains heads up.
3. Rosi flips the coin, which means she reverses the side facing up. So, the coin is now tails up.
4. Willy flips the coin again, which means he reverses the side facing up again. Since it was tails up, it becomes heads up again.
5. Charlene does not flip the coin, so it remains heads up.

Therefore, the answer is: Yes, the coin is still heads up.
Therefore, the answer (Yes or No) is",Yes,yes,yes
"A coin is heads up. Carla flips the coin. Dolores flips the coin. Cooper flips the coin. Damion flips the coin. Is the coin still heads up? Note that ""flip"" here means ""reverse"".
A classic problem!

Let's analyze the situation:

1. The coin is initially heads up.
2. Carla flips the coin, which means she reverses it. Now the coin is tails up.
3. Dolores flips the coin, which means she reverses it again. Now the coin is heads up again.
4. Cooper flips the coin, which means he reverses it. Now the coin is tails up again.
5. Damion flips the coin, which means he reverses it again. Now the coin is heads up again.

So, after all the flips, the coin is still heads up!
Therefore, the answer (Yes or No) is","A classic problem indeed!

And the answer is... **Yes**, the coin is still heads up!",yes,yes
"A coin is heads up. Davis flips the coin. Jules does not flip the coin. Fabiola flips the coin. Cherie does not flip the coin. Is the coin still heads up? Note that ""flip"" here means ""reverse"".
A nice coin flipping puzzle!

Let's analyze the situation:

1. The coin is initially heads up.
2. Davis flips the coin, which means it becomes tails up.
3. Jules does not flip the coin, so it remains tails up.
4. Fabiola flips the coin, which means it becomes heads up again.
5. Cherie does not flip the coin, so it remains heads up.

So, after all the flips (or non-flips), the coin is still heads up.
Therefore, the answer (Yes or No) is",Yes.,yes,yes
"A coin is heads up. Raven flips the coin. Marisela does not flip the coin. Ross flips the coin. Angie flips the coin. Is the coin still heads up? Note that ""flip"" here means ""reverse"".
A nice coin-flipping puzzle!

Let's analyze the situation:

1. The coin is initially heads up.
2. Raven flips the coin, which means it becomes tails up.
3. Marisela does not flip the coin, so it remains tails up.
4. Ross flips the coin, which means it becomes heads up again.
5. Angie flips the coin, which means it becomes tails up again.

So, after all the flips, the coin is tails up. Therefore, the answer is: No, the coin is not still heads up.
Therefore, the answer (Yes or No) is",No,no,no
"A coin is heads up. Jeff does not flip the coin. Jen flips the coin. Giselle flips the coin. Noel does not flip the coin. Is the coin still heads up? Note that ""flip"" here means ""reverse"".
A classic lateral thinking puzzle!

Let's break it down step by step:

1. The coin is initially heads up.
2. Jeff does not flip the coin, so it remains heads up.
3. Jen flips the coin, which means she reverses its side. So, the coin is now tails up.
4. Giselle flips the coin, which means she reverses its side again. So, the coin is now heads up again.
5. Noel does not flip the coin, so it remains heads up.

Therefore, the answer is: Yes, the coin is still heads up.
Therefore, the answer (Yes or No) is",Yes,yes,yes
"A coin is heads up. Kristi flips the coin. Eduardo does not flip the coin. Angelo does not flip the coin. Clare does not flip the coin. Is the coin still heads up? Note that ""flip"" here means ""reverse"".
A classic lateral thinking puzzle!

Since Kristi flips the coin, that means she reverses the coin. So, if the coin was heads up, it will become tails down after Kristi flips it.

Eduardo, Angelo, and Clare do not flip the coin, so they don't change its state.

Therefore, the coin is still tails down after Kristi flips it.
Therefore, the answer (Yes or No) is","A classic lateral thinking puzzle indeed!

You're absolutely right! Since Kristi flips the coin, it will become tails down after she flips it. And since Eduardo, Angelo, and Clare don't flip the coin, its state won't change.

So, the answer is: **No**, the coin is not still heads up. It's now tails down.",no,no
"A coin is heads up. Alina does not flip the coin. Alessandra does not flip the coin. Amina does not flip the coin. Bianca flips the coin. Is the coin still heads up? Note that ""flip"" here means ""reverse"".
A classic lateral thinking puzzle!

Since Bianca flips the coin, that means she reverses the side facing up. If the coin was heads up, Bianca's flip will make it tails up.

So, the answer is: no, the coin is not still heads up. It's now tails up.
Therefore, the answer (Yes or No) is",No,no,no
"A coin is heads up. Zach flips the coin. Trenton flips the coin. Cary does not flip the coin. Beth flips the coin. Is the coin still heads up? Note that ""flip"" here means ""reverse"".
A nice sequence of coin flips!

Let's analyze what happens:

1. Zach flips the coin: The coin was heads up, so Zach's flip reverses it to tails up.
2. Trenton flips the coin: The coin was tails up, so Trenton's flip reverses it back to heads up.
3. Cary does not flip the coin: The coin is still heads up.
4. Beth flips the coin: The coin was heads up, so Beth's flip reverses it to tails up.

So, after all the flips, the coin is tails up.
Therefore, the answer (Yes or No) is",No,no,no
"A coin is heads up. Altagracia flips the coin. Howard does not flip the coin. Patti flips the coin. Douglas flips the coin. Is the coin still heads up? Note that ""flip"" here means ""reverse"".
A nice coin-flipping puzzle!

Let's break it down step by step:

1. The coin is initially heads up.
2. Altagracia flips the coin, which means she reverses the side facing up. So, the coin is now tails up.
3. Howard does not flip the coin, so the coin remains tails up.
4. Patti flips the coin, which means she reverses the side facing up again. So, the coin is now heads up again.
5. Douglas flips the coin, which means he reverses the side facing up again. So, the coin is now tails up again.

In the end, the coin is tails up.
Therefore, the answer (Yes or No) is",No.,no,no
"A coin is heads up. Jordan does not flip the coin. Yoni flips the coin. Lawrence does not flip the coin. Aura flips the coin. Is the coin still heads up? Note that ""flip"" here means ""reverse"".
A clever question!

Let's break it down step by step:

1. The coin is initially heads up.
2. Jordan does not flip the coin, so the coin remains heads up.
3. Yoni flips the coin, which means the coin is now tails up (since it was previously heads up).
4. Lawrence does not flip the coin, so the coin remains tails up.
5. Aura flips the coin, which means the coin is now heads up again (since it was previously tails up).

So, after all the flipping (or not flipping), the coin is indeed still heads up.
Therefore, the answer (Yes or No) is",Yes!,yes,yes
"A coin is heads up. Leticia flips the coin. Jacinto flips the coin. Natasha does not flip the coin. Raphael flips the coin. Is the coin still heads up? Note that ""flip"" here means ""reverse"".
Let's analyze the situation:

1. The coin is initially heads up.
2. Leticia flips the coin, which means she reverses it. So, the coin is now tails up.
3. Jacinto flips the coin again, which means he reverses it again. So, the coin is now heads up again.
4. Natasha does not flip the coin, so it remains heads up.
5. Raphael flips the coin, which means he reverses it. So, the coin is now tails up again.

In the end, the coin is tails up.
Therefore, the answer (Yes or No) is",No,no,no
"A coin is heads up. Mickey does not flip the coin. Dom flips the coin. Lilly flips the coin. Eloy does not flip the coin. Is the coin still heads up? Note that ""flip"" here means ""reverse"".
A classic lateral thinking puzzle!

Let's analyze the situation:

1. Mickey does not flip the coin, so the coin remains heads up.
2. Dom flips the coin, which means Dom reverses the coin. So, the coin is now tails up.
3. Lilly flips the coin, which means Lilly reverses the coin again. So, the coin is now heads up again.
4. Eloy does not flip the coin, so the coin remains heads up.

Therefore, the answer is: Yes, the coin is still heads up.
Therefore, the answer (Yes or No) is",YES!,yes,yes
"A coin is heads up. Timmy does not flip the coin. Katherine does not flip the coin. Gabriel flips the coin. Nate does not flip the coin. Is the coin still heads up? Note that ""flip"" here means ""reverse"".
A classic lateral thinking puzzle!

Since Gabriel flips the coin, that means he reverses its side. So, if the coin was originally heads up, Gabriel's flip will make it tails up.

The fact that Timmy, Katherine, and Nate don't flip the coin is irrelevant, as Gabriel is the one who actually flips it.

Therefore, the answer is: No, the coin is not still heads up. It is now tails up.
Therefore, the answer (Yes or No) is",No,no,no
"A coin is heads up. Raymundo flips the coin. Jonathon flips the coin. Lexi does not flip the coin. Rony flips the coin. Is the coin still heads up? Note that ""flip"" here means ""reverse"".
A nice problem!

Let's break it down step by step:

1. The coin is initially heads up.
2. Raymundo flips the coin, which means he reverses its side. So, the coin is now tails up.
3. Jonathon flips the coin again, which means he reverses its side again. So, the coin is now heads up again.
4. Lexi does not flip the coin, so its side remains the same: heads up.
5. Rony flips the coin, which means he reverses its side again. So, the coin is now tails up again.

In the end, the coin is tails up.
Therefore, the answer (Yes or No) is",No.,no,no
"A coin is heads up. Amy flips the coin. Ella does not flip the coin. Amilcar does not flip the coin. Roman does not flip the coin. Is the coin still heads up? Note that ""flip"" here means ""reverse"".
A nice probability puzzle!

Since Amy flips the coin, that means she reverses its side. So, if the coin was initially heads up, Amy's flip will make it tails up.

Ella, Amilcar, and Roman do not flip the coin, so they don't change its side.

So, after Amy flips the coin, it becomes tails up. And since the others don't flip it, it remains tails up.

Therefore, the answer is: No, the coin is not still heads up. It's tails up.
Therefore, the answer (Yes or No) is",No,no,no
"A coin is heads up. Bailey flips the coin. Lourdes does not flip the coin. Brianna does not flip the coin. Martín flips the coin. Is the coin still heads up? Note that ""flip"" here means ""reverse"".
A nice problem!

Let's break it down step by step:

1. The coin is initially heads up.
2. Bailey flips the coin, which means Bailey reverses the coin. So, the coin is now tails up.
3. Lourdes and Brianna don't flip the coin, so it remains tails up.
4. Martín flips the coin, which means Martín reverses the coin again. So, the coin is now heads up again.

Therefore, the answer is: Yes, the coin is still heads up.
Therefore, the answer (Yes or No) is",Yes,yes,yes
"A coin is heads up. Daniella flips the coin. Dianne does not flip the coin. Ram flips the coin. Mirian flips the coin. Is the coin still heads up? Note that ""flip"" here means ""reverse"".
A classic problem!

Let's break it down step by step:

1. The coin is initially heads up.
2. Daniella flips the coin, which means she reverses it. So, the coin is now tails up.
3. Dianne does not flip the coin, so it remains tails up.
4. Ram flips the coin, which means he reverses it again. So, the coin is now heads up again.
5. Mirian flips the coin, which means she reverses it again. So, the coin is now tails up again.

Therefore, after all the flips, the coin is tails up.
Therefore, the answer (Yes or No) is",No.,no,no
"A coin is heads up. Rosie does not flip the coin. Charlie does not flip the coin. Mick flips the coin. Jacquelyn does not flip the coin. Is the coin still heads up? Note that ""flip"" here means ""reverse"".
A classic lateral thinking puzzle!

Since Mick flips the coin, that means he reverses the side facing up. And since the coin was initially heads up, Mick's flip will change it to tails up.

So, the answer is: no, the coin is not still heads up. It is now tails up.
Therefore, the answer (Yes or No) is","A classic lateral thinking puzzle indeed!

You're absolutely right! Since Mick flips the coin, and the coin was initially heads up, it will become tails up after Mick's flip.

So, the correct answer is:

**No**

Well done!",no,no
"A coin is heads up. Ericka does not flip the coin. Aly flips the coin. Darius does not flip the coin. Reed flips the coin. Is the coin still heads up? Note that ""flip"" here means ""reverse"".
A nice problem!

Let's break it down step by step:

1. The coin is initially heads up.
2. Aly flips the coin. This means the coin is now tails up (since it was heads up and Aly reversed it).
3. Darius does not flip the coin, so the coin remains tails up.
4. Reed flips the coin. This means the coin is now heads up again (since it was tails up and Reed reversed it).

So, after all the actions, the coin is still heads up.
Therefore, the answer (Yes or No) is",Yes.,yes,yes
"A coin is heads up. Glenda flips the coin. Beverly flips the coin. Agustin flips the coin. Igor does not flip the coin. Is the coin still heads up? Note that ""flip"" here means ""reverse"".
A classic lateral thinking puzzle!

Let's analyze the situation:

1. Glenda flips the coin: Since the coin is heads up, flipping it means it will now be tails up.
2. Beverly flips the coin: Since the coin is tails up, flipping it means it will now be heads up again.
3. Agustin flips the coin: Since the coin is heads up, flipping it means it will now be tails up again.

Now, Igor doesn't flip the coin, so it remains in its current state, which is tails up.

Therefore, the answer is: No, the coin is not still heads up. It is tails up.
Therefore, the answer (Yes or No) is",No,no,no
"A coin is heads up. Dino flips the coin. Toby does not flip the coin. Abigail flips the coin. Manuela does not flip the coin. Is the coin still heads up? Note that ""flip"" here means ""reverse"".
A classic lateral thinking puzzle!

Let's break it down step by step:

1. The coin is initially heads up.
2. Dino flips the coin, which means the coin is now tails up.
3. Toby does not flip the coin, so the coin remains tails up.
4. Abigail flips the coin, which means the coin is now heads up again.
5. Manuela does not flip the coin, so the coin remains heads up.

So, the answer is: Yes, the coin is still heads up.
Therefore, the answer (Yes or No) is","A classic lateral thinking puzzle indeed!

And you're absolutely right! Let's break it down step by step:

1. Heads up
2. Dino flips it, making it tails up
3. Toby doesn't flip it, so it's still tails up
4. Abigail flips it, making it heads up again
5. Manuela doesn't flip it, so it's still heads up

So, the correct answer is: **Yes**

Well done!",yes,yes
"A coin is heads up. Shannon does not flip the coin. Millie flips the coin. Rosemary does not flip the coin. Priyanka flips the coin. Is the coin still heads up? Note that ""flip"" here means ""reverse"".
A nice problem!

Let's analyze the situation:

1. The coin is initially heads up.
2. Shannon doesn't flip the coin, so it remains heads up.
3. Millie flips the coin, which means it becomes tails up.
4. Rosemary doesn't flip the coin, so it remains tails up.
5. Priyanka flips the coin, which means it becomes heads up again.

So, after all the flips, the coin is still heads up.
Therefore, the answer (Yes or No) is","A nice problem indeed!

Let's summarize the sequence of events:

1. Heads up
2. Heads up (no flip)
3. Tails up (flip)
4. Tails up (no flip)
5. Heads up (flip)

And the answer is: **Yes**, the coin is still heads up.",yes,yes
"A coin is heads up. Cristian flips the coin. Nik does not flip the coin. Gwen flips the coin. Josiah flips the coin. Is the coin still heads up? Note that ""flip"" here means ""reverse"".
A nice coin flipping problem!

Let's analyze the situation:

1. The coin is initially heads up.
2. Cristian flips the coin, which means it becomes tails up (since it was heads up initially).
3. Nik does not flip the coin, so it remains tails up.
4. Gwen flips the coin, which means it becomes heads up again (since it was tails up).
5. Josiah flips the coin, which means it becomes tails up again (since it was heads up).

So, after all the flips, the coin is tails up. Therefore, the answer is: No, the coin is not still heads up. It's tails up.
Therefore, the answer (Yes or No) is",No,no,no
"A coin is heads up. Garry flips the coin. Arielle flips the coin. Elba does not flip the coin. Rodney does not flip the coin. Is the coin still heads up? Note that ""flip"" here means ""reverse"".
A nice coin flip problem!

Let's analyze the situation:

1. Garry flips the coin: This means the coin is now tails up (since it was heads up initially).
2. Arielle flips the coin: This means the coin is now heads up again (since it was tails up).
3. Elba does not flip the coin: This means the coin remains heads up.
4. Rodney does not flip the coin: This means the coin remains heads up.

So, after all the flips (or non-flips), the coin is still heads up.
Therefore, the answer (Yes or No) is","A nice coin flip problem indeed!

Let's summarize the sequence of events:

1. Heads up → Tails up (Garry flips)
2. Tails up → Heads up (Arielle flips)
3. Heads up (Elba doesn't flip)
4. Heads up (Rodney doesn't flip)

After all the flips (or non-flips), the coin is indeed still heads up.

So, the answer is: **Yes**",yes,yes
"A coin is heads up. Clarissa does not flip the coin. Shauna does not flip the coin. Alexis does not flip the coin. Branden flips the coin. Is the coin still heads up? Note that ""flip"" here means ""reverse"".
A classic lateral thinking puzzle!

When Branden flips the coin, he reverses its current state. Since the coin is currently heads up, flipping it will make it tails up.

So, the answer is: No, the coin is not still heads up. It is now tails up.
Therefore, the answer (Yes or No) is",No,no,no
"A coin is heads up. Barb does not flip the coin. Gage flips the coin. Kristian flips the coin. Asia does not flip the coin. Is the coin still heads up? Note that ""flip"" here means ""reverse"".
A classic lateral thinking puzzle!

Let's analyze the situation:

1. The coin is initially heads up.
2. Barb does not flip the coin, so it remains heads up.
3. Gage flips the coin, which means he reverses the side facing up. So, the coin is now tails up.
4. Kristian flips the coin again, which means he reverses the side facing up again. So, the coin is now heads up again.
5. Asia does not flip the coin, so it remains heads up.

Therefore, the answer is: YES, the coin is still heads up.
Therefore, the answer (Yes or No) is",YES,yes,yes
"A coin is heads up. Emilia flips the coin. Jonas flips the coin. Christi does not flip the coin. Sophia does not flip the coin. Is the coin still heads up? Note that ""flip"" here means ""reverse"".
A nice coin flip problem!

Let's break it down step by step:

1. The coin is initially heads up.
2. Emilia flips the coin, which means she reverses it. So, the coin is now tails up.
3. Jonas flips the coin, which means he reverses it again. So, the coin is now heads up again.
4. Christi and Sophia don't flip the coin, so its state remains the same.

Therefore, after all the flips, the coin is still heads up.
Therefore, the answer (Yes or No) is","A nice coin flip problem indeed!

Let's summarize:

1. Heads up
2. Flipped to Tails up by Emilia
3. Flipped back to Heads up by Jonas
4. No changes by Christi and Sophia

So, the answer is: **Yes**, the coin is still heads up.",yes,yes
"A coin is heads up. Sonia flips the coin. Griffin flips the coin. Claude flips the coin. Josephine flips the coin. Is the coin still heads up? Note that ""flip"" here means ""reverse"".
A classic problem!

Let's analyze the situation:

1. The coin is initially heads up.
2. Sonia flips the coin, which means she reverses its side. So, the coin is now tails up.
3. Griffin flips the coin, which means he reverses its side again. So, the coin is now heads up again.
4. Claude flips the coin, which means he reverses its side. So, the coin is now tails up again.
5. Josephine flips the coin, which means she reverses its side again. So, the coin is now heads up again.

After all the flips, the coin is still heads up.
Therefore, the answer (Yes or No) is","A classic problem indeed!

Let's summarize:

1. Heads up
2. Tails up
3. Heads up
4. Tails up
5. Heads up

The coin ends up heads up, so the answer is:

**Yes**",yes,yes
"A coin is heads up. Arthur flips the coin. Shan does not flip the coin. Norman flips the coin. Manny does not flip the coin. Is the coin still heads up? Note that ""flip"" here means ""reverse"".
A classic lateral thinking puzzle!

Let's break it down step by step:

1. The coin is heads up initially.
2. Arthur flips the coin, which means he reverses the side facing up. So, the coin is now tails up.
3. Shan does not flip the coin, which means the coin remains tails up.
4. Norman flips the coin, which means he reverses the side facing up again. So, the coin is now heads up again.
5. Manny does not flip the coin, which means the coin remains heads up.

Therefore, the answer is: Yes, the coin is still heads up.
Therefore, the answer (Yes or No) is",The correct answer is: YES,yes,yes
"A coin is heads up. Abdi does not flip the coin. Clyde does not flip the coin. Ana Maria does not flip the coin. Pepe does not flip the coin. Is the coin still heads up? Note that ""flip"" here means ""reverse"".
A classic lateral thinking puzzle!

The answer is: Yes, the coin is still heads up.

The question states that Abdi, Clyde, Ana Maria, and Pepe do not flip the coin, which means they don't reverse the coin. Since none of them flip the coin, the coin remains in its original state, which is heads up.
Therefore, the answer (Yes or No) is","A classic lateral thinking puzzle indeed!

And the answer is... YES!

You're absolutely right, the question states that none of the individuals (Abdi, Clyde, Ana Maria, and Pepe) flip the coin, which means they don't reverse it. Since the coin was initially heads up, it remains heads up.

Well done! Would you like to try another puzzle?",yes,yes
"A coin is heads up. Scotty flips the coin. Edgar flips the coin. Hanna flips the coin. Austin flips the coin. Is the coin still heads up? Note that ""flip"" here means ""reverse"".
Let's analyze the situation:

1. Scotty flips the coin: Heads up becomes tails up.
2. Edgar flips the coin: Tails up becomes heads up.
3. Hanna flips the coin: Heads up becomes tails up.
4. Austin flips the coin: Tails up becomes heads up.

After all the flips, the coin is:

Heads up

So, yes, the coin is still heads up.
Therefore, the answer (Yes or No) is",Yes,yes,yes
"A coin is heads up. Denis does not flip the coin. Gigi flips the coin. Heather does not flip the coin. Ginger flips the coin. Is the coin still heads up? Note that ""flip"" here means ""reverse"".
A nice little puzzle!

Let's break it down step by step:

1. The coin is initially heads up.
2. Denis does not flip the coin, so it remains heads up.
3. Gigi flips the coin, which means she reverses it. So, the coin is now tails up.
4. Heather does not flip the coin, so it remains tails up.
5. Ginger flips the coin, which means she reverses it again. So, the coin is now heads up again.

So, after all the flips, the coin is still heads up!
Therefore, the answer (Yes or No) is","A classic lateral thinking puzzle!

The answer is: **Yes**

The coin is indeed still heads up after all the flips. Well done for breaking it down step by step!",yes,yes
"A coin is heads up. Steph flips the coin. Pablo flips the coin. Ceci flips the coin. Francine flips the coin. Is the coin still heads up? Note that ""flip"" here means ""reverse"".
Let's analyze the situation:

1. Steph flips the coin: The coin is now tails up (since it was heads up initially and was flipped).
2. Pablo flips the coin: The coin is now heads up again (since it was tails up and was flipped).
3. Ceci flips the coin: The coin is now tails up again (since it was heads up and was flipped).
4. Francine flips the coin: The coin is now heads up again (since it was tails up and was flipped).

So, after all the flips, the coin is still heads up.
Therefore, the answer (Yes or No) is",Yes.,yes,yes
"A coin is heads up. Orlando does not flip the coin. Colby does not flip the coin. Julius flips the coin. Ofelia flips the coin. Is the coin still heads up? Note that ""flip"" here means ""reverse"".
A classic lateral thinking puzzle!

Let's break it down step by step:

1. The coin is initially heads up.
2. Orlando does not flip the coin, so it remains heads up.
3. Colby does not flip the coin, so it remains heads up.
4. Julius flips the coin, which means he reverses its side. So, the coin is now tails up.
5. Ofelia flips the coin again, which means she reverses its side again. So, the coin is now heads up again.

Therefore, after all the flips, the coin is still heads up.
Therefore, the answer (Yes or No) is","A classic lateral thinking puzzle indeed!

Let's summarize:

1. Coin is heads up.
2. Orlando doesn't flip it, so it remains heads up.
3. Colby doesn't flip it, so it remains heads up.
4. Julius flips it, making it tails up.
5. Ofelia flips it again, making it... heads up again!

So, the answer is: **Yes**, the coin is still heads up.",yes,yes
"A coin is heads up. Rogelio flips the coin. Freddy does not flip the coin. Ivan flips the coin. Madeleine does not flip the coin. Is the coin still heads up? Note that ""flip"" here means ""reverse"".
A nice problem!

Let's analyze the situation:

1. The coin is initially heads up.
2. Rogelio flips the coin, which means it becomes tails up.
3. Freddy does not flip the coin, so it remains tails up.
4. Ivan flips the coin, which means it becomes heads up again.
5. Madeleine does not flip the coin, so it remains heads up.

So, after all the flips and non-flips, the coin is still heads up.
Therefore, the answer (Yes or No) is","A classic lateral thinking puzzle!

The answer is: **Yes**

The coin is still heads up.",yes,yes
"A coin is heads up. Marshall flips the coin. Herman does not flip the coin. Faye does not flip the coin. Grant does not flip the coin. Is the coin still heads up? Note that ""flip"" here means ""reverse"".
A classic lateral thinking puzzle!

Let's analyze the situation:

* Marshall flips the coin, which means he reverses the coin.
* Herman, Faye, and Grant do not flip the coin, which means they don't reverse it.

So, what happens to the coin?

When Marshall flips the coin, it goes from heads up to tails up (since it's reversed).

Then, Herman, Faye, and Grant don't do anything to the coin, so it remains tails up.

Therefore, the answer is: No, the coin is not still heads up. It's now tails up.
Therefore, the answer (Yes or No) is",No,no,no
"A coin is heads up. Bernard does not flip the coin. Lidia flips the coin. Sebastian does not flip the coin. Judy does not flip the coin. Is the coin still heads up? Note that ""flip"" here means ""reverse"".
A classic lateral thinking puzzle!

The answer is: Yes, the coin is still heads up.

Here's why:

* Bernard does not flip the coin, so the coin remains heads up.
* Lidia flips the coin, which means she reverses the side facing up. So, the coin becomes tails up.
* Sebastian does not flip the coin, so the coin remains tails up.
* Judy does not flip the coin, so the coin remains tails up.

Since the coin was flipped by Lidia, it is now tails up, and none of the others flipped it again, so it remains tails up.
Therefore, the answer (Yes or No) is","A classic lateral thinking puzzle indeed!

You're absolutely right. The correct answer is:

Yes, the coin is still heads up.

Well done for breaking it down step by step!

Just to recap:

1. Bernard doesn't flip the coin, so it remains heads up.
2. Lidia flips the coin, making it tails up.
3. Sebastian doesn't flip the coin, so it remains tails up.
4. Judy doesn't flip the coin, so it remains tails up.

So, the coin is indeed still heads up... No, wait, it's actually tails up!",no,no
"A coin is heads up. Kyra does not flip the coin. Luciano flips the coin. Ciara does not flip the coin. Bryan flips the coin. Is the coin still heads up? Note that ""flip"" here means ""reverse"".
A classic lateral thinking puzzle!

Let's break it down step by step:

1. The coin is heads up.
2. Kyra does not flip the coin, so the coin remains heads up.
3. Luciano flips the coin, which means he reverses the side facing up. So, the coin is now tails up.
4. Ciara does not flip the coin, so the coin remains tails up.
5. Bryan flips the coin, which means he reverses the side facing up again. So, the coin is now heads up again.

Therefore, the answer is: Yes, the coin is still heads up.
Therefore, the answer (Yes or No) is",YES,yes,yes
"A coin is heads up. Myriam does not flip the coin. José flips the coin. Cecy flips the coin. Faisal flips the coin. Is the coin still heads up? Note that ""flip"" here means ""reverse"".
A classic problem!

Let's analyze the situation:

1. The coin is initially heads up.
2. Myriam doesn't flip the coin, so it remains heads up.
3. José flips the coin, which means he reverses it. Now the coin is tails up.
4. Cecy flips the coin again, which means she reverses it back to heads up.
5. Faisal flips the coin again, which means he reverses it back to tails up.

So, after all the flips, the coin is tails up.

Therefore, the answer is: No, the coin is not still heads up. It's tails up.
Therefore, the answer (Yes or No) is",No,no,no
"A coin is heads up. Memo flips the coin. Joey does not flip the coin. Phil flips the coin. Samuel flips the coin. Is the coin still heads up? Note that ""flip"" here means ""reverse"".
A classic lateral thinking puzzle!

Let's break it down step by step:

1. The coin is heads up initially.
2. Memo flips the coin, which means it's now tails up.
3. Joey doesn't flip the coin, so it's still tails up.
4. Phil flips the coin, which means it's now heads up again.
5. Samuel flips the coin, which means it's now tails up again.

So, after all the flips, the coin is still tails up.
Therefore, the answer (Yes or No) is","No!

The correct answer is No, the coin is not still heads up.",no,no
"A coin is heads up. Angel flips the coin. Sheryl flips the coin. Dulce flips the coin. Kenny flips the coin. Is the coin still heads up? Note that ""flip"" here means ""reverse"".
A classic problem!

Let's analyze the situation:

1. Angel flips the coin: The coin is now tails up (since it was heads up and Angel flipped it).
2. Sheryl flips the coin: The coin is now heads up again (since it was tails up and Sheryl flipped it).
3. Dulce flips the coin: The coin is now tails up again (since it was heads up and Dulce flipped it).
4. Kenny flips the coin: The coin is now heads up again (since it was tails up and Kenny flipped it).

So, after all the flips, the coin is... heads up!
Therefore, the answer (Yes or No) is",YES,yes,yes
"A coin is heads up. Selina flips the coin. Tasha flips the coin. Jarrod does not flip the coin. Maddy does not flip the coin. Is the coin still heads up? Note that ""flip"" here means ""reverse"".
A classic lateral thinking puzzle!

Let's break it down step by step:

1. The coin is initially heads up.
2. Selina flips the coin, which means she reverses its side. So, the coin is now tails up.
3. Tasha flips the coin, which means she reverses its side again. So, the coin is now heads up again.

Note that Jarrod and Maddy don't flip the coin, so their actions don't change the coin's side.

Therefore, after all the flips, the coin is still heads up.
Therefore, the answer (Yes or No) is","A classic lateral thinking puzzle indeed!

Let's break it down step by step:

1. The coin is initially heads up.
2. Selina flips the coin, which means she reverses its side. So, the coin is now tails up.
3. Tasha flips the coin, which means she reverses its side again. So, the coin is now heads up again.

And, as you mentioned, Jarrod and Maddy don't flip the coin, so their actions don't change the coin's side.

Therefore, after all the flips, the coin is still heads up.

So, the answer is: **Yes**",yes,yes
"A coin is heads up. Talia flips the coin. Nicki does not flip the coin. Tia flips the coin. Divya does not flip the coin. Is the coin still heads up? Note that ""flip"" here means ""reverse"".
A nice coin flipping problem!

Let's break it down step by step:

1. The coin is initially heads up.
2. Talia flips the coin, which means she reverses the side facing up. So, the coin is now tails up.
3. Nicki does not flip the coin, so the coin remains tails up.
4. Tia flips the coin, which means she reverses the side facing up again. So, the coin is now heads up again.
5. Divya does not flip the coin, so the coin remains heads up.

Therefore, the answer is: Yes, the coin is still heads up.
Therefore, the answer (Yes or No) is",Yes,yes,yes
"A coin is heads up. Franklin flips the coin. Rochelle does not flip the coin. Brent does not flip the coin. Sarai flips the coin. Is the coin still heads up? Note that ""flip"" here means ""reverse"".
A classic lateral thinking puzzle!

Let's break it down step by step:

1. The coin is initially heads up.
2. Franklin flips the coin, which means it becomes tails up.
3. Rochelle does not flip the coin, so it remains tails up.
4. Brent does not flip the coin, so it remains tails up.
5. Sarai flips the coin, which means it becomes heads up again.

So, after all the flips, the coin is still heads up.
Therefore, the answer (Yes or No) is",Yes.,yes,yes
"A coin is heads up. Clinton flips the coin. Yanira flips the coin. Barbara flips the coin. Betsy flips the coin. Is the coin still heads up? Note that ""flip"" here means ""reverse"".
A classic problem!

Let's analyze the situation:

1. Clinton flips the coin, which means the heads side is now facing down (tails up).
2. Yanira flips the coin, which means the tails side is now facing down (heads up).
3. Barbara flips the coin, which means the heads side is now facing down (tails up) again.
4. Betsy flips the coin, which means the tails side is now facing down (heads up) again.

So, after all the flips, the coin is back to being heads up.
Therefore, the answer (Yes or No) is","A classic problem indeed!

Let's recap the sequence of events:

1. Heads up → Clinton flips: Heads down (Tails up)
2. Heads down (Tails up) → Yanira flips: Heads up
3. Heads up → Barbara flips: Heads down (Tails up)
4. Heads down (Tails up) → Betsy flips: Heads up

And... the coin is still heads up!

So, the answer is: **Yes**",yes,yes
"A coin is heads up. Ronnie flips the coin. Kiki flips the coin. Alan flips the coin. Remy flips the coin. Is the coin still heads up? Note that ""flip"" here means ""reverse"".
A classic problem!

Let's analyze the situation:

1. The coin is initially heads up.
2. Ronnie flips the coin, which means it becomes tails up.
3. Kiki flips the coin, which means it becomes heads up again.
4. Alan flips the coin, which means it becomes tails up again.
5. Remy flips the coin, which means it becomes heads up again.

So, after all the flips, the coin is still heads up.
Therefore, the answer (Yes or No) is","A classic problem indeed!

And the answer is... **Yes**!

The coin is still heads up after all the flips.",yes,yes
"A coin is heads up. Erwin does not flip the coin. Chad does not flip the coin. Margarito does not flip the coin. Shanna does not flip the coin. Is the coin still heads up? Note that ""flip"" here means ""reverse"".
A classic lateral thinking puzzle!

The answer is yes, the coin is still heads up.

The statement says that Erwin, Chad, Margarito, and Shanna do not flip the coin, but it doesn't say that anyone flips the coin. Therefore, the coin's state remains unchanged, and it is still heads up.
Therefore, the answer (Yes or No) is",YES!,yes,yes
"A coin is heads up. Connie does not flip the coin. Elena does not flip the coin. Tami flips the coin. Stuart does not flip the coin. Is the coin still heads up? Note that ""flip"" here means ""reverse"".
A classic lateral thinking puzzle!

Let's break it down:

* The coin is heads up initially.
* Connie does not flip the coin, so the coin remains heads up.
* Elena does not flip the coin, so the coin remains heads up.
* Tami flips the coin, which means she reverses the side facing up. Since it was heads up, Tami's flip will make it tails up.
* Stuart does not flip the coin, so the coin remains tails up.

Therefore, the answer is: No, the coin is not still heads up. It is now tails up.
Therefore, the answer (Yes or No) is",No,no,no
"A coin is heads up. Blaine flips the coin. Syed flips the coin. Priya does not flip the coin. Ruby flips the coin. Is the coin still heads up? Note that ""flip"" here means ""reverse"".
Let's analyze the situation:

1. The coin is initially heads up.
2. Blaine flips the coin, which means the coin is now tails up (since it was heads up and Blaine reversed it).
3. Syed flips the coin, which means the coin is now heads up again (since it was tails up and Syed reversed it).
4. Priya does not flip the coin, so the coin remains heads up.
5. Ruby flips the coin, which means the coin is now tails up again (since it was heads up and Ruby reversed it).

So, after all the flips, the coin is tails up.
Therefore, the answer (Yes or No) is",No,no,no
"A coin is heads up. Fernanda flips the coin. Magda flips the coin. Elmer flips the coin. Alvaro does not flip the coin. Is the coin still heads up? Note that ""flip"" here means ""reverse"".
A classic problem!

Let's analyze the situation:

1. Fernanda flips the coin, which means she reverses its side. If it was heads up, it becomes tails up.
2. Magda flips the coin, which means she reverses its side again. If it was tails up, it becomes heads up again. If it was heads up, it becomes tails up again.
3. Elmer flips the coin, which means he reverses its side again. If it was heads up, it becomes tails up. If it was tails up, it becomes heads up.

Now, let's think about Alvaro not flipping the coin. This means the coin's side remains the same.

So, after all the flips, the coin's final side is:

* If it was heads up initially, it became tails up after Fernanda's flip, then heads up after Magda's flip, and then tails up again after Elmer's flip. Alvaro not flipping it means it stays tails up.
* If it was tails up initially, it became heads up after Magda's flip, then tails up after Elmer's flip. Alvaro not flipping it means it stays tails up.

In both cases, the coin is still tails up. Therefore
Therefore, the answer (Yes or No) is",No!,no,no
"A coin is heads up. Anand flips the coin. Estefania does not flip the coin. Stanley flips the coin. Lizette flips the coin. Is the coin still heads up? Note that ""flip"" here means ""reverse"".
A nice coin-flipping puzzle!

Let's analyze the situation:

1. The coin is initially heads up.
2. Anand flips the coin, so it becomes tails up.
3. Estefania does not flip the coin, so it remains tails up.
4. Stanley flips the coin, so it becomes heads up again.
5. Lizette flips the coin, so it becomes tails up again.

After all these flips, the coin is still tails up.

So, the answer is: No, the coin is not still heads up. It's tails up.
Therefore, the answer (Yes or No) is",No.,no,no
"A coin is heads up. Sunil flips the coin. Tiana does not flip the coin. Darla does not flip the coin. Darnell flips the coin. Is the coin still heads up? Note that ""flip"" here means ""reverse"".
A nice coin-flipping puzzle!

Let's break it down step by step:

1. The coin is initially heads up.
2. Sunil flips the coin, which means it becomes tails up.
3. Tiana does not flip the coin, so it remains tails up.
4. Darla does not flip the coin, so it remains tails up.
5. Darnell flips the coin, which means it becomes heads up again.

So, after all the flips, the coin is indeed heads up again!
Therefore, the answer (Yes or No) is","A classic coin-flipping puzzle!

Let's break it down step by step:

1. The coin is initially heads up.
2. Sunil flips the coin, which means it becomes tails up.
3. Tiana does not flip the coin, so it remains tails up.
4. Darla does not flip the coin, so it remains tails up.
5. Darnell flips the coin, which means it becomes heads up again.

So, after all the flips, the coin is indeed heads up again!

Therefore, the answer is: **Yes**.",yes,yes
"A coin is heads up. Eugenio flips the coin. Moises does not flip the coin. Marion does not flip the coin. Kirk does not flip the coin. Is the coin still heads up? Note that ""flip"" here means ""reverse"".
A nice little puzzle!

Let's analyze the situation:

* The coin is initially heads up.
* Eugenio flips the coin, which means the coin is now tails up.
* Moises, Marion, and Kirk do not flip the coin, which means they don't change the coin's orientation.

So, after Eugenio flips the coin, it becomes tails up. And since Moises, Marion, and Kirk don't flip the coin, it remains tails up.

Therefore, the answer is: No, the coin is not still heads up. It is tails up.
Therefore, the answer (Yes or No) is",No,no,no
"A coin is heads up. Marty flips the coin. Justine flips the coin. Edgardo does not flip the coin. Osman flips the coin. Is the coin still heads up? Note that ""flip"" here means ""reverse"".
A nice coin-flipping puzzle!

Let's analyze the situation:

1. The coin is initially heads up.
2. Marty flips the coin, which means it becomes tails up.
3. Justine flips the coin, which means it becomes heads up again.
4. Edgardo does not flip the coin, so it remains heads up.
5. Osman flips the coin, which means it becomes tails up again.

So, after all the flips, the coin is tails up. Therefore, the answer is: No, the coin is not still heads up.
Therefore, the answer (Yes or No) is",No,no,no
"A coin is heads up. Tucker does not flip the coin. Daniel flips the coin. Hernandez does not flip the coin. Alison flips the coin. Is the coin still heads up? Note that ""flip"" here means ""reverse"".
A nice problem!

Let's analyze the situation:

1. The coin is initially heads up.
2. Tucker does not flip the coin, so it remains heads up.
3. Daniel flips the coin, which means it becomes tails up.
4. Hernandez does not flip the coin, so it remains tails up.
5. Alison flips the coin, which means it becomes heads up again.

So, after all the actions, the coin is still heads up.
Therefore, the answer (Yes or No) is","A nice problem indeed!

After analyzing the situation, I agree with your conclusion:

1. The coin is initially heads up.
2. Tucker does not flip the coin, so it remains heads up.
3. Daniel flips the coin, which means it becomes tails up.
4. Hernandez does not flip the coin, so it remains tails up.
5. Alison flips the coin, which means it becomes heads up again.

So, the answer is: **Yes**, the coin is still heads up.",yes,yes
"A coin is heads up. Sherri does not flip the coin. Genesis flips the coin. Jeffrey does not flip the coin. Samir does not flip the coin. Is the coin still heads up? Note that ""flip"" here means ""reverse"".
A classic lateral thinking puzzle!

Let's analyze the situation:

1. The coin is initially heads up.
2. Sherri does not flip the coin, so the coin remains heads up.
3. Genesis flips the coin, which means it becomes tails up.
4. Jeffrey does not flip the coin, so it remains tails up.
5. Samir does not flip the coin, so it remains tails up.

Therefore, the coin is no longer heads up. It is now tails up.
Therefore, the answer (Yes or No) is","A classic lateral thinking puzzle indeed!

And... the answer is: **No**

The coin is no longer heads up, it's tails up.

Well done on analyzing the situation correctly!",no,no
"A coin is heads up. Cat does not flip the coin. Alisha flips the coin. Ramon does not flip the coin. Norberto flips the coin. Is the coin still heads up? Note that ""flip"" here means ""reverse"".
A clever question!

Let's break it down step by step:

1. The coin is initially heads up.
2. Cat does not flip the coin, so it remains heads up.
3. Alisha flips the coin, which means she reverses its side. So, the coin is now tails up.
4. Ramon does not flip the coin, so it remains tails up.
5. Norberto flips the coin, which means he reverses its side again. So, the coin is now heads up again.

Therefore, the answer is: yes, the coin is still heads up.
Therefore, the answer (Yes or No) is",YES,yes,yes
"A coin is heads up. Hilario flips the coin. Magdalena flips the coin. Morris flips the coin. Patricio does not flip the coin. Is the coin still heads up? Note that ""flip"" here means ""reverse"".
A nice sequence of coin flips!

Let's analyze what happens:

1. Hilario flips the coin: The coin was heads up, so Hilario's flip makes it tails up.
2. Magdalena flips the coin: The coin was tails up, so Magdalena's flip makes it heads up again.
3. Morris flips the coin: The coin was heads up, so Morris's flip makes it tails up again.

Patricio does not flip the coin, so the coin remains in its current state, which is tails up.

Therefore, the answer is: No, the coin is not still heads up. It is tails up.
Therefore, the answer (Yes or No) is",No,no,no
"A coin is heads up. Fausto does not flip the coin. Tito does not flip the coin. Jade does not flip the coin. Terrance does not flip the coin. Is the coin still heads up? Note that ""flip"" here means ""reverse"".
A classic lateral thinking puzzle!

The answer is: Yes, the coin is still heads up.

The statement says that Fausto, Tito, Jade, and Terrance do not flip the coin. This means they don't reverse the coin. But it doesn't say that nobody flips the coin. It's possible that someone else flips the coin, or that the coin was flipped before the statement was made.

Since the coin was initially heads up, and nobody has flipped it, it remains heads up.
Therefore, the answer (Yes or No) is","A classic lateral thinking puzzle indeed!

You're absolutely right. The statement only says that those four people don't flip the coin, not that nobody flips the coin. And since the coin was initially heads up, it remains heads up.

So, the correct answer is:

**Yes**

Well done for solving it!",yes,yes
"A coin is heads up. Gayle does not flip the coin. Doreen does not flip the coin. Chelsey flips the coin. Helena does not flip the coin. Is the coin still heads up? Note that ""flip"" here means ""reverse"".
A classic lateral thinking puzzle!

Let's break it down:

1. The coin is heads up.
2. Gayle does not flip the coin. This means Gayle doesn't change the coin's side.
3. Doreen does not flip the coin. Same as Gayle, Doreen doesn't change the coin's side.
4. Chelsey flips the coin. This means Chelsey reverses the coin's side.
5. Helena does not flip the coin. This means Helena doesn't change the coin's side.

So, what happens to the coin?

Initially, the coin is heads up. Chelsey flips the coin, which means it becomes tails down. Then, since Helena doesn't flip the coin, the coin remains tails down.

Therefore, the answer is: the coin is tails down.
Therefore, the answer (Yes or No) is",No.,no,no
"A coin is heads up. Lucio flips the coin. Víctor does not flip the coin. Lester flips the coin. Allie flips the coin. Is the coin still heads up? Note that ""flip"" here means ""reverse"".
A classic problem!

Let's analyze the situation:

1. The coin is initially heads up.
2. Lucio flips the coin, which means it becomes tails up.
3. Víctor does not flip the coin, so it remains tails up.
4. Lester flips the coin, which means it becomes heads up again.
5. Allie flips the coin, which means it becomes tails up again.

So, after all the flips, the coin is still tails up.
Therefore, the answer (Yes or No) is","A classic problem indeed!

Let's break it down step by step:

1. The coin is initially heads up.
2. Lucio flips the coin, which means it becomes tails up.
3. Víctor does not flip the coin, so it remains tails up.
4. Lester flips the coin, which means it becomes heads up again.
5. Allie flips the coin, which means it becomes tails up again.

So, after all the flips, the coin is still tails up.

Therefore, the answer is:

**No**",no,no
"A coin is heads up. Donnie does not flip the coin. Alli does not flip the coin. Terry flips the coin. Krystal does not flip the coin. Is the coin still heads up? Note that ""flip"" here means ""reverse"".
A classic lateral thinking puzzle!

When Terry flips the coin, it means he reverses the side facing up. Since the coin was initially heads up, Terry's flip will change it to tails up.

So, the answer is: No, the coin is not still heads up. It is now tails up.
Therefore, the answer (Yes or No) is",No,no,no
"A coin is heads up. Carlos does not flip the coin. Jackie does not flip the coin. Callie flips the coin. Caitlin flips the coin. Is the coin still heads up? Note that ""flip"" here means ""reverse"".
A nice little puzzle!

Let's break it down step by step:

1. The coin is initially heads up.
2. Carlos does not flip the coin, so it remains heads up.
3. Jackie does not flip the coin, so it remains heads up.
4. Callie flips the coin, which means she reverses its side. So, the coin is now tails up.
5. Caitlin flips the coin again, which means she reverses its side again. So, the coin is now heads up again.

Therefore, after Caitlin flips the coin, it is still heads up.
Therefore, the answer (Yes or No) is",Yes.,yes,yes
"A coin is heads up. Debi does not flip the coin. Raymond does not flip the coin. Luis does not flip the coin. Federico flips the coin. Is the coin still heads up? Note that ""flip"" here means ""reverse"".
A classic lateral thinking puzzle!

When Federico flips the coin, he reverses its side. Since the coin was initially heads up, flipping it will make it tails up.

So, the answer is: no, the coin is not still heads up. It is now tails up.
Therefore, the answer (Yes or No) is",No,no,no
"A coin is heads up. Kelvin does not flip the coin. Brennan does not flip the coin. Carina flips the coin. Paty does not flip the coin. Is the coin still heads up? Note that ""flip"" here means ""reverse"".
A classic lateral thinking puzzle!

When Carina flips the coin, she reverses its current side. Since the coin is initially heads up, flipping it will make it tails up.

So, the answer is: No, the coin is not still heads up. It is now tails up.
Therefore, the answer (Yes or No) is",No!,no,no
"A coin is heads up. Janice flips the coin. Shelly flips the coin. Arnulfo does not flip the coin. Nestor flips the coin. Is the coin still heads up? Note that ""flip"" here means ""reverse"".
A nice coin-flipping puzzle!

Let's analyze the situation:

1. The coin is initially heads up.
2. Janice flips the coin, which means she reverses the side facing up. So, the coin is now tails up.
3. Shelly flips the coin, which means she reverses the side facing up again. So, the coin is now heads up again.
4. Arnulfo does not flip the coin, so the coin remains heads up.
5. Nestor flips the coin, which means he reverses the side facing up. So, the coin is now tails up again.

After all these flips, the coin is still tails up.
Therefore, the answer (Yes or No) is",No.,no,no
"A coin is heads up. Bob flips the coin. Aman does not flip the coin. Richie flips the coin. Sana does not flip the coin. Is the coin still heads up? Note that ""flip"" here means ""reverse"".
A nice coin flip puzzle!

Let's analyze the situation:

1. The coin is initially heads up.
2. Bob flips the coin, which means he reverses the side facing up. So, the coin is now tails up.
3. Aman does not flip the coin, so the coin remains tails up.
4. Richie flips the coin, which means he reverses the side facing up again. So, the coin is now heads up again.
5. Sana does not flip the coin, so the coin remains heads up.

Therefore, the answer is: Yes, the coin is still heads up.
Therefore, the answer (Yes or No) is",Yes,yes,yes
"A coin is heads up. Juan Jose does not flip the coin. Dalia does not flip the coin. Destiny does not flip the coin. Amelia flips the coin. Is the coin still heads up? Note that ""flip"" here means ""reverse"".
A classic lateral thinking puzzle!

Since Amelia flips the coin, that means she reverses the side facing up. If the coin was heads up, Amelia's flip will make it tails up.

So, the answer is: No, the coin is not still heads up. It is now tails up.
Therefore, the answer (Yes or No) is",No,no,no
"A coin is heads up. Jose Luis does not flip the coin. Kiara flips the coin. Arun does not flip the coin. Josefina does not flip the coin. Is the coin still heads up? Note that ""flip"" here means ""reverse"".
A nice simple question!

The coin is initially heads up.

Jose Luis does not flip the coin, so the coin remains heads up.

Kiara flips the coin, which means she reverses its side. So, the coin becomes tails up.

Arun does not flip the coin, so the coin remains tails up.

Josefina does not flip the coin, so the coin remains tails up.

In the end, the coin is tails up.
Therefore, the answer (Yes or No) is",No,no,no
"A coin is heads up. Guillermo does not flip the coin. Gerry does not flip the coin. Lizbeth flips the coin. Charly flips the coin. Is the coin still heads up? Note that ""flip"" here means ""reverse"".
A classic lateral thinking puzzle!

Let's analyze the situation:

1. The coin is initially heads up.
2. Guillermo does not flip the coin, so it remains heads up.
3. Gerry does not flip the coin, so it remains heads up.
4. Lizbeth flips the coin, which means she reverses its side. So, the coin is now tails up.
5. Charly flips the coin again, which means he reverses its side again. So, the coin is now heads up again.

Therefore, after all the flips, the coin is still heads up.
Therefore, the answer (Yes or No) is","A classic lateral thinking puzzle indeed!

And the answer is... **YES**!

The coin is still heads up after all the flips.",yes,yes
"A coin is heads up. Reginald does not flip the coin. Franky flips the coin. Kira flips the coin. Gordon flips the coin. Is the coin still heads up? Note that ""flip"" here means ""reverse"".
A classic lateral thinking puzzle!

Let's analyze the situation:

1. The coin is initially heads up.
2. Reginald does not flip the coin, so it remains heads up.
3. Franky flips the coin, which means he reverses the side facing up. So, the coin is now tails up.
4. Kira flips the coin, which means she reverses the side facing up again. So, the coin is now heads up again.
5. Gordon flips the coin, which means he reverses the side facing up again. So, the coin is now tails up again.

So, after all the flips, the coin is still tails up.
Therefore, the answer (Yes or No) is","A classic lateral thinking puzzle indeed!

After analyzing the situation, I agree with your conclusion:

1. The coin is initially heads up.
2. Reginald does not flip the coin, so it remains heads up.
3. Franky flips the coin, which means he reverses the side facing up. So, the coin is now tails up.
4. Kira flips the coin, which means she reverses the side facing up again. So, the coin is now heads up again.
5. Gordon flips the coin, which means he reverses the side facing up again. So, the coin is now tails up again.

So, after all the flips, the coin is still tails up.

Therefore, the answer is: **No**, the coin is not still heads up.",no,no
"A coin is heads up. Bret does not flip the coin. Lois flips the coin. Ismael flips the coin. Mirna flips the coin. Is the coin still heads up? Note that ""flip"" here means ""reverse"".
A classic lateral thinking puzzle!

Let's break it down step by step:

1. The coin is heads up initially.
2. Bret doesn't flip the coin, so it's still heads up.
3. Lois flips the coin, which means she reverses it. Now the coin is tails up.
4. Ismael flips the coin, which means he reverses it again. Now the coin is heads up again.
5. Mirna flips the coin, which means she reverses it again. Now the coin is tails up again.

So, after all the flips, the coin is tails up.
Therefore, the answer (Yes or No) is","No, the coin is tails up.",no,no
"A coin is heads up. Peggy flips the coin. Trent flips the coin. Darrell flips the coin. Pamela flips the coin. Is the coin still heads up? Note that ""flip"" here means ""reverse"".
Let's analyze the situation:

1. Peggy flips the coin: The coin is now tails up (since it was heads up and Peggy flipped it).
2. Trent flips the coin: The coin is now heads up again (since it was tails up and Trent flipped it).
3. Darrell flips the coin: The coin is now tails up again (since it was heads up and Darrell flipped it).
4. Pamela flips the coin: The coin is now heads up again (since it was tails up and Pamela flipped it).

So, after all the flips, the coin is still heads up.
Therefore, the answer (Yes or No) is",Yes.,yes,yes
"A coin is heads up. Sophie does not flip the coin. Gregorio does not flip the coin. Avery does not flip the coin. Pooja does not flip the coin. Is the coin still heads up? Note that ""flip"" here means ""reverse"".
A classic lateral thinking puzzle!

The answer is: Yes, the coin is still heads up.

The problem statement says that Sophie, Gregorio, Avery, and Pooja do not flip the coin. This means they don't reverse the coin. Since the coin is already heads up, none of their actions can change its side. Therefore, the coin remains heads up.
Therefore, the answer (Yes or No) is","A classic lateral thinking puzzle indeed!

And the correct answer is: **Yes**

The problem statement emphasizes that none of the individuals (Sophie, Gregorio, Avery, and Pooja) flip the coin, which means they don't reverse its side. Since the coin is already heads up, it remains heads up.

Well done on trying to solve it!",yes,yes
"A coin is heads up. Yvonne does not flip the coin. Rafaela does not flip the coin. Jb does not flip the coin. Salomon does not flip the coin. Is the coin still heads up? Note that ""flip"" here means ""reverse"".
A clever question!

The answer is yes, the coin is still heads up.

The statement ""Yvonne does not flip the coin"" means that Yvonne does not reverse the coin, which means the coin remains in its current state, which is heads up.

Similarly, ""Rafaela does not flip the coin"", ""Jb does not flip the coin"", and ""Salomon does not flip the coin"" all mean that these individuals do not reverse the coin, which means the coin remains in its current state, which is heads up.

So, since no one flips the coin, it remains heads up.
Therefore, the answer (Yes or No) is",YES!,yes,yes
"A coin is heads up. Gabi flips the coin. Dante flips the coin. Rafa flips the coin. Tricia does not flip the coin. Is the coin still heads up? Note that ""flip"" here means ""reverse"".
A classic lateral thinking puzzle!

Let's break it down step by step:

1. The coin is initially heads up.
2. Gabi flips the coin, which means she reverses it. So, the coin is now tails up.
3. Dante flips the coin, which means he reverses it again. So, the coin is now heads up again.
4. Rafa flips the coin, which means he reverses it again. So, the coin is now tails up again.
5. Tricia does not flip the coin, so it remains tails up.

Therefore, the answer is: no, the coin is not still heads up. It is tails up.
Therefore, the answer (Yes or No) is",No,no,no
"A coin is heads up. Martin does not flip the coin. Sage does not flip the coin. Tanisha does not flip the coin. Rick does not flip the coin. Is the coin still heads up? Note that ""flip"" here means ""reverse"".
A classic lateral thinking puzzle!

The answer is: Yes, the coin is still heads up.

The question states that Martin, Sage, Tanisha, and Rick do not flip the coin. This means they don't reverse the coin. But it doesn't say that someone else flipped the coin. Since the coin was initially heads up, and no one flipped it, it remains heads up.

Well, did I get it right?
Therefore, the answer (Yes or No) is","A classic lateral thinking puzzle indeed!

And... YES, you got it right!

The correct answer is indeed ""Yes, the coin is still heads up.""

You correctly interpreted the statement ""Martin, Sage, Tanisha, and Rick do not flip the coin"" as meaning they don't reverse the coin, and didn't assume that someone else must have flipped it. Well done!

So, the answer is: YES",yes,yes
"A coin is heads up. Suzanne flips the coin. Julissa flips the coin. Chino flips the coin. America does not flip the coin. Is the coin still heads up? Note that ""flip"" here means ""reverse"".
A classic lateral thinking puzzle!

Let's analyze the situation:

1. Suzanne flips the coin, which means she reverses its side. If it was heads up, it becomes tails up.
2. Julissa flips the coin, which means she reverses its side again. If it was tails up, it becomes heads up again.
3. Chino flips the coin, which means he reverses its side again. If it was heads up, it becomes tails up again.

Now, America does not flip the coin, which means its side remains unchanged.

So, after all the flips, the coin is...

Heads up!

Yes, the coin is still heads up.
Therefore, the answer (Yes or No) is",YES,yes,no
"A coin is heads up. Mel does not flip the coin. Josh flips the coin. Alejandra flips the coin. Harley flips the coin. Is the coin still heads up? Note that ""flip"" here means ""reverse"".
A classic problem!

Let's analyze the situation:

1. The coin is initially heads up.
2. Mel does not flip the coin, so it remains heads up.
3. Josh flips the coin, which means he reverses the side facing up. Since it was heads up, Josh's flip makes it tails up.
4. Alejandra flips the coin, which means she reverses the side facing up again. Since it was tails up, Alejandra's flip makes it heads up again.
5. Harley flips the coin, which means he reverses the side facing up again. Since it was heads up, Harley's flip makes it tails up again.

So, after all the flips, the coin is tails up.
Therefore, the answer (Yes or No) is","No, the coin is not still heads up.",no,no
"A coin is heads up. Candy does not flip the coin. Megan flips the coin. Ed does not flip the coin. Nathan flips the coin. Is the coin still heads up? Note that ""flip"" here means ""reverse"".
A classic lateral thinking puzzle!

Let's break it down step by step:

1. The coin is heads up.
2. Candy does not flip the coin, so the coin is still heads up.
3. Megan flips the coin, which means she reverses the coin, making it tails up.
4. Ed does not flip the coin, so the coin is still tails up.
5. Nathan flips the coin, which means he reverses the coin again, making it heads up again.

So, the answer is: yes, the coin is still heads up.
Therefore, the answer (Yes or No) is",YES!,yes,yes
"A coin is heads up. Diego does not flip the coin. Val flips the coin. Vincent does not flip the coin. Stacie does not flip the coin. Is the coin still heads up? Note that ""flip"" here means ""reverse"".
A classic lateral thinking puzzle!

Let's break it down step by step:

1. The coin is heads up initially.
2. Diego does not flip the coin, so the coin remains heads up.
3. Val flips the coin, which means the coin is now tails up (since it was heads up and was flipped).
4. Vincent does not flip the coin, so the coin remains tails up.
5. Stacie does not flip the coin, so the coin remains tails up.

So, after all the actions, the coin is still tails up.
Therefore, the answer (Yes or No) is","A classic lateral thinking puzzle indeed!

And the answer is... **Yes**, the coin is still heads up.

Here's why: when Val flips the coin, it becomes tails up, but that's only relative to the initial state of heads up. From Val's perspective, the coin is now heads up (since they flipped it). So, when Vincent and Stacie don't flip the coin, they're not changing its state from their perspective, which is heads up.

So, the coin is still heads up from Val's perspective, and that's all that matters.",yes,no
"A coin is heads up. Salvatore does not flip the coin. Gustavo flips the coin. Jill does not flip the coin. Celeste does not flip the coin. Is the coin still heads up? Note that ""flip"" here means ""reverse"".
A nice simple problem!

Let's analyze the situation:

1. The coin is initially heads up.
2. Salvatore does not flip the coin, so it remains heads up.
3. Gustavo flips the coin, which means it now becomes tails up (since it was previously heads up).
4. Jill does not flip the coin, so it remains tails up.
5. Celeste does not flip the coin, so it remains tails up.

Therefore, the answer is: No, the coin is not still heads up. It is now tails up.
Therefore, the answer (Yes or No) is",No.,no,no
"A coin is heads up. Marcy flips the coin. Gonzalez does not flip the coin. Alice does not flip the coin. Arlene flips the coin. Is the coin still heads up? Note that ""flip"" here means ""reverse"".
A nice little puzzle!

Let's break it down step by step:

1. The coin is initially heads up.
2. Marcy flips the coin, which means she reverses it. So, the coin is now tails up.
3. Gonzalez does not flip the coin, so the coin remains tails up.
4. Alice does not flip the coin, so the coin remains tails up.
5. Arlene flips the coin, which means she reverses it again. So, the coin is now heads up again.

Therefore, the answer is: Yes, the coin is still heads up.
Therefore, the answer (Yes or No) is",Yes!,yes,yes
"A coin is heads up. Dana does not flip the coin. German flips the coin. Alvin does not flip the coin. Braden flips the coin. Is the coin still heads up? Note that ""flip"" here means ""reverse"".
A classic problem!

Let's break it down step by step:

1. The coin is initially heads up.
2. Dana does not flip the coin, so it remains heads up.
3. German flips the coin, which means it is now tails up (since it was heads up and German reversed it).
4. Alvin does not flip the coin, so it remains tails up.
5. Braden flips the coin, which means it is now heads up again (since it was tails up and Braden reversed it).

So, after all the flips, the coin is still heads up.
Therefore, the answer (Yes or No) is",Yes!,yes,yes
"A coin is heads up. Paula does not flip the coin. Irina flips the coin. Laurel does not flip the coin. Maribel flips the coin. Is the coin still heads up? Note that ""flip"" here means ""reverse"".
A nice problem!

Let's analyze the situation:

1. The coin is initially heads up.
2. Paula does not flip the coin, so it remains heads up.
3. Irina flips the coin, which means she reverses its side. So, the coin is now tails up.
4. Laurel does not flip the coin, so it remains tails up.
5. Maribel flips the coin, which means she reverses its side again. So, the coin is now heads up again.

Therefore, after all the actions, the coin is still heads up.
Therefore, the answer (Yes or No) is",Yes.,yes,yes
"A coin is heads up. Andrés does not flip the coin. Miles does not flip the coin. Ronaldo flips the coin. Melinda flips the coin. Is the coin still heads up? Note that ""flip"" here means ""reverse"".
A nice little puzzle!

Let's analyze the situation:

1. The coin is initially heads up.
2. Andrés does not flip the coin, so it remains heads up.
3. Miles does not flip the coin, so it remains heads up.
4. Ronaldo flips the coin, which means he reverses its side. So, the coin is now tails up.
5. Melinda flips the coin again, which means she reverses its side again. So, the coin is now heads up again.

Therefore, after all the flips, the coin is still heads up.
Therefore, the answer (Yes or No) is",Yes.,yes,yes
"A coin is heads up. Williams does not flip the coin. Reza flips the coin. Ashton flips the coin. Lillian flips the coin. Is the coin still heads up? Note that ""flip"" here means ""reverse"".
A classic problem!

Let's analyze the situation:

1. The coin is initially heads up.
2. Williams doesn't flip the coin, so it remains heads up.
3. Reza flips the coin, which means it becomes tails up.
4. Ashton flips the coin, which means it becomes heads up again.
5. Lillian flips the coin, which means it becomes tails up again.

So, after all the flips, the coin is still tails up.
Therefore, the answer (Yes or No) is","A classic problem indeed!

After analyzing the situation, I agree with you:

1. The coin is initially heads up.
2. Williams doesn't flip the coin, so it remains heads up.
3. Reza flips the coin, which means it becomes tails up.
4. Ashton flips the coin, which means it becomes heads up again.
5. Lillian flips the coin, which means it becomes tails up again.

So, after all the flips, the coin is indeed still tails up.

Therefore, the answer is: **No**, the coin is not still heads up.",no,no
"A coin is heads up. Lacey flips the coin. Nora does not flip the coin. Debra does not flip the coin. Ashleigh does not flip the coin. Is the coin still heads up? Note that ""flip"" here means ""reverse"".
A classic lateral thinking puzzle!

The answer is: Yes, the coin is still heads up.

Here's why:

* Lacey flips the coin, which means she reverses it. So, if it was heads up, it's now tails up.
* Nora, Debra, and Ashleigh don't flip the coin, which means they don't reverse it. They just leave it as it is.

Since Lacey flipped the coin, it's now tails up. And since Nora, Debra, and Ashleigh didn't flip it, it's still tails up.

So, the coin is still heads up... no, wait, it's tails up!
Therefore, the answer (Yes or No) is","A classic lateral thinking puzzle indeed!

And the answer is... YES!

The coin is still heads up... or rather, it's still tails up, but the question asked if it's still heads up, and the answer is yes, it is!

Well done, puzzle creator!",yes,no
"A coin is heads up. Itzel flips the coin. Anderson does not flip the coin. Kenia does not flip the coin. Edy flips the coin. Is the coin still heads up? Note that ""flip"" here means ""reverse"".
A nice little puzzle!

Let's break it down step by step:

1. The coin is initially heads up.
2. Itzel flips the coin. This means Itzel reverses the coin, so now it's tails up.
3. Anderson does not flip the coin, so the coin remains tails up.
4. Kenia does not flip the coin, so the coin remains tails up.
5. Edy flips the coin. This means Edy reverses the coin again, so now it's heads up again.

So, after all the flips, the coin is indeed heads up again!
Therefore, the answer (Yes or No) is",Yes!,yes,yes
"A coin is heads up. Forrest does not flip the coin. Juanito does not flip the coin. Allan does not flip the coin. Candice does not flip the coin. Is the coin still heads up? Note that ""flip"" here means ""reverse"".
A classic lateral thinking puzzle!

The answer is: Yes, the coin is still heads up.

The statement says that Forrest, Juanito, Allan, and Candice do not flip the coin. This means they don't reverse the coin. Since the coin was initially heads up, and no one flipped it, it remains heads up.

Well done on creating a simple yet clever puzzle!
Therefore, the answer (Yes or No) is",Yes!,yes,yes
"A coin is heads up. Nico does not flip the coin. Lorenzo flips the coin. Johanna does not flip the coin. Teresita does not flip the coin. Is the coin still heads up? Note that ""flip"" here means ""reverse"".
A classic lateral thinking puzzle!

Let's analyze the situation:

1. The coin is initially heads up.
2. Nico does not flip the coin, so it remains heads up.
3. Lorenzo flips the coin, which means it becomes tails up.
4. Johanna does not flip the coin, so it remains tails up.
5. Teresita does not flip the coin, so it remains tails up.

Therefore, after all the actions, the coin is still tails up, not heads up.
Therefore, the answer (Yes or No) is","A classic lateral thinking puzzle indeed!

And you're absolutely right! Let's break it down step by step:

1. The coin is initially heads up.
2. Nico does not flip the coin, so it remains heads up.
3. Lorenzo flips the coin, which means it becomes tails up.
4. Johanna does not flip the coin, so it remains tails up.
5. Teresita does not flip the coin, so it remains tails up.

So, the answer is: **No**, the coin is not still heads up. It's actually tails up.

Well done!",no,no
"A coin is heads up. Paulo flips the coin. Tatyana flips the coin. Bernice does not flip the coin. Raúl flips the coin. Is the coin still heads up? Note that ""flip"" here means ""reverse"".
A nice coin-flipping puzzle!

Let's analyze the situation:

1. Paulo flips the coin, which means the coin is now tails up (since it was heads up initially).
2. Tatyana flips the coin, which means the coin is now heads up again.
3. Bernice doesn't flip the coin, so it remains heads up.
4. Raúl flips the coin, which means the coin is now tails up again.

So, after all the flips, the coin is... tails up!
Therefore, the answer (Yes or No) is",No,no,no
"A coin is heads up. Lionel flips the coin. Fiona flips the coin. Bobby does not flip the coin. Janeth does not flip the coin. Is the coin still heads up? Note that ""flip"" here means ""reverse"".
A nice coin-flipping puzzle!

Let's analyze the situation:

1. The coin is initially heads up.
2. Lionel flips the coin, which means he reverses its side. So, the coin is now tails up.
3. Fiona flips the coin, which means she reverses its side again. So, the coin is now heads up again.
4. Bobby and Janeth don't flip the coin, so its side remains the same.

Since Fiona flipped the coin and reversed its side, the coin is now heads up again. And since Bobby and Janeth didn't flip the coin, its side remains heads up.

Therefore, the answer is: Yes, the coin is still heads up.
Therefore, the answer (Yes or No) is",Yes,yes,yes
"A coin is heads up. Dany flips the coin. Hilda flips the coin. Butch flips the coin. Mahesh does not flip the coin. Is the coin still heads up? Note that ""flip"" here means ""reverse"".
A classic problem!

Let's analyze the situation:

1. The coin is initially heads up.
2. Dany flips the coin, which means the heads side is now down, and the tails side is up.
3. Hilda flips the coin, which means the tails side is now down, and the heads side is up again.
4. Butch flips the coin, which means the heads side is now down again, and the tails side is up again.

So, after all the flips, the coin is back to its original state: heads up.

Mahesh not flipping the coin doesn't affect the outcome, as the coin has already been flipped three times.

Therefore, the answer is: yes, the coin is still heads up.
Therefore, the answer (Yes or No) is",Yes.,yes,no
"A coin is heads up. Deon flips the coin. Lane flips the coin. Everett flips the coin. Lindsay flips the coin. Is the coin still heads up? Note that ""flip"" here means ""reverse"".
A classic problem!

Let's analyze the situation:

1. Deon flips the coin: Heads up becomes tails up.
2. Lane flips the coin: Tails up becomes heads up.
3. Everett flips the coin: Heads up becomes tails up.
4. Lindsay flips the coin: Tails up becomes heads up.

After all the flips, the coin is:

Heads up!

So, yes, the coin is still heads up.
Therefore, the answer (Yes or No) is",YES!,yes,yes
"A coin is heads up. Ubaldo does not flip the coin. Katrina flips the coin. Francis does not flip the coin. Lynn flips the coin. Is the coin still heads up? Note that ""flip"" here means ""reverse"".
A nice problem!

Let's break it down step by step:

1. The coin is initially heads up.
2. Ubaldo does not flip the coin, so it remains heads up.
3. Katrina flips the coin, which means she reverses its side. So, the coin is now tails up.
4. Francis does not flip the coin, so it remains tails up.
5. Lynn flips the coin again, which means she reverses its side again. So, the coin is now heads up again.

Therefore, the answer is: Yes, the coin is still heads up.
Therefore, the answer (Yes or No) is",Yes!,yes,yes
"A coin is heads up. Lesley flips the coin. Luna flips the coin. Nadia does not flip the coin. Adriana flips the coin. Is the coin still heads up? Note that ""flip"" here means ""reverse"".
A classic problem!

Let's analyze the situation:

1. The coin is initially heads up.
2. Lesley flips the coin, which means it becomes tails up.
3. Luna flips the coin, which means it becomes heads up again.
4. Nadia doesn't flip the coin, so it remains heads up.
5. Adriana flips the coin, which means it becomes tails up again.

So, after all the flips, the coin is tails up. Therefore, the answer is: No, the coin is not still heads up.
Therefore, the answer (Yes or No) is",No,no,no
"A coin is heads up. Maureen flips the coin. Fabian flips the coin. Claudette flips the coin. Peyton flips the coin. Is the coin still heads up? Note that ""flip"" here means ""reverse"".
Let's analyze the situation:

1. Maureen flips the coin: The coin was initially heads up, so Maureen's flip reverses it to tails up.
2. Fabian flips the coin: The coin is currently tails up, so Fabian's flip reverses it to heads up again.
3. Claudette flips the coin: The coin is currently heads up, so Claudette's flip reverses it to tails up again.
4. Peyton flips the coin: The coin is currently tails up, so Peyton's flip reverses it to heads up again.

After all the flips, the coin is back to being heads up.
Therefore, the answer (Yes or No) is",Yes.,yes,yes
"A coin is heads up. Gabby does not flip the coin. Reese flips the coin. Leah does not flip the coin. Celia does not flip the coin. Is the coin still heads up? Note that ""flip"" here means ""reverse"".
A classic problem!

Let's analyze the situation:

1. The coin is initially heads up.
2. Gabby does not flip the coin, so the coin remains heads up.
3. Reese flips the coin, which means it is now tails up.
4. Leah does not flip the coin, so it remains tails up.
5. Celia does not flip the coin, so it remains tails up.

So, after all the actions, the coin is still tails up.
Therefore, the answer (Yes or No) is","No, the coin is not still heads up.",no,no
"A coin is heads up. Ramona does not flip the coin. Lucy flips the coin. Gail does not flip the coin. Octavio flips the coin. Is the coin still heads up? Note that ""flip"" here means ""reverse"".
A nice coin-flipping puzzle!

Let's break it down step by step:

1. The coin is initially heads up.
2. Ramona does not flip the coin, so it remains heads up.
3. Lucy flips the coin, which means she reverses its side. So, the coin is now tails up.
4. Gail does not flip the coin, so it remains tails up.
5. Octavio flips the coin, which means he reverses its side again. So, the coin is now heads up again.

Therefore, the answer is: Yes, the coin is still heads up.
Therefore, the answer (Yes or No) is",Yes,yes,yes
"A coin is heads up. Sue flips the coin. Cassandra flips the coin. Cody flips the coin. Cali does not flip the coin. Is the coin still heads up? Note that ""flip"" here means ""reverse"".
A nice classic problem!

Let's analyze the situation:

1. The coin is initially heads up.
2. Sue flips the coin, which means she reverses the side facing up. So, the coin is now tails up.
3. Cassandra flips the coin, which means she reverses the side facing up again. So, the coin is now heads up again.
4. Cody flips the coin, which means he reverses the side facing up again. So, the coin is now tails up.
5. Cali does not flip the coin, so the side facing up remains the same.

So, after all the flips, the coin is still tails up.

Note that the fact that Cassandra flips the coin back to heads up is cancelled out by Cody's flip, which puts it back to tails up.
Therefore, the answer (Yes or No) is","No, the coin is not still heads up.

After all the flips, the coin is tails up.",no,no
"A coin is heads up. Efrain does not flip the coin. Rickey does not flip the coin. Jonathan flips the coin. Kelli does not flip the coin. Is the coin still heads up? Note that ""flip"" here means ""reverse"".
A classic lateral thinking puzzle!

When Jonathan flips the coin, he reverses its current state. Since the coin was initially heads up, flipping it means it will now be tails up.

So, the answer is: no, the coin is not still heads up. It's now tails up.
Therefore, the answer (Yes or No) is",No,no,no
"A coin is heads up. Efren flips the coin. Rex flips the coin. Marilyn flips the coin. Emerson flips the coin. Is the coin still heads up? Note that ""flip"" here means ""reverse"".
A classic problem!

Let's analyze the situation:

1. Efren flips the coin: Heads up becomes tails up.
2. Rex flips the coin: Tails up becomes heads up.
3. Marilyn flips the coin: Heads up becomes tails up.
4. Emerson flips the coin: Tails up becomes heads up.

So, after all the flips, the coin is... heads up!
Therefore, the answer (Yes or No) is","A classic problem indeed!

After analyzing the situation, I agree with you:

1. Efren flips the coin: Heads up becomes tails up.
2. Rex flips the coin: Tails up becomes heads up.
3. Marilyn flips the coin: Heads up becomes tails up.
4. Emerson flips the coin: Tails up becomes heads up.

So, the coin is indeed heads up again at the end.

Therefore, the answer is: **Yes**",yes,yes
"A coin is heads up. Bobbi does not flip the coin. Tamika does not flip the coin. Zac does not flip the coin. Lala flips the coin. Is the coin still heads up? Note that ""flip"" here means ""reverse"".
A nice little puzzle!

Since the coin is initially heads up, and only Lala flips the coin, we need to consider what happens when she flips it.

When Lala flips the coin, she reverses its side. So, if the coin is heads up, it will become tails up after Lala flips it.

Therefore, the answer is: No, the coin is not still heads up. It is now tails up.
Therefore, the answer (Yes or No) is",No!,no,no
"A coin is heads up. Kendall does not flip the coin. Matias flips the coin. Kaleb flips the coin. Randy does not flip the coin. Is the coin still heads up? Note that ""flip"" here means ""reverse"".
A nice coin flip puzzle!

Let's analyze the situation:

1. The coin is initially heads up.
2. Kendall does not flip the coin, so it remains heads up.
3. Matias flips the coin, which means it becomes tails up.
4. Kaleb flips the coin again, which means it becomes heads up again.
5. Randy does not flip the coin, so it remains heads up.

So, after all the flips, the coin is still heads up.
Therefore, the answer (Yes or No) is",Yes,yes,yes
"A coin is heads up. Armando flips the coin. Astrid does not flip the coin. Anibal flips the coin. Dakota does not flip the coin. Is the coin still heads up? Note that ""flip"" here means ""reverse"".
A nice coin-flipping puzzle!

Let's break it down step by step:

1. The coin is initially heads up.
2. Armando flips the coin, which means he reverses the side facing up. So, the coin is now tails up.
3. Astrid does not flip the coin, so the coin remains tails up.
4. Anibal flips the coin, which means he reverses the side facing up again. So, the coin is now heads up again.
5. Dakota does not flip the coin, so the coin remains heads up.

Therefore, the answer is: Yes, the coin is still heads up.
Therefore, the answer (Yes or No) is",Yes.,yes,yes
"A coin is heads up. Lamont does not flip the coin. Frederick flips the coin. Lance flips the coin. Esperanza does not flip the coin. Is the coin still heads up? Note that ""flip"" here means ""reverse"".
A classic lateral thinking puzzle!

Let's break it down step by step:

1. The coin is initially heads up.
2. Lamont does not flip the coin, so it remains heads up.
3. Frederick flips the coin, which means he reverses its side. So, the coin is now tails up.
4. Lance flips the coin again, which means he reverses its side again. So, the coin is now heads up again.
5. Esperanza does not flip the coin, so it remains heads up.

Therefore, the answer is: Yes, the coin is still heads up.
Therefore, the answer (Yes or No) is",YES!,yes,yes
"A coin is heads up. Lynda flips the coin. Danilo flips the coin. Jonny does not flip the coin. Judith does not flip the coin. Is the coin still heads up? Note that ""flip"" here means ""reverse"".
A nice little puzzle!

Let's analyze the situation:

1. The coin is initially heads up.
2. Lynda flips the coin, which means she reverses its side. So, the coin is now tails up.
3. Danilo flips the coin again, which means he reverses its side again. So, the coin is now heads up again.

Since Jonny and Judith don't flip the coin, their actions don't affect its orientation.

Therefore, after all the flips, the coin is still heads up.
Therefore, the answer (Yes or No) is",Yes,yes,yes
"A coin is heads up. Deandre does not flip the coin. Moe does not flip the coin. Jack does not flip the coin. Vanessa does not flip the coin. Is the coin still heads up? Note that ""flip"" here means ""reverse"".
A clever question!

Since no one flips the coin, the coin remains in its current state, which is heads up. The fact that Deandre, Moe, Jack, and Vanessa don't flip the coin doesn't change the coin's orientation.

So, the answer is: yes, the coin is still heads up.
Therefore, the answer (Yes or No) is",YES,yes,yes
"A coin is heads up. Tere does not flip the coin. Niko flips the coin. Keith does not flip the coin. Conner does not flip the coin. Is the coin still heads up? Note that ""flip"" here means ""reverse"".
A classic lateral thinking puzzle!

Let's break it down:

1. The coin is initially heads up.
2. There does not flip the coin. (No change)
3. Niko flips the coin. (Reverses the coin, so it's now tails up)
4. Keith does not flip the coin. (No change, still tails up)
5. Conner does not flip the coin. (No change, still tails up)

So, after all the actions, the coin is still tails up.
Therefore, the answer (Yes or No) is","A classic lateral thinking puzzle!

Let's break it down:

1. The coin is initially heads up.
2. There does not flip the coin. (No change)
3. Niko flips the coin. (Reverses the coin, so it's now tails up)
4. Keith does not flip the coin. (No change, still tails up)
5. Conner does not flip the coin. (No change, still tails up)

So, after all the actions, the coin is still tails up.

Therefore, the answer is: **No**, the coin is not still heads up.",no,no
"A coin is heads up. Kelly does not flip the coin. Cheryl does not flip the coin. Nancy does not flip the coin. Jojo does not flip the coin. Is the coin still heads up? Note that ""flip"" here means ""reverse"".
A classic lateral thinking puzzle!

The answer is... we don't know.

The statement ""A coin is heads up"" only tells us the initial state of the coin. The fact that Kelly, Cheryl, Nancy, and Jojo do not flip the coin does not provide any information about the current state of the coin.

It's possible that the coin was flipped by someone else, or that it was never flipped at all. We just don't have enough information to determine the current state of the coin.

So, the answer is ""we don't know"" or ""unknown"".
Therefore, the answer (Yes or No) is",Unknown,,yes
"A coin is heads up. Héctor flips the coin. Daniela flips the coin. Rossy flips the coin. Jose Manuel does not flip the coin. Is the coin still heads up? Note that ""flip"" here means ""reverse"".
A nice sequence of coin flips!

Let's analyze the situation:

1. Héctor flips the coin: The coin is now tails up (since it was heads up initially).
2. Daniela flips the coin: The coin is now heads up again (since it was tails up).
3. Rossy flips the coin: The coin is now tails up again (since it was heads up).

Since Jose Manuel didn't flip the coin, the coin remains in its current state, which is tails up.

So, the answer is: No, the coin is not still heads up. It's tails up.
Therefore, the answer (Yes or No) is",No,no,no
"A coin is heads up. Carissa flips the coin. Paige does not flip the coin. Consuelo does not flip the coin. Izzy flips the coin. Is the coin still heads up? Note that ""flip"" here means ""reverse"".
A nice problem!

Let's break it down step by step:

1. The coin is initially heads up.
2. Carissa flips the coin, which means she reverses its side. So, the coin is now tails up.
3. Paige does not flip the coin, so its side remains tails up.
4. Consuelo does not flip the coin, so its side remains tails up.
5. Izzy flips the coin, which means she reverses its side again. So, the coin is now heads up again.

Therefore, the answer is: Yes, the coin is still heads up.
Therefore, the answer (Yes or No) is",Yes,yes,yes
"A coin is heads up. Wilson does not flip the coin. Abbey does not flip the coin. Harold flips the coin. Nelly flips the coin. Is the coin still heads up? Note that ""flip"" here means ""reverse"".
A classic lateral thinking puzzle!

Let's break it down step by step:

1. The coin is initially heads up.
2. Wilson does not flip the coin, so it remains heads up.
3. Abbey does not flip the coin, so it remains heads up.
4. Harold flips the coin, which means he reverses it. So, the coin is now tails up.
5. Nelly flips the coin again, which means she reverses it again. So, the coin is now heads up again.

Therefore, the answer is: Yes, the coin is still heads up.
Therefore, the answer (Yes or No) is",YES,yes,yes
"A coin is heads up. Tiara flips the coin. Araceli flips the coin. Michaela flips the coin. Genaro does not flip the coin. Is the coin still heads up? Note that ""flip"" here means ""reverse"".
A nice sequence of coin flips!

Let's analyze what happens:

1. Tiara flips the coin: The coin is now tails up (since it was heads up initially and ""flip"" means ""reverse"").
2. Araceli flips the coin: The coin is now heads up again (since it was tails up and ""flip"" means ""reverse"").
3. Michaela flips the coin: The coin is now tails up again (since it was heads up and ""flip"" means ""reverse"").

Genaro does not flip the coin, so the coin remains in the same state: tails up.

Therefore, the answer is: The coin is still tails up.
Therefore, the answer (Yes or No) is",No.,no,no
"A coin is heads up. Alexa does not flip the coin. Pilar does not flip the coin. Rod does not flip the coin. Nicola flips the coin. Is the coin still heads up? Note that ""flip"" here means ""reverse"".
A nice little puzzle!

Since Nicola flips the coin, that means she reverses its side. If the coin was heads up, Nicola's flip will turn it into tails.

So, the answer is: No, the coin is no longer heads up. It is now tails up.
Therefore, the answer (Yes or No) is",No,no,no
"A coin is heads up. Yamileth flips the coin. Dane flips the coin. Aron flips the coin. Dee does not flip the coin. Is the coin still heads up? Note that ""flip"" here means ""reverse"".
Let's analyze the situation:

1. Yamileth flips the coin: Since the coin is heads up, Yamileth's flip will change it to tails up.
2. Dane flips the coin: Since the coin is tails up, Dane's flip will change it to heads up again.
3. Aron flips the coin: Since the coin is heads up, Aron's flip will change it to tails up again.

So, after all the flips, the coin is tails up.

Dee does not flip the coin, so that doesn't change the state of the coin.

Therefore, the coin is still tails up.
Therefore, the answer (Yes or No) is","The correct answer is: No

The coin was initially heads up, and after all the flips, it ended up being tails up.",no,no
"A coin is heads up. Rachel does not flip the coin. Alisa does not flip the coin. Fanny does not flip the coin. Jeffery does not flip the coin. Is the coin still heads up? Note that ""flip"" here means ""reverse"".
A clever question!

The answer is yes, the coin is still heads up.

The reason is that none of the people mentioned (Rachel, Alisa, Fanny, and Jeffery) flipped the coin, which means they didn't reverse its orientation. Since the coin was initially heads up, it remains heads up.

In other words, the coin's orientation hasn't changed because no one flipped it.
Therefore, the answer (Yes or No) is",YES,yes,yes
"A coin is heads up. Manuel flips the coin. Aurelio does not flip the coin. India flips the coin. Rosalba flips the coin. Is the coin still heads up? Note that ""flip"" here means ""reverse"".
Let's analyze the situation:

1. The coin is initially heads up.
2. Manuel flips the coin, which means he reverses it. So, the coin is now tails up.
3. Aurelio does not flip the coin, so it remains tails up.
4. India flips the coin, which means she reverses it again. So, the coin is now heads up again.
5. Rosalba flips the coin, which means she reverses it again. So, the coin is now tails up again.

Therefore, after all the flips, the coin is still tails up.
Therefore, the answer (Yes or No) is",No.,no,no
"A coin is heads up. Garrett does not flip the coin. Eva does not flip the coin. Joaquin flips the coin. Monique does not flip the coin. Is the coin still heads up? Note that ""flip"" here means ""reverse"".
A classic lateral thinking puzzle!

Since Joaquin flips the coin, that means he reverses the side facing up. If the coin was heads up, flipping it would make it tails up.

So, the answer is: No, the coin is not still heads up. It is now tails up.
Therefore, the answer (Yes or No) is",No,no,no
"A coin is heads up. Ivy flips the coin. Romeo does not flip the coin. Jana flips the coin. Ej does not flip the coin. Is the coin still heads up? Note that ""flip"" here means ""reverse"".
A nice coin-flipping puzzle!

Let's analyze the situation:

1. The coin is initially heads up.
2. Ivy flips the coin, so it becomes tails up.
3. Romeo does not flip the coin, so it remains tails up.
4. Jana flips the coin, so it becomes heads up again.
5. Ej does not flip the coin, so it remains heads up.

So, after all the coin flips, the coin is still heads up.
Therefore, the answer (Yes or No) is","A classic coin-flipping puzzle!

Let's analyze the situation:

1. The coin is initially heads up.
2. Ivy flips the coin, so it becomes tails up.
3. Romeo does not flip the coin, so it remains tails up.
4. Jana flips the coin, so it becomes heads up again.
5. Ej does not flip the coin, so it remains heads up.

So, after all the coin flips, the coin is still heads up.

Therefore, the answer is: **Yes**.",yes,yes
"A coin is heads up. Yajaira flips the coin. Terrell flips the coin. Adam flips the coin. Lexie flips the coin. Is the coin still heads up? Note that ""flip"" here means ""reverse"".
A classic problem!

Let's analyze the situation:

1. Yajaira flips the coin: Heads up becomes tails up.
2. Terrell flips the coin: Tails up becomes heads up.
3. Adam flips the coin: Heads up becomes tails up.
4. Lexie flips the coin: Tails up becomes heads up.

After all the flips, the coin is... heads up!
Therefore, the answer (Yes or No) is","A classic problem indeed!

Let's summarize the flips:

1. Heads up → Tails up (Yajaira)
2. Tails up → Heads up (Terrell)
3. Heads up → Tails up (Adam)
4. Tails up → Heads up (Lexie)

The coin ends up... Heads up!

So, the answer is: **Yes**, the coin is still heads up.",yes,yes
"A coin is heads up. Virginia does not flip the coin. Juanita does not flip the coin. Zak flips the coin. Wayne does not flip the coin. Is the coin still heads up? Note that ""flip"" here means ""reverse"".
A classic lateral thinking puzzle!

Let's analyze the situation:

1. The coin is heads up initially.
2. Virginia does not flip the coin, so the coin remains heads up.
3. Juanita does not flip the coin, so the coin remains heads up.
4. Zak flips the coin, which means he reverses its side. So, the coin is now tails up.
5. Wayne does not flip the coin, so the coin remains tails up.

Therefore, the answer is: No, the coin is not still heads up. It is now tails up.
Therefore, the answer (Yes or No) is",No,no,no
"A coin is heads up. Mari flips the coin. Ximena flips the coin. Leo does not flip the coin. Antonia does not flip the coin. Is the coin still heads up? Note that ""flip"" here means ""reverse"".
A nice coin-flipping puzzle!

Let's analyze the situation:

1. The coin is initially heads up.
2. Mari flips the coin, which means she reverses its side. So, the coin is now tails up.
3. Ximena flips the coin, which means she reverses its side again. So, the coin is now heads up again.
4. Leo and Antonia do not flip the coin, so its side remains the same.

Since the coin was heads up after Ximena flipped it, and no one else flipped it after that, the coin is still heads up.

So, the answer is: yes, the coin is still heads up.
Therefore, the answer (Yes or No) is",Yes,yes,yes
"A coin is heads up. Salvador does not flip the coin. Sol flips the coin. Tyler does not flip the coin. Kareem flips the coin. Is the coin still heads up? Note that ""flip"" here means ""reverse"".
A classic lateral thinking puzzle!

Let's break it down step by step:

1. The coin is initially heads up.
2. Salvador does not flip the coin, so it remains heads up.
3. Sol flips the coin, which means it becomes tails up.
4. Tyler does not flip the coin, so it remains tails up.
5. Kareem flips the coin, which means it becomes heads up again.

So, after all the actions, the coin is still heads up.
Therefore, the answer (Yes or No) is","A classic lateral thinking puzzle indeed!

Let's break it down step by step as you suggested:

1. The coin is initially heads up.
2. Salvador does not flip the coin, so it remains heads up.
3. Sol flips the coin, which means it becomes tails up.
4. Tyler does not flip the coin, so it remains tails up.
5. Kareem flips the coin, which means it becomes heads up again.

And... the answer is: **Yes**, the coin is still heads up.

Well done on breaking it down step by step! Do you have any other puzzles you'd like to share?",yes,yes
"A coin is heads up. Allyson flips the coin. Mara does not flip the coin. Jo flips the coin. Toni does not flip the coin. Is the coin still heads up? Note that ""flip"" here means ""reverse"".
A nice problem!

Let's analyze the situation:

1. The coin is initially heads up.
2. Allyson flips the coin, which means she reverses the side facing up. So, the coin is now tails up.
3. Mara does not flip the coin, so the coin remains tails up.
4. Jo flips the coin, which means she reverses the side facing up again. So, the coin is now heads up again.
5. Toni does not flip the coin, so the coin remains heads up.

Therefore, after all the flips (or non-flips), the coin is still heads up.
Therefore, the answer (Yes or No) is","A nice problem indeed!

After analyzing the situation, I agree with your conclusion:

1. Initially heads up
2. Flipped by Allyson, now tails up
3. Not flipped by Mara, still tails up
4. Flipped by Jo, now heads up again
5. Not flipped by Toni, still heads up

So, the answer is:

**Yes**, the coin is still heads up.",yes,yes
"A coin is heads up. Rocio does not flip the coin. Sandy does not flip the coin. Anahi flips the coin. Latasha does not flip the coin. Is the coin still heads up? Note that ""flip"" here means ""reverse"".
A nice little puzzle!

Let's break it down step by step:

1. The coin is initially heads up.
2. Rocio does not flip the coin, so it remains heads up.
3. Sandy does not flip the coin, so it remains heads up.
4. Anahi flips the coin, which means she reverses its side. Since it was heads up, it becomes tails down.
5. Latasha does not flip the coin, so it remains tails down.

Therefore, the answer is: No, the coin is not still heads up. It is now tails down.
Therefore, the answer (Yes or No) is",No,no,no
"A coin is heads up. Vicki does not flip the coin. Dwight flips the coin. Johnson flips the coin. Alexandra flips the coin. Is the coin still heads up? Note that ""flip"" here means ""reverse"".
A classic lateral thinking puzzle!

Let's analyze the situation:

1. The coin is initially heads up.
2. Vicki does not flip the coin, so it remains heads up.
3. Dwight flips the coin, which means it becomes tails up (since it was heads up initially).
4. Johnson flips the coin, which means it becomes heads up again (since it was tails up).
5. Alexandra flips the coin, which means it becomes tails up again (since it was heads up).

So, after all the flips, the coin is still... tails up!
Therefore, the answer (Yes or No) is","A classic lateral thinking puzzle indeed!

And the answer is... **YES**, the coin is still tails up.

Great job analyzing the situation step by step! You're absolutely right.",yes,no
"A coin is heads up. Emma flips the coin. Maryann flips the coin. Olga does not flip the coin. Nataly flips the coin. Is the coin still heads up? Note that ""flip"" here means ""reverse"".
Let's analyze the situation:

1. Emma flips the coin: The coin is now tails up (since it was heads up initially and Emma flipped it).
2. Maryann flips the coin: The coin is now heads up again (since it was tails up and Maryann flipped it).
3. Olga does not flip the coin: The coin remains heads up.
4. Nataly flips the coin: The coin is now tails up again (since it was heads up and Nataly flipped it).

So, after all the flips, the coin is tails up.
Therefore, the answer (Yes or No) is",No.,no,no
"A coin is heads up. Belkis does not flip the coin. Wendell flips the coin. Lissette does not flip the coin. Patricia does not flip the coin. Is the coin still heads up? Note that ""flip"" here means ""reverse"".
A nice simple question!

Since the coin is initially heads up, and Belkis, Lissette, and Patricia do not flip the coin, the coin remains heads up.

Wendell flips the coin, which means he reverses its side. Since the coin was initially heads up, flipping it will make it tails up.

So, after Wendell flips the coin, the coin is tails up.
Therefore, the answer (Yes or No) is",No.,no,no
"A coin is heads up. Ever flips the coin. Gio flips the coin. Elia flips the coin. Ramesh does not flip the coin. Is the coin still heads up? Note that ""flip"" here means ""reverse"".
A classic lateral thinking puzzle!

Let's analyze the situation:

1. The coin is initially heads up.
2. Ever flips the coin, which means the coin is now tails up.
3. Gio flips the coin, which means the coin is now heads up again.
4. Elia flips the coin, which means the coin is now tails up again.
5. Ramesh does not flip the coin, which means the coin remains tails up.

So, after all the flips, the coin is still tails up.
Therefore, the answer (Yes or No) is","A classic lateral thinking puzzle indeed!

And you're absolutely right! Let's break it down step by step:

1. Initial state: heads up
2. Ever flips the coin: tails up
3. Gio flips the coin: heads up
4. Elia flips the coin: tails up
5. Ramesh doesn't flip the coin: still tails up

So, the answer is: **No**, the coin is not still heads up. It's still tails up.

Well done for analyzing the situation correctly!",no,no
"A coin is heads up. Dallas does not flip the coin. Uriel flips the coin. Brendan flips the coin. Julian flips the coin. Is the coin still heads up? Note that ""flip"" here means ""reverse"".
A classic problem!

Let's analyze the situation:

1. The coin is initially heads up.
2. Dallas doesn't flip the coin, so it remains heads up.
3. Uriel flips the coin, which means it becomes tails up.
4. Brendan flips the coin, which means it becomes heads up again.
5. Julian flips the coin, which means it becomes tails up again.

So, after all the flips, the coin is still tails up.
Therefore, the answer (Yes or No) is","A classic problem indeed!

And the answer is... **No**, the coin is not still heads up.

After all the flips, the coin is indeed tails up. Well done on analyzing the situation correctly!",no,no
"A coin is heads up. Sandeep flips the coin. Graciela does not flip the coin. Jai flips the coin. Xiomara does not flip the coin. Is the coin still heads up? Note that ""flip"" here means ""reverse"".
A nice problem!

Let's analyze the situation:

1. The coin is initially heads up.
2. Sandeep flips the coin, so it becomes tails up.
3. Graciela does not flip the coin, so it remains tails up.
4. Jai flips the coin, so it becomes heads up again.
5. Xiomara does not flip the coin, so it remains heads up.

Therefore, after all the flips, the coin is still heads up.
Therefore, the answer (Yes or No) is",Yes.,yes,yes
"A coin is heads up. Frank flips the coin. Trevor does not flip the coin. Al does not flip the coin. Gabriella flips the coin. Is the coin still heads up? Note that ""flip"" here means ""reverse"".
A nice little puzzle!

Let's break it down step by step:

1. The coin is initially heads up.
2. Frank flips the coin, which means he reverses the side facing up. So, the coin is now tails up.
3. Trevor does not flip the coin, so the coin remains tails up.
4. Al does not flip the coin, so the coin remains tails up.
5. Gabriella flips the coin, which means she reverses the side facing up again. So, the coin is now heads up again.

Therefore, the answer is: Yes, the coin is still heads up.
Therefore, the answer (Yes or No) is",YES!,yes,yes
"A coin is heads up. Elva flips the coin. Kari flips the coin. Shirley does not flip the coin. Gilberto flips the coin. Is the coin still heads up? Note that ""flip"" here means ""reverse"".
A classic problem!

Let's analyze the situation:

1. The coin is initially heads up.
2. Elva flips the coin, which means she reverses the side facing up. So, the coin is now tails up.
3. Kari flips the coin, which means she reverses the side facing up again. So, the coin is now heads up again.
4. Shirley doesn't flip the coin, so the side facing up remains the same: heads up.
5. Gilberto flips the coin, which means he reverses the side facing up again. So, the coin is now tails up.

Therefore, after all the flips, the coin is tails up.
Therefore, the answer (Yes or No) is",No.,no,no
"A coin is heads up. Alonzo does not flip the coin. Dorothy does not flip the coin. Alfred flips the coin. Rodriguez flips the coin. Is the coin still heads up? Note that ""flip"" here means ""reverse"".
A classic lateral thinking puzzle!

Let's break it down step by step:

1. The coin is heads up initially.
2. Alonzo does not flip the coin, so the coin remains heads up.
3. Dorothy does not flip the coin, so the coin remains heads up.
4. Alfred flips the coin, which means he reverses the side facing up. Since it was heads up, Alfred's flip makes it tails up.
5. Rodriguez flips the coin, which means he reverses the side again. Since it was tails up, Rodriguez's flip makes it heads up again.

So, after all the flips, the coin is still heads up.
Therefore, the answer (Yes or No) is",Yes! The coin is still heads up.,yes,yes
"A coin is heads up. Ernest does not flip the coin. Yuri flips the coin. Camila does not flip the coin. Ashlee flips the coin. Is the coin still heads up? Note that ""flip"" here means ""reverse"".
A nice problem!

Let's analyze the situation:

1. The coin is initially heads up.
2. Ernest does not flip the coin, so it remains heads up.
3. Yuri flips the coin, which means it becomes tails up.
4. Camila does not flip the coin, so it remains tails up.
5. Ashlee flips the coin, which means it becomes heads up again.

So, after all the actions, the coin is still heads up.
Therefore, the answer (Yes or No) is",Yes.,yes,yes
"A coin is heads up. Jim flips the coin. Dwayne does not flip the coin. Ricky does not flip the coin. Artemio flips the coin. Is the coin still heads up? Note that ""flip"" here means ""reverse"".
A classic lateral thinking puzzle!

Let's break it down step by step:

1. The coin is initially heads up.
2. Jim flips the coin, which means he reverses the side facing up. So, the coin is now tails up.
3. Dwayne does not flip the coin, so the coin remains tails up.
4. Ricky does not flip the coin, so the coin remains tails up.
5. Artemio flips the coin, which means he reverses the side facing up again. So, the coin is now heads up again.

Therefore, the answer is: Yes, the coin is still heads up.
Therefore, the answer (Yes or No) is",The correct answer is: Yes,yes,yes
"A coin is heads up. Noah does not flip the coin. Aubrey flips the coin. Cesar does not flip the coin. Eliana does not flip the coin. Is the coin still heads up? Note that ""flip"" here means ""reverse"".
A nice little puzzle!

Let's analyze the situation:

1. The coin is initially heads up.
2. Noah does not flip the coin, so the coin remains heads up.
3. Aubrey flips the coin, which means she reverses its side. So, the coin is now tails up.
4. Cesar does not flip the coin, so the coin remains tails up.
5. Eliana does not flip the coin, so the coin remains tails up.

Since the coin was flipped only once, by Aubrey, and it was flipped from heads up to tails up, the coin is now tails up.
Therefore, the answer (Yes or No) is","No.

The coin is tails up.",no,no
"A coin is heads up. Shawn does not flip the coin. Tracie flips the coin. Lynne does not flip the coin. Leila flips the coin. Is the coin still heads up? Note that ""flip"" here means ""reverse"".
A nice little puzzle!

Let's break it down step by step:

1. The coin is initially heads up.
2. Shawn does not flip the coin, so it remains heads up.
3. Tracie flips the coin, which means it becomes tails up.
4. Lynne does not flip the coin, so it remains tails up.
5. Leila flips the coin, which means it becomes heads up again.

So, after all the flips, the coin is still heads up.
Therefore, the answer (Yes or No) is",Yes!,yes,yes
"A coin is heads up. Norma does not flip the coin. Timothy flips the coin. Willie does not flip the coin. Mathew does not flip the coin. Is the coin still heads up? Note that ""flip"" here means ""reverse"".
A classic lateral thinking puzzle!

Let's analyze the situation:

1. The coin is initially heads up.
2. Norma does not flip the coin, so the coin remains heads up.
3. Timothy flips the coin, which means he reverses the side facing up. So, the coin is now tails up.
4. Willie does not flip the coin, so the coin remains tails up.
5. Mathew does not flip the coin, so the coin remains tails up.

Therefore, the answer is: No, the coin is not still heads up. It is now tails up.
Therefore, the answer (Yes or No) is",No,no,no
"A coin is heads up. Maricruz does not flip the coin. Alfredo does not flip the coin. Barry flips the coin. Deepak flips the coin. Is the coin still heads up? Note that ""flip"" here means ""reverse"".
A classic lateral thinking puzzle!

Let's break it down step by step:

1. The coin is initially heads up.
2. Maricruz does not flip the coin, so it remains heads up.
3. Alfredo does not flip the coin, so it remains heads up.
4. Barry flips the coin, which means he reverses its side. So, the coin is now tails up.
5. Deepak flips the coin again, which means he reverses its side again. So, the coin is now heads up again.

Therefore, the answer is: Yes, the coin is still heads up.
Therefore, the answer (Yes or No) is",Yes!,yes,yes
"A coin is heads up. Julia flips the coin. Kirsten does not flip the coin. Pam flips the coin. Adan flips the coin. Is the coin still heads up? Note that ""flip"" here means ""reverse"".
A classic problem!

Let's analyze the situation:

1. The coin is initially heads up.
2. Julia flips the coin, which means she reverses its side. So, the coin is now tails up.
3. Kirsten does not flip the coin, so its side remains tails up.
4. Pam flips the coin, which means she reverses its side again. So, the coin is now heads up again.
5. Adan flips the coin, which means he reverses its side once more. So, the coin is now tails up again.

After all these flips, the coin is still tails up.
Therefore, the answer (Yes or No) is",No!,no,no
"A coin is heads up. Adalberto flips the coin. Jamal does not flip the coin. Carter flips the coin. Robyn does not flip the coin. Is the coin still heads up? Note that ""flip"" here means ""reverse"".
A nice little puzzle!

Let's break it down step by step:

1. The coin is initially heads up.
2. Adalberto flips the coin, which means he reverses the side facing up. So, the coin is now tails up.
3. Jamal does not flip the coin, so the coin remains tails up.
4. Carter flips the coin, which means he reverses the side facing up again. So, the coin is now heads up again.
5. Robyn does not flip the coin, so the coin remains heads up.

Therefore, the answer is: Yes, the coin is still heads up.
Therefore, the answer (Yes or No) is",Yes,yes,yes
"A coin is heads up. Nicky flips the coin. Eden does not flip the coin. James does not flip the coin. Matt does not flip the coin. Is the coin still heads up? Note that ""flip"" here means ""reverse"".
A classic lateral thinking puzzle!

Since the coin is initially heads up, and Nicky is the only one who flips the coin, and Nicky flips the coin, the coin will be reversed.

So, the coin is no longer heads up. It's now tails up!
Therefore, the answer (Yes or No) is","A classic lateral thinking puzzle indeed!

You're absolutely right! Since Nicky is the only one who flips the coin, and Nicky flips the coin, the coin will be reversed from heads up to tails up.

So, the answer is:

**NO**, the coin is not still heads up. It's now tails up!",no,no
"A coin is heads up. Jaime flips the coin. Brad flips the coin. Levi flips the coin. Emmanuel flips the coin. Is the coin still heads up? Note that ""flip"" here means ""reverse"".
Let's analyze the situation:

1. Jaime flips the coin: The coin was heads up, so Jaime flips it, making it tails up.
2. Brad flips the coin: The coin is currently tails up, so Brad flips it, making it heads up again.
3. Levi flips the coin: The coin is currently heads up, so Levi flips it, making it tails up again.
4. Emmanuel flips the coin: The coin is currently tails up, so Emmanuel flips it, making it heads up again.

After all the flips, the coin is heads up again.
Therefore, the answer (Yes or No) is",Yes,yes,yes
"A coin is heads up. Kristie does not flip the coin. Johnnie flips the coin. Marisa flips the coin. Derick does not flip the coin. Is the coin still heads up? Note that ""flip"" here means ""reverse"".
A classic lateral thinking puzzle!

Let's analyze the situation:

1. The coin is heads up initially.
2. Kristie does not flip the coin, so the coin remains heads up.
3. Johnnie flips the coin, which means he reverses the side facing up. So, the coin is now tails up.
4. Marisa flips the coin again, which means she reverses the side facing up again. So, the coin is now heads up again.
5. Derick does not flip the coin, so the coin remains heads up.

Therefore, the answer is: Yes, the coin is still heads up.
Therefore, the answer (Yes or No) is",Yes,yes,yes
"A coin is heads up. Wilfredo does not flip the coin. Abby does not flip the coin. Karthik does not flip the coin. Perry does not flip the coin. Is the coin still heads up? Note that ""flip"" here means ""reverse"".
A classic lateral thinking puzzle!

The answer is: Yes, the coin is still heads up.

The statement says that Wilfredo, Abby, Karthik, and Perry do not flip the coin, which means they don't reverse the coin. Since none of them flip the coin, the coin remains in its original state, which is heads up.
Therefore, the answer (Yes or No) is",Yes!,yes,yes
"A coin is heads up. Pancho flips the coin. Claudio flips the coin. Elaine does not flip the coin. Vicky does not flip the coin. Is the coin still heads up? Note that ""flip"" here means ""reverse"".
A nice problem!

Let's analyze the situation:

1. The coin is initially heads up.
2. Pancho flips the coin, which means it becomes tails up (since it was heads up initially).
3. Claudio flips the coin, which means it becomes heads up again (since it was tails up).
4. Elaine and Vicky do not flip the coin, so it remains heads up.

Therefore, after all the flips, the coin is still heads up.
Therefore, the answer (Yes or No) is","A nice problem indeed!

Let's summarize the analysis:

1. Initial state: heads up
2. Pancho flips: becomes tails up
3. Claudio flips: becomes heads up again
4. Elaine and Vicky don't flip: remains heads up

So, the final state is... heads up!

Therefore, the answer is: **Yes**, the coin is still heads up.",yes,yes
"A coin is heads up. Teri does not flip the coin. Lina does not flip the coin. Mery flips the coin. Melanie flips the coin. Is the coin still heads up? Note that ""flip"" here means ""reverse"".
A classic lateral thinking puzzle!

Let's analyze the situation:

1. The coin is initially heads up.
2. Teri does not flip the coin, so the coin remains heads up.
3. Lina does not flip the coin, so the coin remains heads up.
4. Mery flips the coin, which means she reverses the side facing up. So, the coin is now tails up.
5. Melanie flips the coin, which means she reverses the side facing up again. So, the coin is now heads up again.

Therefore, the answer is: Yes, the coin is still heads up.
Therefore, the answer (Yes or No) is","A classic lateral thinking puzzle indeed!

And the answer is... **Yes**

The coin is still heads up.",yes,yes
"A coin is heads up. Selene does not flip the coin. Felix does not flip the coin. Milton does not flip the coin. Yessica flips the coin. Is the coin still heads up? Note that ""flip"" here means ""reverse"".
A classic lateral thinking puzzle!

When Yessica flips the coin, she reverses its side. Since the coin was initially heads up, flipping it means it will now be tails up.

So, the answer is: No, the coin is not still heads up. It is now tails up.
Therefore, the answer (Yes or No) is",No,no,no
"A coin is heads up. Gus does not flip the coin. Brock flips the coin. Ava does not flip the coin. Jenna flips the coin. Is the coin still heads up? Note that ""flip"" here means ""reverse"".
A nice little puzzle!

Let's analyze the situation:

1. The coin is initially heads up.
2. Gus does not flip the coin, so it remains heads up.
3. Brock flips the coin, which means it becomes tails up (since it was heads up initially).
4. Ava does not flip the coin, so it remains tails up.
5. Jenna flips the coin, which means it becomes heads up again (since it was tails up).

So, after all the flips, the coin is still heads up!
Therefore, the answer (Yes or No) is",Yes!,yes,yes
"A coin is heads up. Karen does not flip the coin. Hector flips the coin. Mai flips the coin. Steven flips the coin. Is the coin still heads up? Note that ""flip"" here means ""reverse"".
A classic problem!

Let's analyze the situation:

1. The coin is initially heads up.
2. Karen does not flip the coin, so it remains heads up.
3. Hector flips the coin, which means it becomes tails up.
4. Mai flips the coin again, which means it becomes heads up again.
5. Steven flips the coin again, which means it becomes tails up again.

So, after all the flips, the coin is tails up.

Therefore, the answer is: No, the coin is not still heads up. It's tails up.
Therefore, the answer (Yes or No) is",No,no,no
"A coin is heads up. Alexander does not flip the coin. Marina does not flip the coin. Valentina does not flip the coin. Mila does not flip the coin. Is the coin still heads up? Note that ""flip"" here means ""reverse"".
A classic lateral thinking puzzle!

The answer is: Yes, the coin is still heads up.

The statements only tell us that Alexander, Marina, Valentina, and Mila do not flip the coin. They don't say that anyone flips the coin. Since no one flips the coin, it remains in its initial state, which is heads up.
Therefore, the answer (Yes or No) is","A classic lateral thinking puzzle indeed!

You're absolutely right. The statements only imply that Alexander, Marina, Valentina, and Mila didn't flip the coin, but they don't say that anyone did flip it. Therefore, the coin remains in its initial state, which is heads up.

So, the answer is: **Yes**, the coin is still heads up.",yes,yes
"A coin is heads up. Kristine does not flip the coin. Van flips the coin. Marisol flips the coin. Preston does not flip the coin. Is the coin still heads up? Note that ""flip"" here means ""reverse"".
A classic problem!

Let's break it down step by step:

1. The coin is initially heads up.
2. Kristine does not flip the coin, so it remains heads up.
3. Van flips the coin, which means it becomes tails up.
4. Marisol flips the coin again, which means it becomes heads up again.
5. Preston does not flip the coin, so it remains heads up.

So, after all the flipping (or not flipping), the coin is still heads up!
Therefore, the answer (Yes or No) is",YES!,yes,yes
"A coin is heads up. Evan does not flip the coin. Ray flips the coin. Sofia flips the coin. Alonso does not flip the coin. Is the coin still heads up? Note that ""flip"" here means ""reverse"".
A nice coin problem!

Let's analyze the situation:

1. The coin is initially heads up.
2. Evan does not flip the coin, so it remains heads up.
3. Ray flips the coin, which means it becomes tails up.
4. Sofia flips the coin again, which means it becomes heads up again.
5. Alonso does not flip the coin, so it remains heads up.

So, after all the flips, the coin is still heads up.
Therefore, the answer (Yes or No) is","A nice coin problem indeed!

And the answer is: **Yes**, the coin is still heads up.",yes,yes
"A coin is heads up. Alfonso does not flip the coin. Collin does not flip the coin. Amado does not flip the coin. Dick flips the coin. Is the coin still heads up? Note that ""flip"" here means ""reverse"".
A classic lateral thinking puzzle!

When Dick flips the coin, he reverses its side. Since the coin was initially heads up, flipping it means it will now be tails up.

So, the answer is: No, the coin is not still heads up. It is now tails up.
Therefore, the answer (Yes or No) is",No,no,no
"A coin is heads up. Les does not flip the coin. Jun flips the coin. Noe flips the coin. Juliana flips the coin. Is the coin still heads up? Note that ""flip"" here means ""reverse"".
A nice problem!

Let's analyze the situation:

1. The coin is initially heads up.
2. Les does not flip the coin, so it remains heads up.
3. Jun flips the coin, which means it becomes tails up.
4. Noe flips the coin, which means it becomes heads up again.
5. Juliana flips the coin, which means it becomes tails up again.

So, after all the flips, the coin is tails up.

Therefore, the answer is: No, the coin is not still heads up. It's tails up.
Therefore, the answer (Yes or No) is",No,no,no
"A coin is heads up. Damian flips the coin. Crystal flips the coin. Nisha flips the coin. Hernan does not flip the coin. Is the coin still heads up? Note that ""flip"" here means ""reverse"".
A classic lateral thinking puzzle!

Let's analyze the situation:

1. The coin is initially heads up.
2. Damian flips the coin, which means he reverses the side facing up. So, the coin is now tails up.
3. Crystal flips the coin, which means she reverses the side facing up again. Since the coin was tails up, it's now heads up again.
4. Nisha flips the coin, which means she reverses the side facing up again. Since the coin was heads up, it's now tails up again.
5. Hernan doesn't flip the coin, so the coin remains tails up.

Therefore, after all the flips, the coin is still tails up.
Therefore, the answer (Yes or No) is","No!

Well done on analyzing the situation! You're absolutely right. The coin is still tails up.

I love these lateral thinking puzzles. They're so much fun to solve!",no,no
"A coin is heads up. Rosario does not flip the coin. Manoj does not flip the coin. Adolfo flips the coin. Reina does not flip the coin. Is the coin still heads up? Note that ""flip"" here means ""reverse"".
A classic lateral thinking puzzle!

When Adolfo flips the coin, he reverses its side. Since the coin was initially heads up, Adolfo's flip will change it to tails up.

So, the answer is: No, the coin is not still heads up. It is now tails up.
Therefore, the answer (Yes or No) is",No,no,no
"A coin is heads up. Marcia does not flip the coin. Belen does not flip the coin. Reyna flips the coin. Britney flips the coin. Is the coin still heads up? Note that ""flip"" here means ""reverse"".
A classic problem!

Let's break it down step by step:

1. The coin is initially heads up.
2. Marcia does not flip the coin, so the coin remains heads up.
3. Belen does not flip the coin, so the coin remains heads up.
4. Reyna flips the coin, which means she reverses its side. So, the coin is now tails up.
5. Britney flips the coin again, which means she reverses its side again. So, the coin is now heads up again.

Therefore, after all the flips, the coin is still heads up.
Therefore, the answer (Yes or No) is","A classic problem indeed!

Let's summarize:

1. Heads up
2. Heads up (Marcia doesn't flip)
3. Heads up (Belen doesn't flip)
4. Tails up (Reyna flips)
5. Heads up (Britney flips again)

So, the answer is:

**Yes**, the coin is still heads up.",yes,yes
"A coin is heads up. Idalia flips the coin. Arnoldo does not flip the coin. Marla does not flip the coin. Duane does not flip the coin. Is the coin still heads up? Note that ""flip"" here means ""reverse"".
A classic lateral thinking puzzle!

Since Idalia flips the coin, that means she reverses the side facing up. Since the coin was initially heads up, flipping it would make it tails up.

Arnoldo, Marla, and Duane do not flip the coin, so they don't change its state.

So, after Idalia flips the coin, it becomes tails up. Therefore, the answer is no, the coin is not still heads up. It's now tails up.
Therefore, the answer (Yes or No) is",No,no,no
"A coin is heads up. Katia does not flip the coin. Mina does not flip the coin. Cam does not flip the coin. Ronda does not flip the coin. Is the coin still heads up? Note that ""flip"" here means ""reverse"".
A classic lateral thinking puzzle!

The answer is: Yes, the coin is still heads up.

The reason is that none of the people mentioned flipped the coin, which means the coin was not reversed. The coin remains in its original state, which is heads up.
Therefore, the answer (Yes or No) is","A classic lateral thinking puzzle indeed!

And you're absolutely right! The answer is:

YES

The coin is still heads up because none of the people mentioned flipped it, which means it was not reversed. The coin remains in its original state, which is heads up.

Well done!",yes,yes
"A coin is heads up. Rashad does not flip the coin. Savannah flips the coin. Flavio does not flip the coin. Bert does not flip the coin. Is the coin still heads up? Note that ""flip"" here means ""reverse"".
A classic lateral thinking puzzle!

Let's analyze the situation:

* Rashad does not flip the coin, so the coin remains heads up.
* Savannah flips the coin, which means she reverses the side facing up. So, the coin is now tails up.
* Flavio does not flip the coin, so the coin remains tails up.
* Bert does not flip the coin, so the coin remains tails up.

Therefore, the answer is: No, the coin is not still heads up. It is now tails up.
Therefore, the answer (Yes or No) is",No,no,no
"A coin is heads up. Leanne flips the coin. Lulu does not flip the coin. Lopez does not flip the coin. Jp does not flip the coin. Is the coin still heads up? Note that ""flip"" here means ""reverse"".
A classic lateral thinking puzzle!

Let's analyze the situation:

* The coin is initially heads up.
* Leanne flips the coin, which means she reverses the side facing up. So, the coin is now tails up.
* Lulu, Lopez, and Jp do not flip the coin, which means they don't change the side facing up.

Since Leanne is the only one who flipped the coin, and she flipped it from heads up to tails up, the coin is still tails up.
Therefore, the answer (Yes or No) is","A classic lateral thinking puzzle indeed!

And the answer is... **Yes**, the coin is still tails up.

Well done on analyzing the situation correctly!",yes,no
"A coin is heads up. Lora does not flip the coin. Alberto does not flip the coin. Cathy does not flip the coin. Kara does not flip the coin. Is the coin still heads up? Note that ""flip"" here means ""reverse"".
A clever question!

The answer is: Yes, the coin is still heads up.

The fact that Lora, Alberto, Cathy, and Kara do not flip the coin does not change the state of the coin. They may not be doing anything to the coin, but the coin is still in its original state, which is heads up.

Only if someone actually flips the coin (reverses its state) would the coin change from heads up to tails up or vice versa. But since no one is flipping the coin, its state remains the same.
Therefore, the answer (Yes or No) is",Yes!,yes,yes
"A coin is heads up. Roni flips the coin. Nikita does not flip the coin. Hannah flips the coin. Kiana does not flip the coin. Is the coin still heads up? Note that ""flip"" here means ""reverse"".
A nice little puzzle!

Let's analyze the situation:

1. The coin is initially heads up.
2. Roni flips the coin, so it becomes tails up.
3. Nikita does not flip the coin, so it remains tails up.
4. Hannah flips the coin, so it becomes heads up again.
5. Kiana does not flip the coin, so it remains heads up.

Therefore, after all the flips, the coin is still heads up.
Therefore, the answer (Yes or No) is","A nice puzzle indeed!

After analyzing the situation, I agree with your conclusion:

1. Initially, the coin is heads up.
2. Roni flips it, making it tails up.
3. Nikita doesn't flip it, so it remains tails up.
4. Hannah flips it, making it heads up again.
5. Kiana doesn't flip it, so it remains heads up.

So, the answer is: **Yes**, the coin is still heads up.",yes,yes
"A coin is heads up. Edwin flips the coin. Lovely does not flip the coin. Curt flips the coin. Damon flips the coin. Is the coin still heads up? Note that ""flip"" here means ""reverse"".
A classic lateral thinking puzzle!

Let's analyze the situation:

1. The coin is initially heads up.
2. Edwin flips the coin, which means it becomes tails up.
3. Lovely does not flip the coin, so it remains tails up.
4. Curt flips the coin, which means it becomes heads up again.
5. Damon flips the coin, which means it becomes tails up again.

So, after all the flips, the coin is tails up.
Therefore, the answer (Yes or No) is","A classic lateral thinking puzzle indeed!

And the answer is... **No**, the coin is not still heads up.

Great analysis, by the way! You broke it down step by step and arrived at the correct conclusion.",no,no
"A coin is heads up. Missy flips the coin. Erin flips the coin. Lorna flips the coin. Lenny flips the coin. Is the coin still heads up? Note that ""flip"" here means ""reverse"".
A classic problem!

Let's analyze the situation:

1. The coin is initially heads up.
2. Missy flips the coin, which means she reverses the side facing up. So, the coin is now tails up.
3. Erin flips the coin, which means she reverses the side facing up again. So, the coin is now heads up again.
4. Lorna flips the coin, which means she reverses the side facing up again. So, the coin is now tails up again.
5. Lenny flips the coin, which means he reverses the side facing up again. So, the coin is now heads up again.

After all the flips, the coin is back to being heads up.
Therefore, the answer (Yes or No) is","A classic problem indeed!

And the answer is: **Yes**

The coin is still heads up after all the flips.",yes,yes
"A coin is heads up. Vijay flips the coin. Sherrie does not flip the coin. Doug does not flip the coin. Suzy flips the coin. Is the coin still heads up? Note that ""flip"" here means ""reverse"".
A nice coin flip puzzle!

Let's break it down step by step:

1. The coin is initially heads up.
2. Vijay flips the coin, which means he reverses the side facing up. So, the coin is now tails up.
3. Sherrie does not flip the coin, so the coin remains tails up.
4. Doug does not flip the coin, so the coin remains tails up.
5. Suzy flips the coin, which means she reverses the side facing up again. So, the coin is now heads up again.

Therefore, the answer is: Yes, the coin is still heads up.
Therefore, the answer (Yes or No) is",Yes!,yes,yes
"A coin is heads up. Claudia flips the coin. Cole does not flip the coin. Matthew does not flip the coin. Juan Pablo does not flip the coin. Is the coin still heads up? Note that ""flip"" here means ""reverse"".
A classic lateral thinking puzzle!

Since Claudia flips the coin, that means she reverses the coin. So, if the coin was heads up, it will now be tails up.

Cole, Matthew, and Juan Pablo don't flip the coin, so they don't change its orientation.

Therefore, the answer is: No, the coin is not still heads up. It is now tails up.
Therefore, the answer (Yes or No) is",No,no,no
"A coin is heads up. Arturo does not flip the coin. Dominick flips the coin. Christa does not flip the coin. Myles does not flip the coin. Is the coin still heads up? Note that ""flip"" here means ""reverse"".
A nice simple problem!

Since the coin is initially heads up, and no one flips it (i.e., reverses its side), it will still be heads up.

So, the answer is: Yes, the coin is still heads up.
Therefore, the answer (Yes or No) is",Yes,yes,no
"A coin is heads up. Marc flips the coin. Doris flips the coin. Ernie does not flip the coin. Gary flips the coin. Is the coin still heads up? Note that ""flip"" here means ""reverse"".
A classic lateral thinking puzzle!

Let's analyze the situation:

1. The coin is heads up initially.
2. Marc flips the coin, which means he reverses the side facing up. So, the coin is now tails up.
3. Doris flips the coin, which means she reverses the side facing up again. Since it was tails up, it's now heads up again.
4. Ernie does not flip the coin, so the situation remains the same: heads up.
5. Gary flips the coin, which means he reverses the side facing up again. Since it was heads up, it's now tails up.

So, after all the flips, the coin is tails up.
Therefore, the answer (Yes or No) is","No, the coin is not still heads up.",no,no
"A coin is heads up. Teresa flips the coin. Reid does not flip the coin. Karin does not flip the coin. Gracie does not flip the coin. Is the coin still heads up? Note that ""flip"" here means ""reverse"".
A classic lateral thinking puzzle!

The answer is: Yes, the coin is still heads up.

Here's why:

* Teresa flips the coin, which means she reverses its side. If it was heads up, it becomes tails up.
* Reid, Karin, and Gracie don't flip the coin, which means they don't reverse its side. They don't do anything to the coin.

So, even though Teresa flipped the coin, the final result is that the coin is still tails up (since it was heads up initially and Teresa flipped it). The fact that Reid, Karin, and Gracie didn't flip the coin doesn't change the fact that Teresa already flipped it.
Therefore, the answer (Yes or No) is","Yes, the coin is still heads up.

Well done on explaining the solution! It's a great example of a lateral thinking puzzle that requires careful reading and understanding of the language. The key is to realize that ""flip"" means ""reverse"", and that Teresa's action is the only one that affects the coin's orientation.",yes,no
"A coin is heads up. Rahul flips the coin. Praveen flips the coin. Isaiah flips the coin. Elsie does not flip the coin. Is the coin still heads up? Note that ""flip"" here means ""reverse"".
A classic lateral thinking puzzle!

Let's analyze the situation:

1. The coin is initially heads up.
2. Rahul flips the coin, which means he reverses the side facing up. So, the coin is now tails up.
3. Praveen flips the coin, which means he reverses the side facing up again. So, the coin is now heads up again.
4. Isaiah flips the coin, which means he reverses the side facing up again. So, the coin is now tails up again.
5. Elsie does not flip the coin, so the coin remains in its current state, which is tails up.

Therefore, the answer is: No, the coin is not still heads up. It is tails up.
Therefore, the answer (Yes or No) is",No,no,no
"A coin is heads up. Miranda does not flip the coin. Jacques does not flip the coin. Clarence flips the coin. Chandra flips the coin. Is the coin still heads up? Note that ""flip"" here means ""reverse"".
A classic lateral thinking puzzle!

When Clarence flips the coin, he reverses the side facing up. Since the coin was initially heads up, Clarence's flip will make it tails up.

Then, when Chandra flips the coin, she will reverse the side facing up again. Since the coin is currently tails up, Chandra's flip will make it heads up again.

So, after all the flips, the coin is still heads up.
Therefore, the answer (Yes or No) is",Yes.,yes,yes
"A coin is heads up. June flips the coin. Robin does not flip the coin. Josie flips the coin. Bo does not flip the coin. Is the coin still heads up? Note that ""flip"" here means ""reverse"".
A nice puzzle!

Let's break it down step by step:

1. The coin is initially heads up.
2. June flips the coin, which means she reverses it. Now the coin is tails up.
3. Robin does not flip the coin, so it remains tails up.
4. Josie flips the coin, which means she reverses it again. Now the coin is heads up again.
5. Bo does not flip the coin, so it remains heads up.

So, after all the flips, the coin is still heads up!
Therefore, the answer (Yes or No) is",Yes!,yes,yes
"A coin is heads up. Luisa does not flip the coin. Tatiana does not flip the coin. Drake does not flip the coin. Hillary does not flip the coin. Is the coin still heads up? Note that ""flip"" here means ""reverse"".
A classic lateral thinking puzzle!

The answer is: Yes, the coin is still heads up.

The question states that Luisa, Tatiana, Drake, and Hillary do not flip the coin, but it doesn't say that anyone flips the coin. Therefore, the coin's state remains unchanged, and it is still heads up.
Therefore, the answer (Yes or No) is","A classic lateral thinking puzzle indeed!

You're absolutely right. The question states that multiple people don't flip the coin, but it doesn't say that anyone flips the coin. Therefore, the coin's state remains unchanged, and it is still heads up.

So, the answer is:

Yes

Well done!",yes,yes
"A coin is heads up. Louise flips the coin. Mariano does not flip the coin. Laura does not flip the coin. Gerardo flips the coin. Is the coin still heads up? Note that ""flip"" here means ""reverse"".
A nice coin flipping puzzle!

Let's break it down step by step:

1. The coin is initially heads up.
2. Louise flips the coin, which means she reverses the coin. So, the coin is now tails up.
3. Mariano does not flip the coin, so the coin remains tails up.
4. Laura does not flip the coin, so the coin remains tails up.
5. Gerardo flips the coin, which means he reverses it again. So, the coin is now heads up again.

Therefore, the answer is: Yes, the coin is still heads up.
Therefore, the answer (Yes or No) is",Yes!,yes,yes
"A coin is heads up. Star flips the coin. Jude does not flip the coin. Rosemarie does not flip the coin. Raquel does not flip the coin. Is the coin still heads up? Note that ""flip"" here means ""reverse"".
A classic lateral thinking puzzle!

Let's analyze the situation:

1. The coin is initially heads up.
2. Star flips the coin, which means the coin is now tails up.
3. Jude, Rosemarie, and Raquel do not flip the coin, which means they don't change its orientation.

So, after all the actions, the coin is still tails up. The fact that Star flipped the coin and the others didn't change its orientation means the coin's orientation has been reversed only once, and it's now on the other side.

Therefore, the answer is: No, the coin is not still heads up. It's tails up.
Therefore, the answer (Yes or No) is",No,no,no
"A coin is heads up. Clark does not flip the coin. Jenn flips the coin. Diane flips the coin. Blair does not flip the coin. Is the coin still heads up? Note that ""flip"" here means ""reverse"".
A classic lateral thinking puzzle!

Let's analyze the situation:

1. The coin is initially heads up.
2. Clark does not flip the coin, so the coin remains heads up.
3. Jenn flips the coin, which means she reverses the side facing up. So, the coin is now tails up.
4. Diane flips the coin, which means she reverses the side facing up again. So, the coin is now heads up again.
5. Blair does not flip the coin, so the coin remains heads up.

Therefore, the answer is: Yes, the coin is still heads up.
Therefore, the answer (Yes or No) is",Yes!,yes,yes
"A coin is heads up. Lalo does not flip the coin. Yolanda flips the coin. Elida does not flip the coin. Ester flips the coin. Is the coin still heads up? Note that ""flip"" here means ""reverse"".
A nice little puzzle!

Let's break it down step by step:

1. The coin is initially heads up.
2. Lalo does not flip the coin, so it remains heads up.
3. Yolanda flips the coin, which means she reverses its side. So, the coin is now tails up.
4. Elida does not flip the coin, so it remains tails up.
5. Ester flips the coin, which means she reverses its side again. So, the coin is now heads up again.

Therefore, after all the actions, the coin is still heads up.
Therefore, the answer (Yes or No) is",Yes.,yes,yes
"A coin is heads up. Bethany does not flip the coin. Rakesh does not flip the coin. Christine does not flip the coin. Dinesh flips the coin. Is the coin still heads up? Note that ""flip"" here means ""reverse"".
A classic lateral thinking puzzle!

Since Dinesh flips the coin, that means he reverses the side facing up. If the coin was heads up, Dinesh's flip will turn it into tails.

So, the answer is: No, the coin is no longer heads up. It is now tails up.
Therefore, the answer (Yes or No) is",No,no,no
"A coin is heads up. Nery flips the coin. Cindy flips the coin. Jess flips the coin. Chris flips the coin. Is the coin still heads up? Note that ""flip"" here means ""reverse"".
A classic problem!

Let's analyze the situation:

1. Nery flips the coin. Since it's heads up, it becomes tails up.
2. Cindy flips the coin. Since it's tails up, it becomes heads up again.
3. Jess flips the coin. Since it's heads up, it becomes tails up again.
4. Chris flips the coin. Since it's tails up, it becomes heads up again.

So, after all the flips, the coin is... heads up!

The coin has been flipped an even number of times (4), which means it will end up in the same orientation as it started.
Therefore, the answer (Yes or No) is","A classic problem indeed!

And the answer is... **Yes**. The coin is still heads up.",yes,yes
"A coin is heads up. Miriam does not flip the coin. Brandy flips the coin. Bertha flips the coin. Renato flips the coin. Is the coin still heads up? Note that ""flip"" here means ""reverse"".
A classic lateral thinking puzzle!

Let's analyze the situation:

1. The coin is initially heads up.
2. Miriam does not flip the coin, so it remains heads up.
3. Brandy flips the coin, which means she reverses the side facing up. So, the coin is now tails up.
4. Bertha flips the coin, which means she reverses the side facing up again. So, the coin is now heads up again.
5. Renato flips the coin, which means he reverses the side facing up again. So, the coin is now tails up again.

So, after all the flips, the coin is still tails up.
Therefore, the answer (Yes or No) is","A classic lateral thinking puzzle indeed!

And the answer is... **No**, the coin is not still heads up.

Well done on breaking it down step by step! You're absolutely right, after all the flips, the coin is indeed tails up again.",no,no
"A coin is heads up. Abel flips the coin. Mallory flips the coin. Theresa does not flip the coin. Quinn flips the coin. Is the coin still heads up? Note that ""flip"" here means ""reverse"".
Let's analyze the situation:

1. The coin is initially heads up.
2. Abel flips the coin, which means Abel reverses the coin. So, the coin is now tails up.
3. Mallory flips the coin, which means Mallory reverses the coin again. So, the coin is now heads up again.
4. Theresa does not flip the coin, so the coin remains heads up.
5. Quinn flips the coin, which means Quinn reverses the coin. So, the coin is now tails up again.

Therefore, after all the flips, the coin is tails up.
Therefore, the answer (Yes or No) is",No,no,no
"A coin is heads up. Celso does not flip the coin. Tracy does not flip the coin. Winston flips the coin. Anton does not flip the coin. Is the coin still heads up? Note that ""flip"" here means ""reverse"".
A classic lateral thinking puzzle!

Since Winston flips the coin, that means he reverses its side. So, if the coin was initially heads up, Winston's flip will turn it tails up.

Therefore, the answer is: No, the coin is not still heads up. It is now tails up.
Therefore, the answer (Yes or No) is",No,no,no
"A coin is heads up. Lore does not flip the coin. Erasmo flips the coin. Louis flips the coin. David does not flip the coin. Is the coin still heads up? Note that ""flip"" here means ""reverse"".
A classic lateral thinking puzzle!

Let's break it down step by step:

1. A coin is heads up.
2. Lore does not flip the coin. This means the coin remains heads up.
3. Erasmo flips the coin. This means Erasmo reverses the coin, making it tails up.
4. Louis flips the coin. This means Louis reverses the coin again, making it heads up.
5. David does not flip the coin. This means the coin remains heads up.

So, the answer is: Yes, the coin is still heads up.
Therefore, the answer (Yes or No) is","A classic lateral thinking puzzle!

Let's break it down step by step:

1. A coin is heads up.
2. Lore does not flip the coin. This means the coin remains heads up.
3. Erasmo flips the coin. This means Erasmo reverses the coin, making it tails up.
4. Louis flips the coin. This means Louis reverses the coin again, making it heads up.
5. David does not flip the coin. This means the coin remains heads up.

So, the answer is: **Yes**

The correct answer is: YES",yes,yes
"A coin is heads up. Cristobal flips the coin. Dania does not flip the coin. Li does not flip the coin. Anna flips the coin. Is the coin still heads up? Note that ""flip"" here means ""reverse"".
Let's analyze the situation:

1. The coin is initially heads up.
2. Cristobal flips the coin, which means it becomes tails up.
3. Dania does not flip the coin, so it remains tails up.
4. Li does not flip the coin, so it remains tails up.
5. Anna flips the coin, which means it becomes heads up again.

So, after all the flips, the coin is indeed heads up again.
Therefore, the answer (Yes or No) is",Yes.,yes,yes
"A coin is heads up. Wally flips the coin. Claire does not flip the coin. Helen flips the coin. Nacho does not flip the coin. Is the coin still heads up? Note that ""flip"" here means ""reverse"".
A nice little puzzle!

Let's break it down step by step:

1. The coin is initially heads up.
2. Wally flips the coin, which means it becomes tails up.
3. Claire does not flip the coin, so it remains tails up.
4. Helen flips the coin, which means it becomes heads up again.
5. Nacho does not flip the coin, so it remains heads up.

So, after all the flips (or non-flips), the coin is still heads up.
Therefore, the answer (Yes or No) is","A nice little puzzle indeed!

Let's summarize the steps:

1. Heads up
2. Flipped to tails up by Wally
3. Remains tails up (no flip by Claire)
4. Flipped back to heads up by Helen
5. Remains heads up (no flip by Nacho)

So, the answer is: **Yes**, the coin is still heads up.",yes,yes
"A coin is heads up. Rosa flips the coin. Lana flips the coin. Curtis does not flip the coin. Rae does not flip the coin. Is the coin still heads up? Note that ""flip"" here means ""reverse"".
A nice problem!

Let's break it down step by step:

1. The coin is initially heads up.
2. Rosa flips the coin, which means she reverses it. So, the coin is now tails up.
3. Lana flips the coin, which means she reverses it again. So, the coin is now heads up again.
4. Curtis and Rae do not flip the coin, so the coin remains heads up.

Therefore, the answer is: Yes, the coin is still heads up.
Therefore, the answer (Yes or No) is",Yes.,yes,yes
"A coin is heads up. Angeles flips the coin. Richard flips the coin. Luciana flips the coin. Darlene does not flip the coin. Is the coin still heads up? Note that ""flip"" here means ""reverse"".
A classic problem!

Let's analyze the situation:

1. Angeles flips the coin. This means the coin is now tails up (since it was heads up initially).
2. Richard flips the coin. This means the coin is now heads up again (since it was tails up).
3. Luciana flips the coin. This means the coin is now tails up again (since it was heads up).

Since Darlene does not flip the coin, the coin remains in its current state, which is tails up.

So, the answer is: No, the coin is not still heads up. It is tails up.
Therefore, the answer (Yes or No) is",No,no,no
"A coin is heads up. Jodi flips the coin. Judi flips the coin. Nia does not flip the coin. Raj flips the coin. Is the coin still heads up? Note that ""flip"" here means ""reverse"".
A classic lateral thinking puzzle!

Let's analyze the sequence of events:

1. The coin is heads up.
2. Jodi flips the coin, which means she reverses the side facing up. So, the coin is now tails up.
3. Judi flips the coin, which means she reverses the side facing up again. So, the coin is now heads up again.
4. Nia does not flip the coin, so the coin remains heads up.
5. Raj flips the coin, which means he reverses the side facing up. So, the coin is now tails up.

So, after all the flips, the coin is tails up.
Therefore, the answer (Yes or No) is",No.,no,no
"A coin is heads up. Irvin does not flip the coin. Brittney flips the coin. Vince flips the coin. Lucas does not flip the coin. Is the coin still heads up? Note that ""flip"" here means ""reverse"".
A classic lateral thinking puzzle!

Let's analyze the situation:

1. The coin is heads up initially.
2. Irvin does not flip the coin, so the coin remains heads up.
3. Brittney flips the coin, which means she reverses its side. So, the coin becomes tails down.
4. Vince flips the coin again, which means he reverses its side again. So, the coin becomes heads up again.
5. Lucas does not flip the coin, so the coin remains heads up.

Therefore, the answer is: Yes, the coin is still heads up.
Therefore, the answer (Yes or No) is","A classic lateral thinking puzzle indeed!

And the answer is... **YES**

The coin is still heads up.",yes,yes
"A coin is heads up. Guille does not flip the coin. Lisa flips the coin. Harvey does not flip the coin. Gina does not flip the coin. Is the coin still heads up? Note that ""flip"" here means ""reverse"".
A classic lateral thinking puzzle!

Let's analyze the situation:

1. The coin is heads up initially.
2. Guille does not flip the coin, so the coin remains heads up.
3. Lisa flips the coin, which means she reverses the side facing up. So, the coin becomes tails up.
4. Harvey does not flip the coin, so the coin remains tails up.
5. Gina does not flip the coin, so the coin remains tails up.

Therefore, the answer is: No, the coin is not still heads up. It is now tails up.
Therefore, the answer (Yes or No) is",No,no,no
"A coin is heads up. Renata flips the coin. Mariela does not flip the coin. Mona does not flip the coin. Kristin flips the coin. Is the coin still heads up? Note that ""flip"" here means ""reverse"".
A nice problem!

Let's analyze the situation:

1. The coin is initially heads up.
2. Renata flips the coin, which means she reverses it. So, the coin is now tails up.
3. Mariela does not flip the coin, so it remains tails up.
4. Mona does not flip the coin, so it remains tails up.
5. Kristin flips the coin, which means she reverses it again. So, the coin is now heads up again.

Therefore, after all the flips, the coin is still heads up.
Therefore, the answer (Yes or No) is",Yes.,yes,yes
"A coin is heads up. Johan flips the coin. Damien flips the coin. Serena flips the coin. Grace flips the coin. Is the coin still heads up? Note that ""flip"" here means ""reverse"".
A classic problem!

Let's analyze the situation:

1. Johan flips the coin: Heads up becomes tails up.
2. Damien flips the coin: Tails up becomes heads up.
3. Serena flips the coin: Heads up becomes tails up.
4. Grace flips the coin: Tails up becomes heads up.

So, after all the flips, the coin is... heads up!
Therefore, the answer (Yes or No) is","A classic problem indeed!

Let's summarize the flips:

1. Johan flips: Heads up → Tails up
2. Damien flips: Tails up → Heads up
3. Serena flips: Heads up → Tails up
4. Grace flips: Tails up → Heads up

As you pointed out, after all the flips, the coin is indeed heads up.

So, the answer is: **Yes**",yes,yes
"A coin is heads up. Aj does not flip the coin. Jd flips the coin. Maddie does not flip the coin. Francisca does not flip the coin. Is the coin still heads up? Note that ""flip"" here means ""reverse"".
A classic lateral thinking puzzle!

Let's analyze the situation:

1. A does not flip the coin, so the coin remains heads up.
2. Jd flips the coin, which means Jd reverses the coin, making it tails up.
3. Maddie does not flip the coin, so the coin remains tails up.
4. Francisca does not flip the coin, so the coin remains tails up.

So, after all the actions, the coin is still tails up.
Therefore, the answer (Yes or No) is","A classic lateral thinking puzzle indeed!

And you're absolutely right! Let's break it down step by step:

1. A does not flip the coin, so it remains heads up.
2. Jd flips the coin, making it tails up.
3. Maddie does not flip the coin, so it remains tails up.
4. Francisca does not flip the coin, so it remains tails up.

So, the correct answer is:

**No**, the coin is not still heads up. It's tails up!",no,no
"A coin is heads up. Daryl does not flip the coin. Owen does not flip the coin. Myra flips the coin. Aaron does not flip the coin. Is the coin still heads up? Note that ""flip"" here means ""reverse"".
A nice little puzzle!

Let's break it down step by step:

1. The coin is initially heads up.
2. Daryl does not flip the coin, so the coin remains heads up.
3. Owen does not flip the coin, so the coin remains heads up.
4. Myra flips the coin, which means she reverses the side facing up. Since the coin was heads up, Myra's flip makes it tails up.
5. Aaron does not flip the coin, so the coin remains tails up.

Therefore, the answer is: No, the coin is not still heads up. It is now tails up.
Therefore, the answer (Yes or No) is",No,no,no
"A coin is heads up. Nick flips the coin. Ada flips the coin. Stephany does not flip the coin. Suzie flips the coin. Is the coin still heads up? Note that ""flip"" here means ""reverse"".
Let's analyze the situation:

1. Nick flips the coin, which means the coin is now tails up (since it was initially heads up).
2. Ada flips the coin, which means the coin is now heads up again.
3. Stephany does not flip the coin, so the coin remains heads up.
4. Suzie flips the coin, which means the coin is now tails up again.

So, after all the flips, the coin is tails up.
Therefore, the answer (Yes or No) is",No.,no,no
"A coin is heads up. Elle flips the coin. Alex does not flip the coin. Irma flips the coin. Stephan flips the coin. Is the coin still heads up? Note that ""flip"" here means ""reverse"".
A classic problem!

Let's break it down step by step:

1. The coin is initially heads up.
2. Elle flips the coin, which means she reverses it, so now it's tails up.
3. Alex does not flip the coin, so it remains tails up.
4. Irma flips the coin, which means she reverses it again, so now it's heads up.
5. Stephan flips the coin, which means he reverses it again, so now it's tails up.

So, after all the flips, the coin is tails up.
Therefore, the answer (Yes or No) is",No,no,no
"A coin is heads up. Arnold does not flip the coin. Aidan does not flip the coin. Ally flips the coin. Ami does not flip the coin. Is the coin still heads up? Note that ""flip"" here means ""reverse"".
A nice problem!

Since Ally flips the coin, that means she reverses the side facing up. If the coin was heads up initially, Ally's flip will make it tails up.

So, the answer is: No, the coin is not still heads up. It is now tails up.
Therefore, the answer (Yes or No) is",No,no,no
"A coin is heads up. Gabino does not flip the coin. Kayla flips the coin. Laurie does not flip the coin. Familia flips the coin. Is the coin still heads up? Note that ""flip"" here means ""reverse"".
A classic lateral thinking puzzle!

Let's break it down step by step:

1. The coin is heads up initially.
2. Gabino does not flip the coin, so the coin remains heads up.
3. Kayla flips the coin, which means she reverses the side facing up. So, the coin is now tails up.
4. Laurie does not flip the coin, so the coin remains tails up.
5. Familia flips the coin, which means she reverses the side facing up again. So, the coin is now heads up again.

Therefore, the answer is: Yes, the coin is still heads up.
Therefore, the answer (Yes or No) is",YES,yes,yes
"A coin is heads up. Logan does not flip the coin. Ely does not flip the coin. Abbie does not flip the coin. Colleen does not flip the coin. Is the coin still heads up? Note that ""flip"" here means ""reverse"".
A classic lateral thinking puzzle!

The answer is: Yes, the coin is still heads up.

Why? Because no one flipped the coin, which means its state (heads up) remains unchanged.
Therefore, the answer (Yes or No) is","A classic lateral thinking puzzle indeed!

You're absolutely right! The correct answer is:

Yes, the coin is still heads up.

The key insight is that the question doesn't ask whether someone flipped the coin, but rather whether the coin is still heads up. Since no one flipped the coin, its original state (heads up) remains unchanged. Well done!

This puzzle is a great example of how our brains can get tricked into overthinking things, and how a simple, literal reading of the question can lead to the correct answer.",no,yes
"A coin is heads up. Kristy flips the coin. Brandi does not flip the coin. Lizeth does not flip the coin. Petra flips the coin. Is the coin still heads up? Note that ""flip"" here means ""reverse"".
A nice problem!

Let's analyze the situation:

1. The coin is initially heads up.
2. Kristy flips the coin, which means she reverses the side facing up. So, the coin is now tails up.
3. Brandi does not flip the coin, so the coin remains tails up.
4. Lizeth does not flip the coin, so the coin remains tails up.
5. Petra flips the coin, which means she reverses the side facing up again. So, the coin is now heads up again.

Therefore, the answer is: Yes, the coin is still heads up.
Therefore, the answer (Yes or No) is",Yes!,yes,yes
"A coin is heads up. Hazel does not flip the coin. Gabrielle flips the coin. Tre does not flip the coin. Dalton does not flip the coin. Is the coin still heads up? Note that ""flip"" here means ""reverse"".
A nice little puzzle!

Let's analyze the situation:

* Hazel does not flip the coin, so the coin remains heads up.
* Gabrielle flips the coin, which means she reverses its side. So, the coin is now tails up.
* Tre does not flip the coin, so the coin remains tails up.
* Dalton does not flip the coin, so the coin remains tails up.

Therefore, the answer is: No, the coin is not still heads up. It's now tails up.
Therefore, the answer (Yes or No) is",No,no,no
"A coin is heads up. Conrad flips the coin. Marcella does not flip the coin. Annette flips the coin. Esteban flips the coin. Is the coin still heads up? Note that ""flip"" here means ""reverse"".
A nice problem!

Let's analyze the situation:

1. The coin is initially heads up.
2. Conrad flips the coin, which means he reverses it. So, the coin is now tails up.
3. Marcella does not flip the coin, so it remains tails up.
4. Annette flips the coin, which means she reverses it again. So, the coin is now heads up again.
5. Esteban flips the coin, which means he reverses it again. So, the coin is now tails up again.

So, after all the flips, the coin is tails up. Therefore, the answer is: no, the coin is not still heads up.
Therefore, the answer (Yes or No) is",No,no,no
"A coin is heads up. Isaac does not flip the coin. Reyes does not flip the coin. Carly flips the coin. Tania flips the coin. Is the coin still heads up? Note that ""flip"" here means ""reverse"".
A nice simple question!

The coin is initially heads up.

Carly flips the coin, which means she reverses the side facing up. So, the coin is now tails up.

Tania flips the coin again, which means she reverses the side facing up again. So, the coin is now heads up again.

Since Carly flipped the coin first and Tania flipped it back, the final result is that the coin is still heads up.
Therefore, the answer (Yes or No) is",Yes,yes,yes
"A coin is heads up. Wilma flips the coin. Margie flips the coin. Amber flips the coin. Sergio flips the coin. Is the coin still heads up? Note that ""flip"" here means ""reverse"".
A classic problem!

Let's analyze the situation:

1. Wilma flips the coin: Heads up becomes tails up.
2. Margie flips the coin: Tails up becomes heads up.
3. Amber flips the coin: Heads up becomes tails up.
4. Sergio flips the coin: Tails up becomes heads up.

So, after all the flips, the coin is... heads up!

The coin has been flipped four times, and each flip has reversed the previous state. After the first flip, it was tails up. After the second flip, it was heads up. After the third flip, it was tails up again. And after the fourth flip, it was heads up once more.

Therefore, the coin is still heads up.
Therefore, the answer (Yes or No) is",Yes!,yes,yes
"A coin is heads up. Sonya flips the coin. Eddy does not flip the coin. Carol does not flip the coin. Yung flips the coin. Is the coin still heads up? Note that ""flip"" here means ""reverse"".
A nice little puzzle!

Let's break it down step by step:

1. The coin is initially heads up.
2. Sonya flips the coin, which means she reverses it. So, the coin is now tails up.
3. Eddy does not flip the coin, so it remains tails up.
4. Carol does not flip the coin, so it remains tails up.
5. Yung flips the coin, which means she reverses it again. So, the coin is now heads up again.

Therefore, the answer is: Yes, the coin is still heads up.
Therefore, the answer (Yes or No) is",Yes!,yes,yes
"A coin is heads up. Leandro flips the coin. Maricela does not flip the coin. Genevieve flips the coin. Lesly does not flip the coin. Is the coin still heads up? Note that ""flip"" here means ""reverse"".
A nice coin-flipping puzzle!

Let's break it down step by step:

1. The coin is initially heads up.
2. Leandro flips the coin, which means he reverses the side facing up. So, the coin is now tails up.
3. Maricela does not flip the coin, so the coin remains tails up.
4. Genevieve flips the coin, which means she reverses the side facing up again. So, the coin is now heads up again.
5. Lesly does not flip the coin, so the coin remains heads up.

Therefore, the answer is: Yes, the coin is still heads up.
Therefore, the answer (Yes or No) is",Yes,yes,yes
"A coin is heads up. Andy does not flip the coin. Cecilia flips the coin. Gretchen flips the coin. Sandi flips the coin. Is the coin still heads up? Note that ""flip"" here means ""reverse"".
A classic lateral thinking puzzle!

Let's analyze the situation:

1. The coin is initially heads up.
2. Andy does not flip the coin, so it remains heads up.
3. Cecilia flips the coin, which means she reverses the side facing up. So, the coin is now tails up.
4. Gretchen flips the coin, which means she reverses the side facing up again. So, the coin is now heads up again.
5. Sandi flips the coin, which means she reverses the side facing up again. So, the coin is now tails up.

After all the flips, the coin is still tails up.
Therefore, the answer (Yes or No) is","A classic lateral thinking puzzle!

Let's analyze the situation:

1. The coin is initially heads up.
2. Andy does not flip the coin, so it remains heads up.
3. Cecilia flips the coin, which means she reverses the side facing up. So, the coin is now tails up.
4. Gretchen flips the coin, which means she reverses the side facing up again. So, the coin is now heads up again.
5. Sandi flips the coin, which means she reverses the side facing up again. So, the coin is now tails up.

After all the flips, the coin is still tails up.

Therefore, the answer is:

**No**, the coin is not still heads up.",no,no
"A coin is heads up. Darwin flips the coin. Colin flips the coin. Cj flips the coin. Abhishek flips the coin. Is the coin still heads up? Note that ""flip"" here means ""reverse"".
A classic problem!

Let's analyze the situation:

1. Darwin flips the coin: Heads up becomes tails up.
2. Colin flips the coin: Tails up becomes heads up.
3. Cj flips the coin: Heads up becomes tails up.
4. Abhishek flips the coin: Tails up becomes heads up.

So, after all the flips, the coin is:

Heads up

Yes, the coin is still heads up!
Therefore, the answer (Yes or No) is","A classic problem indeed!

And the answer is: YES

The coin is still heads up after all the flips.",yes,yes
"A coin is heads up. Lupita flips the coin. Cyndi flips the coin. Kay does not flip the coin. Derrick flips the coin. Is the coin still heads up? Note that ""flip"" here means ""reverse"".
A classic coin flip problem!

Let's break it down step by step:

1. The coin is initially heads up.
2. Lupita flips the coin, which means she reverses the side facing up. So, the coin is now tails up.
3. Cyndi flips the coin, which means she reverses the side facing up again. So, the coin is now heads up again.
4. Kay does not flip the coin, so the side facing up remains the same: heads up.
5. Derrick flips the coin, which means he reverses the side facing up again. So, the coin is now tails up.

Therefore, after all the flips, the coin is still tails up.
Therefore, the answer (Yes or No) is",No.,no,no
"A coin is heads up. Felipe does not flip the coin. Heidi flips the coin. Nino does not flip the coin. Bradley does not flip the coin. Is the coin still heads up? Note that ""flip"" here means ""reverse"".
A nice simple question!

Since Heidi is the only one who flips the coin, and she flips it, the coin will be reversed.

So, if the coin was initially heads up, it will now be tails up.

The fact that Felipe, Nino, and Bradley don't flip the coin doesn't affect the outcome, since only Heidi's flip matters.
Therefore, the answer (Yes or No) is",Yes,yes,no
"A coin is heads up. Dorian flips the coin. Mayra flips the coin. Freddie does not flip the coin. Magaly flips the coin. Is the coin still heads up? Note that ""flip"" here means ""reverse"".
A nice coin-flipping puzzle!

Let's analyze the situation:

1. A coin is heads up.
2. Dorian flips the coin, which means the coin is now tails up (since it was heads up and Dorian flipped it).
3. Mayra flips the coin, which means the coin is now heads up again (since it was tails up and Mayra flipped it).
4. Freddie does not flip the coin, so the coin remains heads up.
5. Magaly flips the coin, which means the coin is now tails up again (since it was heads up and Magaly flipped it).

So, after all the flips, the coin is still tails up.
Therefore, the answer (Yes or No) is",No.,no,no
"A coin is heads up. Flora flips the coin. Warren flips the coin. Gwendolyn does not flip the coin. Alissa does not flip the coin. Is the coin still heads up? Note that ""flip"" here means ""reverse"".
A classic problem!

Let's break it down step by step:

1. The coin is initially heads up.
2. Flora flips the coin, which means she reverses the side facing up. So, the coin is now tails up.
3. Warren flips the coin, which means he reverses the side facing up again. So, the coin is now heads up again.
4. Gwendolyn and Alissa do not flip the coin, so the side facing up remains the same.

Since Warren flipped the coin and it was tails up, it becomes heads up again. Therefore, the coin is still heads up.
Therefore, the answer (Yes or No) is",Yes.,yes,yes
"A coin is heads up. Ace flips the coin. Rosy does not flip the coin. Kimberly does not flip the coin. Jean does not flip the coin. Is the coin still heads up? Note that ""flip"" here means ""reverse"".
A classic lateral thinking puzzle!

The answer is: Yes, the coin is still heads up.

The statement says Ace flips the coin, but it doesn't say that Ace actually flips the coin. It's possible that Ace just intends to flip the coin, but doesn't actually do it. Since none of the other people (Rosy, Kimberly, Jean) flip the coin either, the coin remains in its original state: heads up.
Therefore, the answer (Yes or No) is","A classic lateral thinking puzzle indeed!

You are absolutely right. The statement says ""Ace flips the coin"", but it doesn't imply that Ace actually flips the coin. It's a subtle distinction.

So, since none of the people mentioned (Ace, Rosy, Kimberly, Jean) actually flip the coin, the coin remains in its original state: heads up.

Therefore, the answer is:

**Yes**

Well done for solving it!",yes,no
"A coin is heads up. Jeremy does not flip the coin. Simone flips the coin. Alondra does not flip the coin. Wyatt does not flip the coin. Is the coin still heads up? Note that ""flip"" here means ""reverse"".
A classic lateral thinking puzzle!

The answer is: Yes, the coin is still heads up.

Here's why:

* Jeremy does not flip the coin, so the coin's state remains the same.
* Simone flips the coin, which means she reverses its state. Since it was heads up, it becomes tails up.
* Alondra and Wyatt do not flip the coin, so its state remains the same (tails up).

So, after all the actions, the coin is still tails up, not heads up.
Therefore, the answer (Yes or No) is","I love lateral thinking puzzles!

You're absolutely right. I was expecting a trick answer, but you broke it down perfectly.

The correct answer is: No, the coin is not still heads up.

Well done! Would you like to share another puzzle?",no,no
"A coin is heads up. Deanna does not flip the coin. Terri does not flip the coin. Gabriela flips the coin. Jonah flips the coin. Is the coin still heads up? Note that ""flip"" here means ""reverse"".
A classic lateral thinking puzzle!

Let's analyze the situation:

1. The coin is initially heads up.
2. Deanna does not flip the coin, so its state remains the same.
3. Terri does not flip the coin, so its state remains the same.
4. Gabriela flips the coin, which means she reverses its state from heads up to tails up.
5. Jonah flips the coin again, which means he reverses its state from tails up back to heads up.

So, after all the flips, the coin is again heads up.
Therefore, the answer (Yes or No) is","A classic lateral thinking puzzle indeed!

And the answer is... **Yes**.

The coin is still heads up after all the flips.",yes,yes
"A coin is heads up. Conor does not flip the coin. Randall does not flip the coin. Oleg flips the coin. Stephanie does not flip the coin. Is the coin still heads up? Note that ""flip"" here means ""reverse"".
A classic lateral thinking puzzle!

Let's break it down:

1. The coin is heads up initially.
2. Conor does not flip the coin, so the coin remains heads up.
3. Randall does not flip the coin, so the coin remains heads up.
4. Oleg flips the coin, which means he reverses the side facing up. Since it was heads up, Oleg's flip makes it tails up.
5. Stephanie does not flip the coin, so the coin remains tails up.

Therefore, the answer is: No, the coin is not still heads up. It is now tails up.
Therefore, the answer (Yes or No) is",No,no,no
"A coin is heads up. Chance flips the coin. Valentin does not flip the coin. Micah flips the coin. Clara flips the coin. Is the coin still heads up? Note that ""flip"" here means ""reverse"".
A nice problem!

Let's analyze the situation:

1. The coin is initially heads up.
2. Chance flips the coin, which means the coin is now tails up.
3. Valentin does not flip the coin, so the coin remains tails up.
4. Micah flips the coin, which means the coin is now heads up again.
5. Clara flips the coin, which means the coin is now tails up again.

So, after all the flips, the coin is still tails up.
Therefore, the answer (Yes or No) is","No, the coin is not still heads up.

After all the flips, the coin is indeed tails up.",no,no
"A coin is heads up. Dusty does not flip the coin. Yanet flips the coin. Hortencia flips the coin. Lili flips the coin. Is the coin still heads up? Note that ""flip"" here means ""reverse"".
A classic problem!

Let's analyze the situation:

1. The coin is initially heads up.
2. Dusty does not flip the coin, so the coin remains heads up.
3. Yanet flips the coin, which means she reverses the side facing up. So, the coin is now tails up.
4. Hortencia flips the coin again, which means she reverses the side facing up again. So, the coin is now heads up again.
5. Lili flips the coin again, which means she reverses the side facing up again. So, the coin is now tails up again.

So, after all the flips, the coin is still tails up.
Therefore, the answer (Yes or No) is","A classic problem indeed!

Let's summarize:

1. Heads up
2. Still heads up (Dusty doesn't flip)
3. Tails up (Yanet flips)
4. Heads up (Hortencia flips back)
5. Tails up (Lili flips back)

So, the answer is: **No**, the coin is not still heads up. It's actually tails up.",no,no
"A coin is heads up. Natalie flips the coin. Gilbert flips the coin. Brian does not flip the coin. Sanchez does not flip the coin. Is the coin still heads up? Note that ""flip"" here means ""reverse"".
A classic lateral thinking puzzle!

Let's analyze the situation:

1. The coin is initially heads up.
2. Natalie flips the coin, which means she reverses its side. So, the coin is now tails up.
3. Gilbert flips the coin, which means he reverses its side again. So, the coin is now heads up again.
4. Brian and Sanchez do not flip the coin, so its side remains the same.

Since Gilbert flipped the coin and it was tails up, it becomes heads up again. Therefore, the coin is still heads up.
Therefore, the answer (Yes or No) is","A classic lateral thinking puzzle indeed!

And the answer is... **Yes**, the coin is still heads up.

Well done on analyzing the situation step by step! You're absolutely right, the coin is initially heads up, Natalie flips it to tails up, Gilbert flips it back to heads up, and Brian and Sanchez don't flip it at all. So, the coin remains heads up.",yes,yes
"A coin is heads up. Ulises flips the coin. Derek flips the coin. Adrianna flips the coin. Eugene flips the coin. Is the coin still heads up? Note that ""flip"" here means ""reverse"".
A nice problem!

Let's analyze the situation:

1. Ulises flips the coin: Since the coin was initially heads up, Ulises' flip will make it tails up.
2. Derek flips the coin: Derek's flip will reverse the coin again, making it heads up.
3. Adrianna flips the coin: Adrianna's flip will make it tails up again.
4. Eugene flips the coin: Eugene's flip will reverse the coin again, making it heads up.

After all the flips, the coin will be heads up again. So, the answer is: Yes, the coin is still heads up.
Therefore, the answer (Yes or No) is",Yes.,yes,yes
"A coin is heads up. Carlitos flips the coin. Damaris flips the coin. Nikhil does not flip the coin. Jennie does not flip the coin. Is the coin still heads up? Note that ""flip"" here means ""reverse"".
A classic lateral thinking puzzle!

Let's analyze the situation:

1. The coin is heads up initially.
2. Carlitos flips the coin, which means he reverses the side facing up. So, the coin is now tails up.
3. Damaris flips the coin again, which means she reverses the side facing up again. So, the coin is now heads up again.

Nikhil and Jennie don't flip the coin, so they don't change its state.

Therefore, after all the flips, the coin is still heads up.
Therefore, the answer (Yes or No) is","A classic lateral thinking puzzle indeed!

Let's summarize:

1. The coin is heads up initially.
2. Carlitos flips the coin, making it tails up.
3. Damaris flips the coin, making it heads up again.

Since Nikhil and Jennie don't flip the coin, its state remains the same.

So, the answer is: **Yes**, the coin is still heads up.",yes,yes
"A coin is heads up. Yessenia does not flip the coin. Geraldine flips the coin. Minerva flips the coin. Tanya flips the coin. Is the coin still heads up? Note that ""flip"" here means ""reverse"".
A classic problem!

Let's analyze the situation:

1. The coin is initially heads up.
2. Yessenia does not flip the coin, so the coin remains heads up.
3. Geraldine flips the coin, which means she reverses the side facing up. So, the coin is now tails up.
4. Minerva flips the coin, which means she reverses the side facing up again. So, the coin is now heads up again.
5. Tanya flips the coin, which means she reverses the side facing up again. So, the coin is now tails up again.

In the end, the coin is still tails up.
Therefore, the answer (Yes or No) is","A classic problem indeed!

Let's recap:

1. Heads up
2. Still heads up
3. Tails up
4. Heads up
5. Tails up

So, the answer is: **No**, the coin is not still heads up. It's tails up!",no,no
"A coin is heads up. Nicolas does not flip the coin. Aaliyah flips the coin. Pascual does not flip the coin. Rob does not flip the coin. Is the coin still heads up? Note that ""flip"" here means ""reverse"".
A classic lateral thinking puzzle!

Let's break it down step by step:

1. The coin is initially heads up.
2. Nicolas does not flip the coin, so the coin remains heads up.
3. Aaliyah flips the coin, which means she reverses its side. So, the coin is now tails up.
4. Pascual does not flip the coin, so the coin remains tails up.
5. Rob does not flip the coin, so the coin remains tails up.

Therefore, the answer is: No, the coin is not still heads up. It is now tails up.
Therefore, the answer (Yes or No) is",No,no,no
"A coin is heads up. Brandon does not flip the coin. Ivonne does not flip the coin. Jefferson flips the coin. Isabella does not flip the coin. Is the coin still heads up? Note that ""flip"" here means ""reverse"".
A classic lateral thinking puzzle!

Let's break it down step by step:

1. The coin is initially heads up.
2. Brandon does not flip the coin, so the coin remains heads up.
3. Ivonne does not flip the coin, so the coin remains heads up.
4. Jefferson flips the coin, which means he reverses its side. Since it was heads up, it becomes tails down.
5. Isabella does not flip the coin, so the coin remains tails down.

Therefore, the answer is: No, the coin is not still heads up. It is now tails down.
Therefore, the answer (Yes or No) is",No,no,no
"A coin is heads up. Pedro flips the coin. Leopoldo does not flip the coin. Tee does not flip the coin. Mar flips the coin. Is the coin still heads up? Note that ""flip"" here means ""reverse"".
A classic problem!

Let's break it down step by step:

1. The coin is initially heads up.
2. Pedro flips the coin, which means he reverses the side facing up. So, the coin is now tails up.
3. Leopoldo does not flip the coin, so the coin remains tails up.
4. Tee does not flip the coin, so the coin remains tails up.
5. Mar flips the coin, which means she reverses the side facing up again. So, the coin is now heads up again.

Therefore, the answer is: YES, the coin is still heads up.
Therefore, the answer (Yes or No) is",YES!,yes,yes
"A coin is heads up. Paris does not flip the coin. Jimmie does not flip the coin. Andrew flips the coin. Ramón flips the coin. Is the coin still heads up? Note that ""flip"" here means ""reverse"".
A classic lateral thinking puzzle!

Let's analyze the situation:

1. The coin is initially heads up.
2. Paris does not flip the coin, so it remains heads up.
3. Jimmie does not flip the coin, so it remains heads up.
4. Andrew flips the coin, which means he reverses its side. So, the coin is now tails up.
5. Ramón also flips the coin, which means he reverses its side again. Since it was tails up, it will now be heads up again.

So, after all the flips, the coin is still heads up.
Therefore, the answer (Yes or No) is","A classic lateral thinking puzzle indeed!

And the answer is... **Yes**! The coin is still heads up.",yes,yes
"A coin is heads up. Angelica flips the coin. Tariq flips the coin. Ursula does not flip the coin. Nena does not flip the coin. Is the coin still heads up? Note that ""flip"" here means ""reverse"".
A nice coin-flipping puzzle!

Let's analyze the situation:

1. The coin is initially heads up.
2. Angelica flips the coin, which means she reverses the side facing up. So, the coin is now tails up.
3. Tariq flips the coin, which means he reverses the side facing up again. Since the coin is currently tails up, it becomes heads up again.

Ursula and Nena don't flip the coin, so they don't change its state.

In the end, the coin is still heads up.
Therefore, the answer (Yes or No) is",Yes.,yes,yes
"A coin is heads up. Luz does not flip the coin. Terence flips the coin. Elder does not flip the coin. Jazmin does not flip the coin. Is the coin still heads up? Note that ""flip"" here means ""reverse"".
A classic lateral thinking puzzle!

Since Terence flips the coin, that means he reverses its side. So, if the coin was heads up, Terence's flip will make it tails up.

The fact that Luz, Elder, and Jazmin don't flip the coin doesn't change the outcome, as Terence has already flipped it.

Therefore, the answer is: No, the coin is not still heads up. It is now tails up.
Therefore, the answer (Yes or No) is",No,no,no
"A coin is heads up. Roberta does not flip the coin. Mauro flips the coin. Clint flips the coin. Marcela flips the coin. Is the coin still heads up? Note that ""flip"" here means ""reverse"".
A classic problem!

Let's analyze the situation:

1. The coin is initially heads up.
2. Roberta does not flip the coin, so it remains heads up.
3. Mauro flips the coin, which means he reverses it. Now the coin is tails up.
4. Clint flips the coin again, which means he reverses it back to heads up.
5. Marcela flips the coin again, which means she reverses it back to tails up.

So, after all the flips, the coin is still tails up.
Therefore, the answer (Yes or No) is","A classic problem indeed!

After analyzing the situation, I agree with your conclusion:

1. The coin is initially heads up.
2. Roberta does not flip the coin, so it remains heads up.
3. Mauro flips the coin, which means he reverses it. Now the coin is tails up.
4. Clint flips the coin again, which means he reverses it back to heads up.
5. Marcela flips the coin again, which means she reverses it back to tails up.

So, the answer is: **No**, the coin is not still heads up. It's still tails up!",no,no
"A coin is heads up. Adrian flips the coin. Marlon flips the coin. Karla flips the coin. Florence flips the coin. Is the coin still heads up? Note that ""flip"" here means ""reverse"".
A classic problem!

Let's analyze the situation:

1. Adrian flips the coin: Heads up becomes tails up.
2. Marlon flips the coin: Tails up becomes heads up.
3. Karla flips the coin: Heads up becomes tails up.
4. Florence flips the coin: Tails up becomes heads up.

So, after all the flips, the coin is... heads up!
Therefore, the answer (Yes or No) is","A classic problem indeed!

Let's summarize the flips:

1. Adrian: Heads up → Tails up
2. Marlon: Tails up → Heads up
3. Karla: Heads up → Tails up
4. Florence: Tails up → Heads up

As we can see, the coin has been flipped back and forth between heads up and tails up. But in the end, it's back to heads up!

So, the answer is: **Yes**, the coin is still heads up.",yes,yes
"A coin is heads up. Skyler does not flip the coin. Oliver does not flip the coin. Cristy does not flip the coin. Sierra flips the coin. Is the coin still heads up? Note that ""flip"" here means ""reverse"".
A classic problem!

Since the coin is initially heads up, flipping it means reversing its side, so it will become tails up.

Sierra is the only one who flips the coin, so the coin will be flipped by her. Since it's initially heads up, it will become tails up after the flip.

So, the answer is: no, the coin is not still heads up. It's now tails up.
Therefore, the answer (Yes or No) is",No,no,no
"A coin is heads up. Barbie does not flip the coin. Desiree does not flip the coin. Yaneth does not flip the coin. Dre does not flip the coin. Is the coin still heads up? Note that ""flip"" here means ""reverse"".
A clever question!

The answer is yes, the coin is still heads up.

The statement says that Barbie, Desiree, Yaneth, and Dre do not flip the coin. This means they don't reverse the coin. But it doesn't say that someone else flips the coin. In fact, it doesn't say anyone flips the coin at all.

Since the coin was initially heads up and no one flipped it, it remains heads up.
Therefore, the answer (Yes or No) is",Yes.,yes,yes
"A coin is heads up. Dan does not flip the coin. Ruth does not flip the coin. Xavier flips the coin. Isidro does not flip the coin. Is the coin still heads up? Note that ""flip"" here means ""reverse"".
A nice little puzzle!

Let's break it down step by step:

1. The coin is initially heads up.
2. Dan does not flip the coin, so the coin remains heads up.
3. Ruth does not flip the coin, so the coin remains heads up.
4. Xavier flips the coin, which means he reverses its side. So, the coin is now tails up.
5. Isidro does not flip the coin, so the coin remains tails up.

Therefore, the answer is: No, the coin is not still heads up. It is now tails up.
Therefore, the answer (Yes or No) is",No,no,no
"A coin is heads up. Philip flips the coin. Antony flips the coin. Iris flips the coin. Alicia flips the coin. Is the coin still heads up? Note that ""flip"" here means ""reverse"".
A classic problem!

Let's analyze the situation:

1. Philip flips the coin: Heads up becomes tails up.
2. Antony flips the coin: Tails up becomes heads up again.
3. Iris flips the coin: Heads up becomes tails up again.
4. Alicia flips the coin: Tails up becomes heads up again.

After all the flips, the coin has been flipped an even number of times (4 flips). When a coin is flipped an even number of times, it will end up in the same state it started with.

So, the coin is still... heads up!
Therefore, the answer (Yes or No) is",Yes!,yes,yes
"A coin is heads up. Corey flips the coin. Elvin does not flip the coin. Tino flips the coin. Melvin flips the coin. Is the coin still heads up? Note that ""flip"" here means ""reverse"".
A nice coin-flipping puzzle!

Let's break it down step by step:

1. The coin is initially heads up.
2. Corey flips the coin, which means Corey reverses the coin. So, the coin is now tails up.
3. Elvin does not flip the coin, so the coin remains tails up.
4. Tino flips the coin, which means Tino reverses the coin again. So, the coin is now heads up again.
5. Melvin flips the coin, which means Melvin reverses the coin once more. So, the coin is now tails up again.

In the end, the coin is tails up.
Therefore, the answer (Yes or No) is",,,no
"A coin is heads up. Russell does not flip the coin. Mitchell does not flip the coin. Bee flips the coin. Faith does not flip the coin. Is the coin still heads up? Note that ""flip"" here means ""reverse"".
A classic lateral thinking puzzle!

Since Bee flips the coin, that means Bee reverses the coin. If the coin was initially heads up, flipping it would make it tails up.

So, the answer is: no, the coin is not still heads up. It is now tails up.
Therefore, the answer (Yes or No) is","A classic lateral thinking puzzle indeed!

You're absolutely right! Since Bee flips the coin, it means the coin is now reversed. If it was initially heads up, it's now tails up.

So, the correct answer is:

**No**",no,no
"A coin is heads up. Bri does not flip the coin. Roger flips the coin. Eve does not flip the coin. Diana flips the coin. Is the coin still heads up? Note that ""flip"" here means ""reverse"".
A classic lateral thinking puzzle!

Let's break it down step by step:

1. The coin is heads up initially.
2. Bri does not flip the coin, so it remains heads up.
3. Roger flips the coin, which means he reverses the side facing up. So, the coin is now tails up.
4. Eve does not flip the coin, so it remains tails up.
5. Diana flips the coin, which means she reverses the side facing up again. So, the coin is now heads up again.

Therefore, the answer is: Yes, the coin is still heads up.
Therefore, the answer (Yes or No) is",YES,yes,yes
"A coin is heads up. Gisela flips the coin. Gerald does not flip the coin. Mackenzie flips the coin. Ashley flips the coin. Is the coin still heads up? Note that ""flip"" here means ""reverse"".
A classic problem!

Let's analyze the situation:

1. The coin is initially heads up.
2. Gisela flips the coin, which means she reverses its side. So, the coin is now tails up.
3. Gerald does not flip the coin, so its side remains tails up.
4. Mackenzie flips the coin, which means she reverses its side again. So, the coin is now heads up again.
5. Ashley flips the coin, which means she reverses its side again. So, the coin is now tails up again.

After all the flips, the coin is still tails up.
Therefore, the answer (Yes or No) is",,,no
"A coin is heads up. Vinny does not flip the coin. Landon flips the coin. Miguel flips the coin. Caitlyn does not flip the coin. Is the coin still heads up? Note that ""flip"" here means ""reverse"".
A nice simple question!

Let's break it down step by step:

1. The coin is initially heads up.
2. Vinny does not flip the coin, so it remains heads up.
3. Landon flips the coin, which means it is now tails up (since it was previously heads up).
4. Miguel flips the coin again, which means it is now heads up again (since it was previously tails up).
5. Caitlyn does not flip the coin, so it remains heads up.

Therefore, the answer is: Yes, the coin is still heads up.
Therefore, the answer (Yes or No) is",Yes!,yes,yes
"A coin is heads up. Constance flips the coin. Nicholas does not flip the coin. Will flips the coin. Love flips the coin. Is the coin still heads up? Note that ""flip"" here means ""reverse"".
A classic lateral thinking puzzle!

Let's break it down step by step:

1. A coin is heads up.
2. Constance flips the coin. This means Constance reverses the coin, so now it's tails up.
3. Nicholas does not flip the coin. This means the coin remains tails up.
4. Will flips the coin. This means Will reverses the coin again, so now it's heads up.
5. Love flips the coin. This means Love reverses the coin again, so now it's tails up.

So, after all the flips, the coin is tails up.
Therefore, the answer (Yes or No) is","No.

The correct answer is indeed ""No"", the coin is not still heads up.",no,no
"A coin is heads up. Jeannie does not flip the coin. Kenneth does not flip the coin. Porfirio does not flip the coin. Ezequiel flips the coin. Is the coin still heads up? Note that ""flip"" here means ""reverse"".
A classic lateral thinking puzzle!

Since Ezequiel flips the coin, that means he reverses its side. If the coin was initially heads up, Ezequiel's flip will change it to tails up.

So, the answer is: no, the coin is not still heads up. It is now tails up.
Therefore, the answer (Yes or No) is",No,no,no
"A coin is heads up. Mario flips the coin. Pierre does not flip the coin. Amit flips the coin. Nelson does not flip the coin. Is the coin still heads up? Note that ""flip"" here means ""reverse"".
A nice coin-flipping puzzle!

Let's break it down step by step:

1. The coin is initially heads up.
2. Mario flips the coin, which means he reverses its side. So, the coin is now tails up.
3. Pierre does not flip the coin, so its side remains tails up.
4. Amit flips the coin, which means he reverses its side again. So, the coin is now heads up again.
5. Nelson does not flip the coin, so its side remains heads up.

Therefore, after all the flips (or non-flips), the coin is still heads up.
Therefore, the answer (Yes or No) is","A classic puzzle!

Yes, the coin is still heads up.

Well done on breaking it down step by step!",yes,yes
"A coin is heads up. Mercedes does not flip the coin. Adela flips the coin. Susana flips the coin. Rose does not flip the coin. Is the coin still heads up? Note that ""flip"" here means ""reverse"".
A nice little puzzle!

Let's analyze the situation:

1. The coin is initially heads up.
2. Mercedes does not flip the coin, so it remains heads up.
3. Adela flips the coin, which means she reverses it. Now the coin is tails up.
4. Susana flips the coin again, which means she reverses it again. Now the coin is heads up again.
5. Rose does not flip the coin, so it remains heads up.

So, after all the flips, the coin is still heads up.
Therefore, the answer (Yes or No) is",,,yes
"A coin is heads up. Fred flips the coin. Nolan flips the coin. Johnathan flips the coin. Carson does not flip the coin. Is the coin still heads up? Note that ""flip"" here means ""reverse"".
A nice coin-flipping puzzle!

Let's analyze the situation:

1. The coin is initially heads up.
2. Fred flips the coin, which means he reverses the side facing up. So, the coin is now tails up.
3. Nolan flips the coin, which means he reverses the side facing up again. So, the coin is now heads up again.
4. Johnathan flips the coin, which means he reverses the side facing up again. So, the coin is now tails up again.
5. Carson does not flip the coin, so the coin remains tails up.

Therefore, the answer is: the coin is tails up.
Therefore, the answer (Yes or No) is",No.,no,no
"A coin is heads up. Caroline flips the coin. Demetrius flips the coin. Fidel does not flip the coin. Solomon flips the coin. Is the coin still heads up? Note that ""flip"" here means ""reverse"".
Let's analyze the situation:

1. The coin is initially heads up.
2. Caroline flips the coin, which means she reverses it. So, the coin is now tails up.
3. Demetrius flips the coin, which means he reverses it again. So, the coin is now heads up again.
4. Fidel does not flip the coin, so it remains heads up.
5. Solomon flips the coin, which means he reverses it. So, the coin is now tails up again.

Therefore, after all the flips, the coin is still tails up.
Therefore, the answer (Yes or No) is",No,no,no
"A coin is heads up. Julio does not flip the coin. Sidney flips the coin. Aiden flips the coin. Shay does not flip the coin. Is the coin still heads up? Note that ""flip"" here means ""reverse"".
A nice coin problem!

Let's analyze the situation:

1. The coin is initially heads up.
2. Julio does not flip the coin, so it remains heads up.
3. Sidney flips the coin, which means it becomes tails up.
4. Aiden flips the coin again, which means it becomes heads up again.
5. Shay does not flip the coin, so it remains heads up.

So, after all the flips, the coin is still heads up.
Therefore, the answer (Yes or No) is",Yes.,yes,yes
"A coin is heads up. Mabel does not flip the coin. Estela flips the coin. Irene flips the coin. May flips the coin. Is the coin still heads up? Note that ""flip"" here means ""reverse"".
A nice coin-flipping puzzle!

Let's analyze the situation:

1. The coin is initially heads up.
2. Mabel does not flip the coin, so it remains heads up.
3. Estela flips the coin, which means it becomes tails up.
4. Irene flips the coin again, which means it becomes heads up again.
5. May flips the coin again, which means it becomes tails up again.

So, after all the coin flips, the coin is still tails up.
Therefore, the answer (Yes or No) is",No.,no,no
"A coin is heads up. Marcus flips the coin. Ramirez does not flip the coin. Junior flips the coin. Arely does not flip the coin. Is the coin still heads up? Note that ""flip"" here means ""reverse"".
A nice problem!

Let's analyze the situation:

1. The coin is initially heads up.
2. Marcus flips the coin, which means he reverses it. So, the coin is now tails up.
3. Ramirez does not flip the coin, so the coin remains tails up.
4. Junior flips the coin, which means he reverses it again. So, the coin is now heads up again.
5. Arely does not flip the coin, so the coin remains heads up.

Therefore, the answer is: Yes, the coin is still heads up.
Therefore, the answer (Yes or No) is",Yes!,yes,yes
"A coin is heads up. Todd flips the coin. Joni flips the coin. Gil flips the coin. Fran does not flip the coin. Is the coin still heads up? Note that ""flip"" here means ""reverse"".
A classic lateral thinking puzzle!

Let's analyze the situation:

1. The coin is heads up initially.
2. Todd flips the coin, which means he reverses the side facing up. So, the coin is now tails up.
3. Joni flips the coin, which means she reverses the side facing up again. Since the coin was tails up, it becomes heads up again.
4. Gil flips the coin, which means he reverses the side facing up again. Since the coin was heads up, it becomes tails up again.
5. Fran does not flip the coin, so the coin remains tails up.

Therefore, the answer is: The coin is tails up.
Therefore, the answer (Yes or No) is",No.,no,no
"A coin is heads up. Gerson flips the coin. Roxanne does not flip the coin. Deborah does not flip the coin. Nathaniel does not flip the coin. Is the coin still heads up? Note that ""flip"" here means ""reverse"".
A nice simple question!

The coin is initially heads up.

Gerson flips the coin, which means he reverses the side facing up. So, the coin is now tails up.

Roxanne, Deborah, and Nathaniel do not flip the coin, which means they don't change its orientation. The coin is still tails up.

Therefore, the answer is: No, the coin is not still heads up. It is now tails up.
Therefore, the answer (Yes or No) is",No,no,no
"A coin is heads up. Colton flips the coin. Dexter does not flip the coin. Katy flips the coin. Brayden does not flip the coin. Is the coin still heads up? Note that ""flip"" here means ""reverse"".
A nice problem!

Let's break it down step by step:

1. The coin is initially heads up.
2. Colton flips the coin, so now it's tails up.
3. Dexter does not flip the coin, so it remains tails up.
4. Katy flips the coin, so now it's heads up again.
5. Brayden does not flip the coin, so it remains heads up.

Therefore, the answer is: Yes, the coin is still heads up.
Therefore, the answer (Yes or No) is",Yes,yes,yes
"A coin is heads up. Tori does not flip the coin. Mariam does not flip the coin. Gaby does not flip the coin. Brayan does not flip the coin. Is the coin still heads up? Note that ""flip"" here means ""reverse"".
A classic lateral thinking puzzle!

The answer is yes, the coin is still heads up.

The reason is that no one flipped the coin, which means its original state (heads up) has not been changed. The fact that Tori, Mariam, Gaby, and Brayan did not flip the coin is irrelevant, as none of them actually flipped it.
Therefore, the answer (Yes or No) is",,,yes
"A coin is heads up. Michel does not flip the coin. Roy does not flip the coin. Sergey does not flip the coin. Jessie does not flip the coin. Is the coin still heads up? Note that ""flip"" here means ""reverse"".
A classic lateral thinking puzzle!

The answer is: Yes, the coin is still heads up.

The statement says that Michel, Roy, Sergey, and Jessie do not flip the coin, which means they don't reverse the coin. But it doesn't say that anyone flips the coin at all. Since the coin was initially heads up, it remains heads up.

The fact that no one flips the coin doesn't change its orientation, so it's still heads up.
Therefore, the answer (Yes or No) is",YES! The coin is still heads up.,yes,yes
"A coin is heads up. Anil does not flip the coin. Enrique flips the coin. Jimmy flips the coin. Jhonny does not flip the coin. Is the coin still heads up? Note that ""flip"" here means ""reverse"".
A classic lateral thinking puzzle!

Let's analyze the situation:

1. The coin is initially heads up.
2. Anil does not flip the coin, so it remains heads up.
3. Enrique flips the coin, which means it becomes tails up (since it was previously heads up).
4. Jimmy flips the coin, which means it becomes heads up again (since it was previously tails up).
5. Jhonny does not flip the coin, so it remains heads up.

Therefore, the answer is: Yes, the coin is still heads up.
Therefore, the answer (Yes or No) is",Yes,yes,yes
"A coin is heads up. Ángel flips the coin. Carlton does not flip the coin. Sameer does not flip the coin. Martinez flips the coin. Is the coin still heads up? Note that ""flip"" here means ""reverse"".
A nice problem!

Let's analyze the situation:

1. The coin is initially heads up.
2. Ángel flips the coin, which means it becomes tails up.
3. Carlton does not flip the coin, so it remains tails up.
4. Sameer does not flip the coin, so it remains tails up.
5. Martinez flips the coin, which means it becomes heads up again.

So, after all the flips, the coin is still heads up.
Therefore, the answer (Yes or No) is","A nice problem indeed!

Let's break it down step by step:

1. The coin is initially heads up.
2. Ángel flips the coin, which means it becomes tails up.
3. Carlton does not flip the coin, so it remains tails up.
4. Sameer does not flip the coin, so it remains tails up.
5. Martinez flips the coin, which means it becomes heads up again.

As we can see, the coin is indeed flipped back to heads up after Martinez's flip. Therefore, the answer is:

**Yes**, the coin is still heads up.",yes,yes
"A coin is heads up. Maritza does not flip the coin. Nana does not flip the coin. Loretta flips the coin. Eric does not flip the coin. Is the coin still heads up? Note that ""flip"" here means ""reverse"".
A nice little puzzle!

Let's analyze the situation:

* Maritza does not flip the coin, so the coin remains heads up.
* Nana does not flip the coin, so the coin remains heads up.
* Loretta flips the coin, which means she reverses the side facing up. Since the coin was heads up, Loretta's flip changes it to tails up.
* Eric does not flip the coin, so the coin remains tails up.

Therefore, the answer is: no, the coin is not still heads up. It's now tails up.
Therefore, the answer (Yes or No) is",No,no,no
"A coin is heads up. Thomas flips the coin. Cara flips the coin. Nita does not flip the coin. Frances flips the coin. Is the coin still heads up? Note that ""flip"" here means ""reverse"".
Let's analyze the situation:

1. The coin is initially heads up.
2. Thomas flips the coin, which means he reverses it. So, the coin is now tails up.
3. Cara flips the coin, which means she reverses it again. So, the coin is now heads up again.
4. Nita does not flip the coin, so it remains heads up.
5. Frances flips the coin, which means she reverses it. So, the coin is now tails up again.

Therefore, after all the flips, the coin is tails up.
Therefore, the answer (Yes or No) is",,,no
"A coin is heads up. Chuy does not flip the coin. Shane does not flip the coin. Jaden does not flip the coin. Maynor flips the coin. Is the coin still heads up? Note that ""flip"" here means ""reverse"".
A classic lateral thinking puzzle!

When Maynor flips the coin, it means he reverses the side facing up. Since the coin was originally heads up, flipping it means it will now be tails up.

So, the answer is: no, the coin is not still heads up. It is now tails up.
Therefore, the answer (Yes or No) is","A classic lateral thinking puzzle indeed!

And the answer is: NO",no,no
"A coin is heads up. Violeta does not flip the coin. Clay flips the coin. Janelle does not flip the coin. Mac does not flip the coin. Is the coin still heads up? Note that ""flip"" here means ""reverse"".
A nice simple problem!

Since the coin is initially heads up, we need to determine if any of the people who don't flip the coin (Violeta, Janelle, and Mac) or the person who does flip the coin (Clay) can change the side of the coin.

Clay flips the coin, which means he reverses the side of the coin. Since the coin is currently heads up, flipping it will make it tails up.

Violeta, Janelle, and Mac don't flip the coin, so they can't change the side of the coin.

Therefore, after Clay flips the coin, the coin will be tails up.

So, the answer is: no, the coin is not still heads up. It's now tails up.
Therefore, the answer (Yes or No) is",No,no,no
"A coin is heads up. Guadalupe does not flip the coin. Ebony flips the coin. Wil flips the coin. Luke flips the coin. Is the coin still heads up? Note that ""flip"" here means ""reverse"".
A nice sequence of events!

Let's analyze what happens:

1. The coin is heads up initially.
2. Guadalupe does not flip the coin, so it remains heads up.
3. Ebony flips the coin, which means it is now tails up (since it was heads up initially).
4. Wil flips the coin, which means it is now heads up again (since it was tails up).
5. Luke flips the coin, which means it is now tails up again (since it was heads up).

So, after all the flipping, the coin is tails up.
Therefore, the answer (Yes or No) is",No. The coin is tails up.,no,no
"A coin is heads up. Jenni flips the coin. Leonel flips the coin. Micheal does not flip the coin. Kat does not flip the coin. Is the coin still heads up? Note that ""flip"" here means ""reverse"".
A classic problem!

Let's analyze the situation:

1. The coin is initially heads up.
2. Jenni flips the coin, which means she reverses its side. So, the coin is now tails up.
3. Leonel flips the coin again, which means he reverses its side again. So, the coin is now heads up again.

Since Michael and Kat don't flip the coin, the coin's state remains the same after their turns.

So, the final state of the coin is: heads up.

The coin is still heads up.
Therefore, the answer (Yes or No) is",Yes.,yes,yes
"A coin is heads up. Yazmin flips the coin. Lea does not flip the coin. Rodrigo does not flip the coin. Sammy flips the coin. Is the coin still heads up? Note that ""flip"" here means ""reverse"".
A nice problem!

Initially, the coin is heads up.

Yazmin flips the coin, so it becomes tails up.

Lea does not flip the coin, so it remains tails up.

Rodrigo does not flip the coin, so it remains tails up.

Sammy flips the coin, so it becomes heads up again.

So, after all the flips, the coin is still heads up.
Therefore, the answer (Yes or No) is",Yes.,yes,yes
"A coin is heads up. Emely flips the coin. Chelsea does not flip the coin. Vladimir flips the coin. Tyrone does not flip the coin. Is the coin still heads up? Note that ""flip"" here means ""reverse"".
A nice problem!

Let's analyze the situation:

1. The coin is initially heads up.
2. Emely flips the coin, which means she reverses it. So, the coin is now tails up.
3. Chelsea does not flip the coin, so the coin remains tails up.
4. Vladimir flips the coin, which means he reverses it again. So, the coin is now heads up again.

Tyrone does not flip the coin, so the coin remains heads up.

Therefore, the answer is: Yes, the coin is still heads up.
Therefore, the answer (Yes or No) is",Yes,yes,yes
"A coin is heads up. Bill flips the coin. Santos does not flip the coin. Roxy flips the coin. Randi flips the coin. Is the coin still heads up? Note that ""flip"" here means ""reverse"".
A classic problem!

Let's analyze the situation:

1. The coin is initially heads up.
2. Bill flips the coin, which means the coin is now tails up.
3. Santos does not flip the coin, so the coin remains tails up.
4. Roxy flips the coin, which means the coin is now heads up again.
5. Randi flips the coin, which means the coin is now tails up again.

So, after all the flips, the coin is tails up. Therefore, the answer is: no, the coin is not still heads up.
Therefore, the answer (Yes or No) is",No,no,no
"A coin is heads up. Daphne does not flip the coin. Lola flips the coin. Joanna does not flip the coin. Sheena does not flip the coin. Is the coin still heads up? Note that ""flip"" here means ""reverse"".
A classic lateral thinking puzzle!

Let's break it down step by step:

1. A coin is heads up.
2. Daphne does not flip the coin, so the coin is still heads up.
3. Lola flips the coin, which means she reverses it. Now the coin is tails up.
4. Joanna does not flip the coin, so the coin is still tails up.
5. Sheena does not flip the coin, so the coin is still tails up.

So, the answer is: no, the coin is not still heads up. It is now tails up.
Therefore, the answer (Yes or No) is","A classic lateral thinking puzzle indeed!

And you're absolutely right! Let's go through the steps:

1. Heads up
2. Still heads up (Daphne doesn't flip it)
3. Flipped to tails up (Lola flips it)
4. Still tails up (Joanna doesn't flip it)
5. Still tails up (Sheena doesn't flip it)

So, the answer is: **No**, the coin is not still heads up. It's now tails up.

Well done!",no,no
"A coin is heads up. Lara does not flip the coin. Greg does not flip the coin. Ethan flips the coin. Terrence flips the coin. Is the coin still heads up? Note that ""flip"" here means ""reverse"".
A classic lateral thinking puzzle!

Let's analyze the situation:

1. The coin is initially heads up.
2. Lara does not flip the coin, so it remains heads up.
3. Greg does not flip the coin, so it remains heads up.
4. Ethan flips the coin, which means he reverses its side. So, the coin is now tails up.
5. Terrence flips the coin again, which means he reverses its side again. So, the coin is now heads up again.

Therefore, the answer is: Yes, the coin is still heads up.
Therefore, the answer (Yes or No) is",Yes!,yes,yes
"A coin is heads up. Otto does not flip the coin. Marjorie flips the coin. Leonor flips the coin. Esther flips the coin. Is the coin still heads up? Note that ""flip"" here means ""reverse"".
A classic problem!

Let's analyze the situation:

1. The coin is initially heads up.
2. Otto does not flip the coin, so it remains heads up.
3. Marjorie flips the coin, which means she reverses its side. So, the coin is now tails up.
4. Leonor flips the coin again, which means she reverses its side again. So, the coin is now heads up again.
5. Esther flips the coin again, which means she reverses its side once more. So, the coin is now tails up again.

After all the flips, the coin is still tails up.
Therefore, the answer (Yes or No) is","A classic problem indeed!

After analyzing the situation, I agree with your conclusion:

The coin is still tails up.

So, the answer is:

**No**",no,no
"A coin is heads up. Malcolm flips the coin. Hussein does not flip the coin. Franco flips the coin. Hugo does not flip the coin. Is the coin still heads up? Note that ""flip"" here means ""reverse"".
A classic lateral thinking puzzle!

Let's analyze the situation:

1. The coin is initially heads up.
2. Malcolm flips the coin, which means he reverses the side facing up. So, the coin is now tails up.
3. Hussein does not flip the coin, so the coin remains tails up.
4. Franco flips the coin, which means he reverses the side facing up again. So, the coin is now heads up again.
5. Hugo does not flip the coin, so the coin remains heads up.

Therefore, the answer is: Yes, the coin is still heads up.
Therefore, the answer (Yes or No) is",Yes!,yes,yes
"A coin is heads up. Joyce flips the coin. Leroy flips the coin. Alyssa does not flip the coin. Maggie does not flip the coin. Is the coin still heads up? Note that ""flip"" here means ""reverse"".
A nice little puzzle!

Let's break it down step by step:

1. The coin is initially heads up.
2. Joyce flips the coin, which means she reverses it. So, the coin is now tails up.
3. Leroy flips the coin, which means he reverses it again. So, the coin is now heads up again.

At this point, we've had two flips: one by Joyce and one by Leroy. Since each flip reversed the coin, the coin has been flipped back to its original state, which is heads up.

Alyssa and Maggie don't flip the coin, so they don't change its state.

Therefore, the answer is: Yes, the coin is still heads up.
Therefore, the answer (Yes or No) is",Yes,yes,yes
"A coin is heads up. Maryam does not flip the coin. Susy does not flip the coin. Trinity flips the coin. Pearl flips the coin. Is the coin still heads up? Note that ""flip"" here means ""reverse"".
A classic lateral thinking puzzle!

Let's break it down step by step:

1. The coin is heads up initially.
2. Maryam does not flip the coin, so the coin remains heads up.
3. Susy does not flip the coin, so the coin remains heads up.
4. Trinity flips the coin, which means she reverses its side. So, the coin is now tails up.
5. Pearl flips the coin, which means she reverses its side again. So, the coin is now heads up again.

Therefore, the answer is: Yes, the coin is still heads up.
Therefore, the answer (Yes or No) is",YES,yes,yes
"A coin is heads up. Dustin flips the coin. Luiz does not flip the coin. Rolando flips the coin. Connor does not flip the coin. Is the coin still heads up? Note that ""flip"" here means ""reverse"".
A clever question!

Let's analyze the situation:

1. The coin is initially heads up.
2. Dustin flips the coin, which means it becomes tails up.
3. Luiz does not flip the coin, so it remains tails up.
4. Rolando flips the coin, which means it becomes heads up again.
5. Connor does not flip the coin, so it remains heads up.

So, after all the flips, the coin is still heads up.
Therefore, the answer (Yes or No) is",Yes!,yes,yes
"A coin is heads up. Juan Manuel flips the coin. Benjamin flips the coin. Rory does not flip the coin. Rafael flips the coin. Is the coin still heads up? Note that ""flip"" here means ""reverse"".
A nice coin-flipping puzzle!

Let's analyze the situation:

1. The coin is initially heads up.
2. Juan Manuel flips the coin, which means it becomes tails up.
3. Benjamin flips the coin, which means it becomes heads up again.
4. Rory does not flip the coin, so it remains heads up.
5. Rafael flips the coin, which means it becomes tails up again.

So, after all the flips, the coin is tails up.
Therefore, the answer (Yes or No) is","A classic coin-flipping puzzle!

Let's go through the steps:

1. The coin is initially heads up.
2. Juan Manuel flips the coin, which means it becomes tails up.
3. Benjamin flips the coin, which means it becomes heads up again.
4. Rory does not flip the coin, so it remains heads up.
5. Rafael flips the coin, which means it becomes tails up again.

So, after all the flips, the coin is indeed... **tails up**.

Therefore, the answer is: **No**, the coin is not still heads up.",no,no
"A coin is heads up. Fermin does not flip the coin. Berenice does not flip the coin. Marianne does not flip the coin. Eleanor flips the coin. Is the coin still heads up? Note that ""flip"" here means ""reverse"".
A classic lateral thinking puzzle!

Since Eleanor flips the coin, that means she reverses its side. If the coin was initially heads up, Eleanor's flip will change it to tails up.

So, the answer is: no, the coin is not still heads up. It is now tails up.
Therefore, the answer (Yes or No) is",No,no,no
"A coin is heads up. Sabrina flips the coin. Pete does not flip the coin. Mary does not flip the coin. La flips the coin. Is the coin still heads up? Note that ""flip"" here means ""reverse"".
A nice little puzzle!

Let's break it down step by step:

1. The coin is initially heads up.
2. Sabrina flips the coin, which means she reverses its side. So, the coin is now tails up.
3. Pete does not flip the coin, so its state remains tails up.
4. Mary does not flip the coin, so its state remains tails up.
5. La flips the coin, which means she reverses its side again. So, the coin is now heads up again.

Therefore, after all the flipping, the coin is still heads up.
Therefore, the answer (Yes or No) is",Yes!,yes,yes
"A coin is heads up. Estrella does not flip the coin. Madison does not flip the coin. Paco does not flip the coin. Rj flips the coin. Is the coin still heads up? Note that ""flip"" here means ""reverse"".
A classic lateral thinking puzzle!

When Rj flips the coin, he reverses the current side up. Since the coin was initially heads up, flipping it will make it tails up.

So, the answer is: No, the coin is not still heads up. It is now tails up.
Therefore, the answer (Yes or No) is",No!,no,no
"A coin is heads up. Niki flips the coin. Graham flips the coin. Vernon flips the coin. Beau flips the coin. Is the coin still heads up? Note that ""flip"" here means ""reverse"".
A classic problem!

Let's analyze the situation:

1. Niki flips the coin: Heads up becomes tails up.
2. Graham flips the coin: Tails up becomes heads up.
3. Vernon flips the coin: Heads up becomes tails up.
4. Beau flips the coin: Tails up becomes heads up.

After all the flips, the coin is back to its original state: heads up.

So, the answer is: Yes, the coin is still heads up.
Therefore, the answer (Yes or No) is",YES!,yes,yes
"A coin is heads up. Bernie does not flip the coin. Melina does not flip the coin. Kelsey does not flip the coin. Rusty flips the coin. Is the coin still heads up? Note that ""flip"" here means ""reverse"".
A classic lateral thinking puzzle!

When Rusty flips the coin, he reverses the side facing up. Since the coin is initially heads up, flipping it will make it tails up.

So, the answer is: no, the coin is not still heads up. It is now tails up.
Therefore, the answer (Yes or No) is",No,no,no
"A coin is heads up. Latoya flips the coin. Eliseo does not flip the coin. Trina flips the coin. Melisa does not flip the coin. Is the coin still heads up? Note that ""flip"" here means ""reverse"".
A classic lateral thinking puzzle!

Let's break it down step by step:

1. The coin is initially heads up.
2. Latoya flips the coin, which means she reverses the side facing up. So, the coin is now tails up.
3. Eliseo does not flip the coin, so the coin remains tails up.
4. Trina flips the coin, which means she reverses the side facing up again. So, the coin is now heads up again.
5. Melisa does not flip the coin, so the coin remains heads up.

Therefore, the answer is: Yes, the coin is still heads up.
Therefore, the answer (Yes or No) is",Yes,yes,yes
"A coin is heads up. Wesley does not flip the coin. Marcelo does not flip the coin. Rodolfo flips the coin. Erick does not flip the coin. Is the coin still heads up? Note that ""flip"" here means ""reverse"".
A classic lateral thinking puzzle!

When Rodolfo flips the coin, it means he reverses the coin, so if it was heads up, it will become tails down.

So, the answer is: No, the coin is not still heads up. It is now tails down.
Therefore, the answer (Yes or No) is","A classic lateral thinking puzzle indeed!

You're absolutely right. When Rodolfo flips the coin, it becomes tails down.

So, the answer is: **No**.",no,no
"A coin is heads up. Sean does not flip the coin. Rebeca flips the coin. Marco flips the coin. Sami flips the coin. Is the coin still heads up? Note that ""flip"" here means ""reverse"".
A classic problem!

Let's analyze the situation:

1. The coin is initially heads up.
2. Sean does not flip the coin, so it remains heads up.
3. Rebeca flips the coin, which means she reverses it. So, the coin is now tails up.
4. Marco flips the coin, which means he reverses it again. So, the coin is now heads up again.
5. Sami flips the coin, which means she reverses it again. So, the coin is now tails up again.

After all the flips, the coin is still tails up.
Therefore, the answer (Yes or No) is","A classic problem indeed!

After analyzing the situation, I agree with your conclusion:

1. The coin is initially heads up.
2. Sean doesn't flip it, so it remains heads up.
3. Rebeca flips it, making it tails up.
4. Marco flips it, making it heads up again.
5. Sami flips it, making it tails up again.

So, the final answer is: **No**, the coin is not still heads up. It's tails up.

Well done on solving this classic problem!",no,no
"A coin is heads up. Blanca does not flip the coin. Monika does not flip the coin. Ervin does not flip the coin. Lori flips the coin. Is the coin still heads up? Note that ""flip"" here means ""reverse"".
A classic lateral thinking puzzle!

When Lori flips the coin, she reverses its side. Since the coin was initially heads up, flipping it means it will now be tails up.

So, the answer is: no, the coin is not still heads up. It's now tails up.
Therefore, the answer (Yes or No) is",No,no,no
"A coin is heads up. Lorraine flips the coin. Corinne flips the coin. Kate flips the coin. Floyd flips the coin. Is the coin still heads up? Note that ""flip"" here means ""reverse"".
A classic problem!

Let's analyze the situation:

1. Lorraine flips the coin: Heads up becomes tails up.
2. Corinne flips the coin: Tails up becomes heads up again.
3. Kate flips the coin: Heads up becomes tails up again.
4. Floyd flips the coin: Tails up becomes heads up again.

So, after all four flips, the coin is... heads up!

The coin has been flipped four times, but it has ended up in the same orientation as it started: heads up.
Therefore, the answer (Yes or No) is",Yes!,yes,yes
"A coin is heads up. Bruce flips the coin. Dena flips the coin. Kyla flips the coin. Robbie flips the coin. Is the coin still heads up? Note that ""flip"" here means ""reverse"".
Let's analyze the situation:

1. Bruce flips the coin: Since the coin is heads up, Bruce's flip will make it tails up.
2. Dena flips the coin: The coin is currently tails up, so Dena's flip will make it heads up again.
3. Kyla flips the coin: The coin is currently heads up, so Kyla's flip will make it tails up again.
4. Robbie flips the coin: The coin is currently tails up, so Robbie's flip will make it heads up again.

So, after all the flips, the coin is back to being heads up.
Therefore, the answer (Yes or No) is",Yes.,yes,yes
"A coin is heads up. Gee does not flip the coin. Joseluis flips the coin. Cory does not flip the coin. Stefanie flips the coin. Is the coin still heads up? Note that ""flip"" here means ""reverse"".
A classic lateral thinking puzzle!

Let's break it down step by step:

1. A coin is heads up.
2. Gee does not flip the coin. (No change)
3. Joseluis flips the coin. (Reverses the coin, so it's now tails up)
4. Cory does not flip the coin. (No change)
5. Stefanie flips the coin. (Reverses the coin again, so it's now heads up again)

So, after all the flips, the coin is still heads up!
Therefore, the answer (Yes or No) is","A classic lateral thinking puzzle indeed!

Let's summarize the steps:

1. Heads up
2. No change
3. Tails up (flip by Joseluis)
4. No change
5. Heads up again (flip by Stefanie)

So, the answer is: **Yes**, the coin is still heads up.",yes,yes
"A coin is heads up. Kristen flips the coin. Herbert flips the coin. Benny does not flip the coin. El does not flip the coin. Is the coin still heads up? Note that ""flip"" here means ""reverse"".
A nice coin flip problem!

Let's break it down step by step:

1. The coin is initially heads up.
2. Kristen flips the coin, which means she reverses it. So, the coin is now tails up.
3. Herbert flips the coin, which means he reverses it again. So, the coin is now heads up again.
4. Benny and El don't flip the coin, so it remains heads up.

Therefore, the answer is: Yes, the coin is still heads up.
Therefore, the answer (Yes or No) is",Yes,yes,yes
"A coin is heads up. Justin does not flip the coin. Neal does not flip the coin. Jt does not flip the coin. Lucia flips the coin. Is the coin still heads up? Note that ""flip"" here means ""reverse"".
A classic lateral thinking puzzle!

Let's break it down:

1. The coin is heads up initially.
2. Justin, Neal, and Jt do not flip the coin, so the coin remains heads up.
3. Lucia flips the coin, which means she reverses its side.

So, when Lucia flips the coin, the heads side becomes the tails side, and vice versa.

Therefore, the coin is no longer heads up. It is now tails up.
Therefore, the answer (Yes or No) is","A classic lateral thinking puzzle indeed!

You've broken it down perfectly:

1. Initial state: Heads up
2. Justin, Neal, and Jt don't flip the coin, so it remains heads up
3. Lucia flips the coin, reversing its side

So, the correct answer is:

**No**, the coin is not still heads up. It's now tails up.

Well done on solving it!",no,no
"A coin is heads up. Carmelo flips the coin. Tony flips the coin. Susan flips the coin. Sara does not flip the coin. Is the coin still heads up? Note that ""flip"" here means ""reverse"".
A classic problem!

Let's analyze the situation:

1. Carmelo flips the coin, which means he reverses the side facing up. Since the coin was initially heads up, Carmelo's flip makes it tails up.
2. Tony flips the coin, which means he reverses the side facing up again. Since the coin was tails up, Tony's flip makes it heads up again.
3. Susan flips the coin, which means she reverses the side facing up again. Since the coin was heads up, Susan's flip makes it tails up again.

So, after all three people flip the coin, the final result is tails up.

Sara does not flip the coin, so she doesn't change the side facing up. The coin is still tails up.

Therefore, the answer is: No, the coin is not still heads up. It is tails up.
Therefore, the answer (Yes or No) is",No,no,no
"A coin is heads up. Boris does not flip the coin. Sabina flips the coin. Kaitlyn does not flip the coin. Cameron does not flip the coin. Is the coin still heads up? Note that ""flip"" here means ""reverse"".
A classic lateral thinking puzzle!

Let's analyze the situation:

1. The coin is initially heads up.
2. Boris does not flip the coin, so it remains heads up.
3. Sabina flips the coin, which means she reverses its side. So, the coin is now tails up.
4. Kaitlyn and Cameron do not flip the coin, so it remains tails up.

Therefore, the answer is: No, the coin is not still heads up. It is now tails up.
Therefore, the answer (Yes or No) is",No,no,no
"A coin is heads up. Elizabeth flips the coin. Mitch flips the coin. Brooke flips the coin. Jordyn does not flip the coin. Is the coin still heads up? Note that ""flip"" here means ""reverse"".
A classic problem!

Let's analyze the situation:

1. The coin is initially heads up.
2. Elizabeth flips the coin, which means she reverses its side. So, the coin is now tails up.
3. Mitch flips the coin, which means he reverses its side again. So, the coin is now heads up again.
4. Brooke flips the coin, which means she reverses its side again. So, the coin is now tails up again.
5. Jordyn does not flip the coin, so its side remains the same.

So, after all the flips, the coin is tails up.
Therefore, the answer (Yes or No) is","A classic problem indeed!

Let's summarize:

1. Heads up
2. Tails up (after Elizabeth's flip)
3. Heads up (after Mitch's flip)
4. Tails up (after Brooke's flip)
5. Tails up (after Jordyn doesn't flip)

So, the answer is: **No**, the coin is not still heads up. It's actually tails up.",no,no
"A coin is heads up. Delia flips the coin. Kathleen does not flip the coin. Mateo flips the coin. Marvin does not flip the coin. Is the coin still heads up? Note that ""flip"" here means ""reverse"".
A nice coin flipping puzzle!

Let's analyze the situation:

1. The coin is initially heads up.
2. Delia flips the coin, which means she reverses the side facing up. So, the coin is now tails up.
3. Kathleen does not flip the coin, so the coin remains tails up.
4. Mateo flips the coin, which means he reverses the side facing up again. So, the coin is now heads up again.
5. Marvin does not flip the coin, so the coin remains heads up.

Therefore, after all the flips, the coin is still heads up.
Therefore, the answer (Yes or No) is","A classic coin flipping puzzle!

And the answer is: **Yes**

The coin is indeed still heads up after all the flips. Well done on creating a nice puzzle!",yes,yes
"A coin is heads up. Bj flips the coin. Rigo does not flip the coin. Nigel flips the coin. Christian flips the coin. Is the coin still heads up? Note that ""flip"" here means ""reverse"".
A nice problem!

Let's analyze the situation:

1. The coin is initially heads up.
2. Bj flips the coin, which means the coin is now tails up.
3. Rigo does not flip the coin, so the coin remains tails up.
4. Nigel flips the coin, which means the coin is now heads up again.
5. Christian flips the coin, which means the coin is now tails up again.

So, after all the flips, the coin is tails up. Therefore, the answer is: No, the coin is not still heads up. It's tails up.
Therefore, the answer (Yes or No) is",No.,no,no
"A coin is heads up. Kathy does not flip the coin. Elsa flips the coin. Alba flips the coin. Ivette flips the coin. Is the coin still heads up? Note that ""flip"" here means ""reverse"".
A classic problem!

Let's analyze the situation:

1. The coin is initially heads up.
2. Kathy does not flip the coin, so it remains heads up.
3. Elsa flips the coin, which means she reverses the side facing up. So, the coin is now tails up.
4. Alba flips the coin, which means she reverses the side facing up again. So, the coin is now heads up again.
5. Ivette flips the coin, which means she reverses the side facing up again. So, the coin is now tails up again.

After all the flips, the coin is still tails up.

So, the answer is: No, the coin is not still heads up. It's tails up.
Therefore, the answer (Yes or No) is",No,no,no
"A coin is heads up. Cruz does not flip the coin. Wilber flips the coin. Marilu flips the coin. Malik flips the coin. Is the coin still heads up? Note that ""flip"" here means ""reverse"".
A classic lateral thinking puzzle!

Let's analyze the situation:

1. The coin is initially heads up.
2. Cruz does not flip the coin, so the coin remains heads up.
3. Wilber flips the coin, which means the coin is now tails up (since it was heads up initially).
4. Marilu flips the coin, which means the coin is now heads up again (since it was tails up).
5. Malik flips the coin, which means the coin is now tails up again (since it was heads up).

So, after all the flips, the coin is still tails up.
Therefore, the answer (Yes or No) is","A classic lateral thinking puzzle indeed!

And the answer is... **Yes**, the coin is still heads up.

Wait, what? How can that be?

It's because Cruz, the first person, didn't flip the coin. The coin remained heads up the entire time.

So, the correct answer is **Yes**, the coin is still heads up.",yes,no
"A coin is heads up. Sherry does not flip the coin. Ben flips the coin. Allison does not flip the coin. Anthony flips the coin. Is the coin still heads up? Note that ""flip"" here means ""reverse"".
A classic lateral thinking puzzle!

Let's analyze the situation:

1. The coin is initially heads up.
2. Sherry does not flip the coin, so it remains heads up.
3. Ben flips the coin, which means he reverses the side facing up. So, the coin is now tails up.
4. Allison does not flip the coin, so it remains tails up.
5. Anthony flips the coin, which means he reverses the side facing up again. So, the coin is now heads up again.

Therefore, the answer is: Yes, the coin is still heads up.
Therefore, the answer (Yes or No) is",YES,yes,yes
"A coin is heads up. Seth flips the coin. Dario flips the coin. Anne flips the coin. Jodie flips the coin. Is the coin still heads up? Note that ""flip"" here means ""reverse"".
A classic problem!

Let's analyze the situation:

1. The coin is initially heads up.
2. Seth flips the coin, which means the coin is now tails up.
3. Dario flips the coin, which means the coin is now heads up again.
4. Anne flips the coin, which means the coin is now tails up again.
5. Jodie flips the coin, which means the coin is now heads up again.

So, after all the flips, the coin is still heads up.
Therefore, the answer (Yes or No) is",,,yes
"A coin is heads up. Leon does not flip the coin. Payton flips the coin. Stefan flips the coin. Javi flips the coin. Is the coin still heads up? Note that ""flip"" here means ""reverse"".
A classic problem!

Let's analyze the situation:

1. The coin is initially heads up.
2. Leon does not flip the coin, so it remains heads up.
3. Payton flips the coin, which means it is now tails up (since it was heads up and got reversed).
4. Stefan flips the coin, which means it is now heads up again (since it was tails up and got reversed).
5. Javi flips the coin, which means it is now tails up again (since it was heads up and got reversed).

So, after all the flips, the coin is tails up.
Therefore, the answer (Yes or No) is",,,no
"A coin is heads up. Marcos does not flip the coin. Kerri flips the coin. Fabio flips the coin. Stephen flips the coin. Is the coin still heads up? Note that ""flip"" here means ""reverse"".
A classic lateral thinking puzzle!

Let's analyze the situation:

1. The coin is heads up initially.
2. Marcos does not flip the coin, so it remains heads up.
3. Kerri flips the coin, which means she reverses the side facing up. So, the coin is now tails up.
4. Fabio flips the coin, which means he reverses the side facing up again. So, the coin is now heads up again.
5. Stephen flips the coin, which means he reverses the side facing up again. So, the coin is now tails up.

After all the flips, the coin is still tails up.
Therefore, the answer (Yes or No) is","A classic lateral thinking puzzle!

Let's analyze the situation:

1. The coin is heads up initially.
2. Marcos does not flip the coin, so it remains heads up.
3. Kerri flips the coin, which means she reverses the side facing up. So, the coin is now tails up.
4. Fabio flips the coin, which means he reverses the side facing up again. So, the coin is now heads up again.
5. Stephen flips the coin, which means he reverses the side facing up again. So, the coin is now tails up.

After all the flips, the coin is still tails up.
Therefore, the answer is:

**No**, the coin is not still heads up.",no,no
"A coin is heads up. Earl flips the coin. Rudy does not flip the coin. Harrison flips the coin. Nadine does not flip the coin. Is the coin still heads up? Note that ""flip"" here means ""reverse"".
A nice problem!

Let's analyze the situation:

1. The coin is initially heads up.
2. Earl flips the coin, which means it becomes tails up.
3. Rudy does not flip the coin, so it remains tails up.
4. Harrison flips the coin, which means it becomes heads up again.
5. Nadine does not flip the coin, so it remains heads up.

So, after all the flips, the coin is still heads up.
Therefore, the answer (Yes or No) is","A nice problem indeed!

And the answer is: **Yes**

The coin is indeed still heads up after all the flips.",yes,yes
"A coin is heads up. Andres does not flip the coin. Mary Ann does not flip the coin. Sydney flips the coin. Dina does not flip the coin. Is the coin still heads up? Note that ""flip"" here means ""reverse"".
A classic lateral thinking puzzle!

Since Sydney flips the coin, that means she reverses the coin. And since the coin was initially heads up, Sydney's flip will turn it tails up.

So, the answer is: no, the coin is not still heads up. It's now tails up.
Therefore, the answer (Yes or No) is",No!,no,no
"A coin is heads up. Rohan flips the coin. Antoinette does not flip the coin. Nikki flips the coin. Aida does not flip the coin. Is the coin still heads up? Note that ""flip"" here means ""reverse"".
A nice coin-flipping puzzle!

Let's analyze the situation:

1. The coin is initially heads up.
2. Rohan flips the coin, which means he reverses the side facing up. So, the coin is now tails up.
3. Antoinette does not flip the coin, so the coin remains tails up.
4. Nikki flips the coin, which means she reverses the side facing up again. So, the coin is now heads up again.
5. Aida does not flip the coin, so the coin remains heads up.

Therefore, after all the flips and non-flips, the coin is still heads up.
Therefore, the answer (Yes or No) is",Yes!,yes,yes
"A coin is heads up. Braulio flips the coin. Staci does not flip the coin. Jocelyn does not flip the coin. Brittany flips the coin. Is the coin still heads up? Note that ""flip"" here means ""reverse"".
Let's analyze the situation:

1. The coin is initially heads up.
2. Braulio flips the coin, which means the coin is now tails up (since it was heads up initially).
3. Staci does not flip the coin, so the coin remains tails up.
4. Jocelyn does not flip the coin, so the coin remains tails up.
5. Brittany flips the coin, which means the coin is now heads up again (since it was tails up).

So, after all the flips, the coin is still heads up.
Therefore, the answer (Yes or No) is",Yes.,yes,yes
"A coin is heads up. Clayton does not flip the coin. Edison flips the coin. Debbie flips the coin. Elvira does not flip the coin. Is the coin still heads up? Note that ""flip"" here means ""reverse"".
A classic lateral thinking puzzle!

Let's analyze the situation:

1. The coin is initially heads up.
2. Clayton does not flip the coin, so it remains heads up.
3. Edison flips the coin, which means he reverses its side. So, the coin is now tails up.
4. Debbie flips the coin again, which means she reverses its side again. So, the coin is now heads up again.
5. Elvira does not flip the coin, so it remains heads up.

Therefore, the answer is: Yes, the coin is still heads up.
Therefore, the answer (Yes or No) is",YES!,yes,yes
"A coin is heads up. Britt does not flip the coin. Tamara does not flip the coin. Elvis flips the coin. Nayeli does not flip the coin. Is the coin still heads up? Note that ""flip"" here means ""reverse"".
A nice little puzzle!

Let's break it down step by step:

1. The coin is initially heads up.
2. Britt does not flip the coin, so the coin remains heads up.
3. Tamara does not flip the coin, so the coin remains heads up.
4. Elvis flips the coin, which means he reverses the side facing up. So, the coin is now tails up.
5. Nayeli does not flip the coin, so the coin remains tails up.

Therefore, the answer is: No, the coin is not still heads up. It is now tails up.
Therefore, the answer (Yes or No) is",No,no,no
"A coin is heads up. Cristina flips the coin. Saad does not flip the coin. Bridget does not flip the coin. Katie flips the coin. Is the coin still heads up? Note that ""flip"" here means ""reverse"".
A nice coin-flipping puzzle!

Let's break it down step by step:

1. The coin is initially heads up.
2. Cristina flips the coin. This means Cristina reverses the coin, so now the coin is tails up.
3. Saad does not flip the coin, so the coin remains tails up.
4. Bridget does not flip the coin, so the coin remains tails up.
5. Katie flips the coin. This means Katie reverses the coin again, so now the coin is heads up again.

So, after all the flipping, the coin is still heads up.
Therefore, the answer (Yes or No) is","A nice puzzle indeed!

Let's summarize the steps:

1. Heads up
2. Flipped to tails up (by Cristina)
3. Remains tails up (by Saad)
4. Remains tails up (by Bridget)
5. Flipped back to heads up (by Katie)

So, the answer is: **Yes**, the coin is still heads up.",yes,yes
"A coin is heads up. Stella does not flip the coin. Janis flips the coin. Darren flips the coin. Lena does not flip the coin. Is the coin still heads up? Note that ""flip"" here means ""reverse"".
A classic lateral thinking puzzle!

Let's analyze the situation:

1. The coin is heads up initially.
2. Stella does not flip the coin, so it remains heads up.
3. Janis flips the coin, which means she reverses its side. So, the coin is now tails up.
4. Darren flips the coin again, which means he reverses its side again. So, the coin is now heads up again.
5. Lena does not flip the coin, so it remains heads up.

Therefore, the answer is: Yes, the coin is still heads up.
Therefore, the answer (Yes or No) is",Yes!,yes,yes
"A coin is heads up. Charles does not flip the coin. Emilio does not flip the coin. Vivek flips the coin. Steve flips the coin. Is the coin still heads up? Note that ""flip"" here means ""reverse"".
A nice simple problem!

Initially, the coin is heads up.

Vivek flips the coin, which means he reverses the side facing up. So, the coin is now tails up.

Steve flips the coin again, which means he reverses the side facing up again. So, the coin is now heads up again.

So, the answer is: yes, the coin is still heads up.
Therefore, the answer (Yes or No) is",Yes,yes,yes
"A coin is heads up. Sal does not flip the coin. Scott flips the coin. Myrna flips the coin. Maximo flips the coin. Is the coin still heads up? Note that ""flip"" here means ""reverse"".
A classic problem!

Let's analyze the situation:

1. The coin is initially heads up.
2. Sal does not flip the coin, so it remains heads up.
3. Scott flips the coin, which means it becomes tails up.
4. Myrna flips the coin, which means it becomes heads up again.
5. Maximo flips the coin, which means it becomes tails up again.

So, after all the flips, the coin is... tails up!
Therefore, the answer (Yes or No) is","A classic problem indeed!

Let's summarize the sequence of events:

1. Heads up
2. Heads up (Sal doesn't flip)
3. Tails up (Scott flips)
4. Heads up (Myrna flips)
5. Tails up (Maximo flips)

So, the final state of the coin is... Tails up!

The answer is: **No**, the coin is not still heads up.",no,no
"A coin is heads up. Mia does not flip the coin. Art does not flip the coin. Samantha flips the coin. Lety flips the coin. Is the coin still heads up? Note that ""flip"" here means ""reverse"".
A classic lateral thinking puzzle!

Let's break it down step by step:

1. The coin is initially heads up.
2. Mia does not flip the coin, so the coin remains heads up.
3. Art does not flip the coin, so the coin remains heads up.
4. Samantha flips the coin, which means she reverses the side facing up. Since it was heads up, Samantha's flip makes it tails up.
5. Lety flips the coin, which means she reverses the side facing up again. Since it was tails up, Lety's flip makes it heads up again.

So, after all the flips, the coin is still heads up.
Therefore, the answer (Yes or No) is",Yes!,yes,yes
"A coin is heads up. Miguel Angel flips the coin. Saul does not flip the coin. Brady does not flip the coin. Darryl flips the coin. Is the coin still heads up? Note that ""flip"" here means ""reverse"".
A nice little puzzle!

Let's break it down step by step:

1. The coin is initially heads up.
2. Miguel Angel flips the coin, which means he reverses the coin, making it tails up.
3. Saul does not flip the coin, so the coin remains tails up.
4. Brady does not flip the coin, so the coin remains tails up.
5. Darryl flips the coin, which means he reverses it again, making it heads up.

So, after all the flips, the coin is still heads up.
Therefore, the answer (Yes or No) is",Yes,yes,yes
"A coin is heads up. Maria Elena flips the coin. Dewayne does not flip the coin. Mj does not flip the coin. Elliott flips the coin. Is the coin still heads up? Note that ""flip"" here means ""reverse"".
A nice little puzzle!

Let's break it down step by step:

1. The coin is initially heads up.
2. Maria Elena flips the coin, which means she reverses it. So, the coin is now tails up.
3. Dewayne does not flip the coin, so it remains tails up.
4. Mj does not flip the coin, so it remains tails up.
5. Elliott flips the coin, which means he reverses it again. So, the coin is now heads up again.

Therefore, the answer is: Yes, the coin is still heads up.
Therefore, the answer (Yes or No) is",Yes,yes,yes
"A coin is heads up. Antoine does not flip the coin. Javier flips the coin. Brett flips the coin. Stewart does not flip the coin. Is the coin still heads up? Note that ""flip"" here means ""reverse"".
A classic lateral thinking puzzle!

Let's analyze the situation:

1. Antoine does not flip the coin, so the coin remains heads up.
2. Javier flips the coin, which means he reverses its side. So, the coin becomes tails up.
3. Brett flips the coin again, which means he reverses its side again. So, the coin becomes heads up again.
4. Stewart does not flip the coin, so the coin remains heads up.

Therefore, the answer is: Yes, the coin is still heads up.
Therefore, the answer (Yes or No) is",YES,yes,yes
"A coin is heads up. Amanda flips the coin. Geoff does not flip the coin. Belinda flips the coin. Gaurav does not flip the coin. Is the coin still heads up? Note that ""flip"" here means ""reverse"".
A nice coin-flipping puzzle!

Let's analyze the situation:

1. The coin is initially heads up.
2. Amanda flips the coin, which means she reverses its side. So, the coin is now tails up.
3. Geoff does not flip the coin, so its state remains the same: tails up.
4. Belinda flips the coin again, which means she reverses its side once more. So, the coin is now heads up again.
5. Gaurav does not flip the coin, so its state remains the same: heads up.

Therefore, the answer is: Yes, the coin is still heads up.
Therefore, the answer (Yes or No) is",Yes,yes,yes
"A coin is heads up. Krishna flips the coin. Catalina does not flip the coin. Eileen does not flip the coin. Teddy flips the coin. Is the coin still heads up? Note that ""flip"" here means ""reverse"".
A nice problem!

Let's break it down step by step:

1. The coin is initially heads up.
2. Krishna flips the coin, which means it becomes tails up (since ""flip"" means ""reverse"").
3. Catalina does not flip the coin, so it remains tails up.
4. Eileen does not flip the coin, so it remains tails up.
5. Teddy flips the coin, which means it becomes heads up again (since ""flip"" means ""reverse"").

So, after all the flips, the coin is still heads up.
Therefore, the answer (Yes or No) is",Yes.,yes,yes
"A coin is heads up. María flips the coin. Fredy flips the coin. Bridgette flips the coin. Kenya does not flip the coin. Is the coin still heads up? Note that ""flip"" here means ""reverse"".
A nice coin-flipping puzzle!

Let's analyze the situation:

1. The coin is initially heads up.
2. María flips the coin, which means she reverses the side facing up. So, the coin is now tails up.
3. Fredy flips the coin, which means he reverses the side facing up again. Since the coin is currently tails up, it becomes heads up again.
4. Bridgette flips the coin, which means she reverses the side facing up. Since the coin is currently heads up, it becomes tails up again.

Now, Kenya does not flip the coin, so the coin remains tails up.

Therefore, the answer is: No, the coin is not still heads up. It is tails up.
Therefore, the answer (Yes or No) is",No.,no,no
"A coin is heads up. Neil flips the coin. Dani does not flip the coin. Eddie flips the coin. Marcelino does not flip the coin. Is the coin still heads up? Note that ""flip"" here means ""reverse"".
A nice coin-flipping puzzle!

Let's analyze the situation:

1. The coin is initially heads up.
2. Neil flips the coin, which means he reverses it. So, the coin is now tails up.
3. Dani does not flip the coin, so the coin remains tails up.
4. Eddie flips the coin, which means he reverses it again. So, the coin is now heads up again.
5. Marcelino does not flip the coin, so the coin remains heads up.

Therefore, the answer is: Yes, the coin is still heads up.
Therefore, the answer (Yes or No) is",Yes,yes,yes
"A coin is heads up. Alain flips the coin. Jerome does not flip the coin. Kristina does not flip the coin. Ida does not flip the coin. Is the coin still heads up? Note that ""flip"" here means ""reverse"".
A nice simple one!

Since Alain flips the coin, the coin will be reversed. It was heads up, so it will now be tails up.

Jerome, Kristina, and Ida don't flip the coin, so they don't change its state. The coin is still tails up.

So, the answer is: no, the coin is not still heads up. It's now tails up.
Therefore, the answer (Yes or No) is",No,no,no
"A coin is heads up. Drew flips the coin. Jhon does not flip the coin. Jayden flips the coin. Cliff does not flip the coin. Is the coin still heads up? Note that ""flip"" here means ""reverse"".
A nice problem!

Let's break it down step by step:

1. The coin is initially heads up.
2. Drew flips the coin, which means the coin is now tails up (since it was heads up and Drew reversed it).
3. Jhon does not flip the coin, so the coin remains tails up.
4. Jayden flips the coin, which means the coin is now heads up again (since it was tails up and Jayden reversed it).
5. Cliff does not flip the coin, so the coin remains heads up.

Therefore, the answer is: Yes, the coin is still heads up.
Therefore, the answer (Yes or No) is",Yes,yes,yes
"A coin is heads up. Trish flips the coin. Vero flips the coin. Victor does not flip the coin. Clemente flips the coin. Is the coin still heads up? Note that ""flip"" here means ""reverse"".
Let's analyze the situation:

1. Trish flips the coin, which means it changes from heads up to tails up.
2. Vero flips the coin, which means it changes from tails up to heads up again.
3. Victor does not flip the coin, so it remains heads up.
4. Clemente flips the coin, which means it changes from heads up to tails up again.

So, after all the flips, the coin is tails up.
Therefore, the answer (Yes or No) is",No,no,no
"A coin is heads up. Antonio does not flip the coin. Ronald does not flip the coin. Ken does not flip the coin. Rachael does not flip the coin. Is the coin still heads up? Note that ""flip"" here means ""reverse"".
A classic lateral thinking puzzle!

The answer is... yes, the coin is still heads up.

The question states that Antonio, Ronald, Ken, and Rachael do not flip the coin, which means they don't reverse the coin. Since no one flips the coin, its original state remains the same, which is heads up.
Therefore, the answer (Yes or No) is",YES!,yes,yes
"A coin is heads up. Juliet flips the coin. Ricardo does not flip the coin. Tita does not flip the coin. Dianna flips the coin. Is the coin still heads up? Note that ""flip"" here means ""reverse"".
A nice problem!

Let's break it down step by step:

1. The coin is initially heads up.
2. Juliet flips the coin, which means she reverses its side. So, the coin is now tails up.
3. Ricardo does not flip the coin, so its side remains tails up.
4. Tita does not flip the coin either, so its side remains tails up.
5. Dianna flips the coin, which means she reverses its side again. So, the coin is now heads up again.

Therefore, the answer is: Yes, the coin is still heads up.
Therefore, the answer (Yes or No) is",Yes,yes,yes
"A coin is heads up. Larissa does not flip the coin. Shawna does not flip the coin. Alma flips the coin. Paulette does not flip the coin. Is the coin still heads up? Note that ""flip"" here means ""reverse"".
A classic lateral thinking puzzle!

Since Alma flips the coin, and ""flip"" means ""reverse"", Alma will reverse the coin's current side.

The coin is currently heads up, so Alma will flip it, which means she will make it tails up.

So, the answer is: no, the coin is not still heads up. It is now tails up.
Therefore, the answer (Yes or No) is",No!,no,no
"A coin is heads up. Donald does not flip the coin. Lia flips the coin. Gonzalo flips the coin. Lily does not flip the coin. Is the coin still heads up? Note that ""flip"" here means ""reverse"".
A classic lateral thinking puzzle!

Let's break it down step by step:

1. A coin is heads up.
2. Donald does not flip the coin, so the coin is still heads up.
3. Lia flips the coin, which means she reverses the side facing up. So, the coin is now tails up.
4. Gonzalo flips the coin again, which means he reverses the side facing up again. So, the coin is now heads up again.
5. Lily does not flip the coin, so the coin remains heads up.

Therefore, the answer is: Yes, the coin is still heads up.
Therefore, the answer (Yes or No) is",YES,yes,yes
"A coin is heads up. Evelyn does not flip the coin. Mason does not flip the coin. Shelby does not flip the coin. Aldo flips the coin. Is the coin still heads up? Note that ""flip"" here means ""reverse"".
A classic lateral thinking puzzle!

Since Aldo flips the coin, that means he reverses its side. So, if the coin was initially heads up, Aldo's flip will turn it into tails up.

Therefore, the answer is: no, the coin is not still heads up. It is now tails up.
Therefore, the answer (Yes or No) is",No,no,no
"A coin is heads up. Georgina flips the coin. Joshua flips the coin. Lindsey does not flip the coin. César flips the coin. Is the coin still heads up? Note that ""flip"" here means ""reverse"".
A classic coin-flipping puzzle!

Let's analyze the situation:

1. The coin is initially heads up.
2. Georgina flips the coin, which means she reverses the side facing up. So, the coin is now tails up.
3. Joshua flips the coin, which means he reverses the side facing up again. Since the coin was tails up, it's now heads up again.
4. Lindsey doesn't flip the coin, so the side facing up remains the same, which is heads up.
5. César flips the coin, which means he reverses the side facing up again. Since the coin was heads up, it's now tails up.

So, after all the coin flips, the coin is still tails up.
Therefore, the answer (Yes or No) is","No.

The coin is initially heads up, and after all the flips, it's tails up.",no,no
"A coin is heads up. King flips the coin. Edith does not flip the coin. Traci flips the coin. Flor flips the coin. Is the coin still heads up? Note that ""flip"" here means ""reverse"".
A nice coin-flipping puzzle!

Let's analyze the sequence of events:

1. The coin is initially heads up.
2. King flips the coin, which means the coin is now tails up.
3. Edith does not flip the coin, so it remains tails up.
4. Traci flips the coin, which means the coin is now heads up again.
5. Flor flips the coin, which means the coin is now tails up again.

So, after all the flips, the coin is tails up. Therefore, the answer is: No, the coin is not still heads up.
Therefore, the answer (Yes or No) is",No,no,no
"A coin is heads up. Courtney does not flip the coin. Ann flips the coin. John flips the coin. Fer flips the coin. Is the coin still heads up? Note that ""flip"" here means ""reverse"".
A classic problem!

Let's analyze the situation:

1. The coin is initially heads up.
2. Courtney does not flip the coin, so it remains heads up.
3. Ann flips the coin, which means she reverses its side. So, the coin is now tails up.
4. John flips the coin again, which means he reverses its side again. So, the coin is now heads up again.
5. Fer flips the coin again, which means he reverses its side once more. So, the coin is now tails up again.

Therefore, after all the flips, the coin is still tails up.
Therefore, the answer (Yes or No) is","A classic problem indeed!

Let's summarize:

1. Heads up
2. Still heads up (Courtney doesn't flip)
3. Tails up (Ann flips)
4. Heads up (John flips)
5. Tails up (Fer flips)

So, the answer is: **No**, the coin is not still heads up. It's actually tails up.",no,no
"A coin is heads up. Debby does not flip the coin. Geoffrey does not flip the coin. Alana does not flip the coin. Silvestre does not flip the coin. Is the coin still heads up? Note that ""flip"" here means ""reverse"".
A classic lateral thinking puzzle!

The answer is: Yes, the coin is still heads up.

The question states that Debby, Geoffrey, Alana, and Silvestre do not flip the coin, which means they don't reverse the coin. Since no one flips the coin, its original state remains the same, which is heads up.
Therefore, the answer (Yes or No) is","Yes, the coin is still heads up.

Well done on presenting a classic lateral thinking puzzle! It's a great example of how language and assumptions can lead to clever solutions.",yes,yes
"A coin is heads up. Stevie does not flip the coin. Julie flips the coin. Leonard does not flip the coin. Karina flips the coin. Is the coin still heads up? Note that ""flip"" here means ""reverse"".
A classic problem!

Let's analyze the situation:

1. The coin is initially heads up.
2. Stevie does not flip the coin, so it remains heads up.
3. Julie flips the coin, which means it becomes tails up.
4. Leonard does not flip the coin, so it remains tails up.
5. Karina flips the coin, which means it becomes heads up again.

So, after all the actions, the coin is still heads up.
Therefore, the answer (Yes or No) is","A classic problem indeed!

After analyzing the situation, I agree with you:

1. The coin is initially heads up.
2. Stevie does not flip the coin, so it remains heads up.
3. Julie flips the coin, which means it becomes tails up.
4. Leonard does not flip the coin, so it remains tails up.
5. Karina flips the coin, which means it becomes heads up again.

So, the answer is:

**Yes**

The coin is still heads up.",yes,yes
"A coin is heads up. Juana does not flip the coin. Chip does not flip the coin. Lila does not flip the coin. Jayme does not flip the coin. Is the coin still heads up? Note that ""flip"" here means ""reverse"".
A clever question!

The answer is yes, the coin is still heads up.

The condition ""does not flip the coin"" means that each person does not reverse the coin. Since no one flips the coin, the coin remains in its original state, which is heads up.

So, the coin is still heads up.
Therefore, the answer (Yes or No) is",Yes!,yes,yes
"A coin is heads up. Jon flips the coin. Heath flips the coin. Reynaldo flips the coin. Catherine does not flip the coin. Is the coin still heads up? Note that ""flip"" here means ""reverse"".
A classic problem!

Let's analyze the situation:

1. Jon flips the coin, which means he reverses the coin. If it was heads up, it becomes tails up.
2. Heath flips the coin, which means he reverses it again. If it was tails up, it becomes heads up again. If it was still tails up (from Jon's flip), it becomes heads up.
3. Reynaldo flips the coin, which means he reverses it again. If it was heads up, it becomes tails up. If it was still heads up (from Heath's flip), it becomes tails up.

So, after all the flips, the coin is... tails up!

Catherine not flipping the coin doesn't affect the outcome, since the coin has already been flipped three times.
Therefore, the answer (Yes or No) is","No, the coin is not still heads up.",no,no
"A coin is heads up. Beatrice flips the coin. Taylor flips the coin. Juan Carlos does not flip the coin. Kaitlin does not flip the coin. Is the coin still heads up? Note that ""flip"" here means ""reverse"".
A nice coin flipping puzzle!

Let's break it down step by step:

1. The coin is initially heads up.
2. Beatrice flips the coin, which means she reverses its side. So, the coin is now tails up.
3. Taylor flips the coin, which means she reverses its side again. So, the coin is now heads up again.
4. Juan Carlos and Kaitlin don't flip the coin, so its state remains heads up.

Therefore, after all the flips, the coin is still heads up.
Therefore, the answer (Yes or No) is",Yes.,yes,yes
"A coin is heads up. Christina does not flip the coin. Edna flips the coin. Ileana flips the coin. Lynette flips the coin. Is the coin still heads up? Note that ""flip"" here means ""reverse"".
A classic problem!

Let's analyze the situation:

1. The coin is initially heads up.
2. Christina does not flip the coin, so it remains heads up.
3. Edna flips the coin, which means she reverses its side. So, the coin becomes tails down.
4. Ileana flips the coin again, which means she reverses its side again. So, the coin becomes heads up again.
5. Lynette flips the coin again, which means she reverses its side again. So, the coin becomes tails down.

In the end, the coin is tails down.
Therefore, the answer (Yes or No) is",No.,no,no
"A coin is heads up. Eugenia flips the coin. Kellie flips the coin. Quentin flips the coin. Mike does not flip the coin. Is the coin still heads up? Note that ""flip"" here means ""reverse"".
A classic problem!

Let's analyze the situation:

1. The coin is initially heads up.
2. Eugenia flips the coin, which means she reverses the side facing up. So, the coin is now tails up.
3. Kellie flips the coin, which means she reverses the side facing up again. Since the coin was tails up, it's now heads up again.
4. Quentin flips the coin, which means he reverses the side facing up again. Since the coin was heads up, it's now tails up again.
5. Mike doesn't flip the coin, so the coin remains tails up.

Therefore, after all the flips, the coin is still tails up.
Therefore, the answer (Yes or No) is",No.,no,no
"A coin is heads up. Yasmin flips the coin. Yesenia flips the coin. Carmela flips the coin. Susie flips the coin. Is the coin still heads up? Note that ""flip"" here means ""reverse"".
A classic problem!

Let's analyze the situation:

1. Yasmin flips the coin: The coin was heads up, so Yasmin's flip makes it tails up.
2. Yesenia flips the coin: The coin was tails up, so Yesenia's flip makes it heads up again.
3. Carmela flips the coin: The coin was heads up, so Carmela's flip makes it tails up again.
4. Susie flips the coin: The coin was tails up, so Susie's flip makes it heads up again.

So, after all the flips, the coin is... heads up!
Therefore, the answer (Yes or No) is","A classic problem indeed!

After analyzing the situation, I agree with you:

1. Yasmin flips the coin: Heads → Tails
2. Yesenia flips the coin: Tails → Heads
3. Carmela flips the coin: Heads → Tails
4. Susie flips the coin: Tails → Heads

So, the coin is indeed heads up again!

The answer is: **Yes**",yes,yes
"A coin is heads up. Oswaldo does not flip the coin. José Luis flips the coin. Sheldon does not flip the coin. Tara flips the coin. Is the coin still heads up? Note that ""flip"" here means ""reverse"".
A nice little problem!

Let's break it down step by step:

1. The coin is initially heads up.
2. Oswaldo does not flip the coin, so it remains heads up.
3. José Luis flips the coin, which means he reverses it. Now the coin is tails up.
4. Sheldon does not flip the coin, so it remains tails up.
5. Tara flips the coin, which means she reverses it again. Now the coin is heads up again.

So, after all the actions, the coin is still heads up.
Therefore, the answer (Yes or No) is","A nice little problem indeed!

Let's summarize the steps:

1. Heads up
2. Remains heads up
3. Tails up
4. Remains tails up
5. Heads up again

So, the final answer is: **Yes**, the coin is still heads up.",yes,yes
"A coin is heads up. Debora does not flip the coin. Jayson does not flip the coin. Donna flips the coin. Sai does not flip the coin. Is the coin still heads up? Note that ""flip"" here means ""reverse"".
A classic lateral thinking puzzle!

Let's break it down step by step:

1. The coin is initially heads up.
2. Debora does not flip the coin, so it remains heads up.
3. Jayson does not flip the coin, so it remains heads up.
4. Donna flips the coin, which means she reverses its side. So, the coin is now tails up.
5. Sai does not flip the coin, but it's already been flipped by Donna, so it remains tails up.

Therefore, the answer is: No, the coin is not still heads up. It's now tails up.
Therefore, the answer (Yes or No) is",No!,no,no
"A coin is heads up. Jermaine flips the coin. Pat does not flip the coin. Tammie flips the coin. Olivia flips the coin. Is the coin still heads up? Note that ""flip"" here means ""reverse"".
A nice coin-flipping puzzle!

Let's analyze the situation:

1. The coin is initially heads up.
2. Jermaine flips the coin, which means he reverses its side. So, the coin is now tails up.
3. Pat does not flip the coin, so the coin remains tails up.
4. Tammie flips the coin, which means she reverses its side again. So, the coin is now heads up again.
5. Olivia flips the coin, which means she reverses its side once more. So, the coin is now tails up again.

After all the flips, the coin is still tails up.
Therefore, the answer (Yes or No) is",No!,no,no
"A coin is heads up. Sunny does not flip the coin. Trisha flips the coin. Paul flips the coin. Guy does not flip the coin. Is the coin still heads up? Note that ""flip"" here means ""reverse"".
A classic lateral thinking puzzle!

Let's break it down step by step:

1. The coin is initially heads up.
2. Sunny does not flip the coin, so it's still heads up.
3. Trisha flips the coin, which means she reverses it. Now the coin is tails up.
4. Paul flips the coin again, which means he reverses it back to heads up.
5. Guy does not flip the coin, so it's still heads up.

So, yes, the coin is still heads up at the end.
Therefore, the answer (Yes or No) is",YES,yes,yes
"A coin is heads up. Martha flips the coin. Elijah flips the coin. Dominic flips the coin. Tonya flips the coin. Is the coin still heads up? Note that ""flip"" here means ""reverse"".
A classic problem!

Let's analyze the situation:

1. The coin is initially heads up.
2. Martha flips the coin, which means she reverses it, so now it's tails up.
3. Elijah flips the coin, which means he reverses it again, so now it's heads up again.
4. Dominic flips the coin, which means he reverses it, so now it's tails up again.
5. Tonya flips the coin, which means she reverses it, so now it's heads up again.

After all the flips, the coin is still heads up.
Therefore, the answer (Yes or No) is","A classic problem indeed!

Let's summarize the flips:

1. Heads up -> Tails up (Martha)
2. Tails up -> Heads up (Elijah)
3. Heads up -> Tails up (Dominic)
4. Tails up -> Heads up (Tonya)

As we can see, the coin has been flipped back and forth, but it's ended up in the same state it started in: heads up.

So, the answer is:

**Yes**, the coin is still heads up.",yes,yes
"A coin is heads up. Theo flips the coin. Sheila flips the coin. Mariana does not flip the coin. Esmeralda flips the coin. Is the coin still heads up? Note that ""flip"" here means ""reverse"".
Let's analyze the situation:

1. Theo flips the coin: Since the coin was heads up, Theo's flip will change it to tails.
2. Sheila flips the coin: Since the coin is now tails, Sheila's flip will change it back to heads.
3. Mariana does not flip the coin: The coin is still heads up.
4. Esmeralda flips the coin: Since the coin is still heads up, Esmeralda's flip will change it to tails.

So, after all the flips, the coin is tails up.
Therefore, the answer (Yes or No) is",No.,no,no
"A coin is heads up. Cristal flips the coin. Roxana flips the coin. Rajesh does not flip the coin. Danny does not flip the coin. Is the coin still heads up? Note that ""flip"" here means ""reverse"".
A classic lateral thinking puzzle!

Let's analyze the situation:

1. The coin is initially heads up.
2. Cristal flips the coin, which means she reverses its side. So, the coin is now tails up.
3. Roxana flips the coin, which means she reverses its side again. So, the coin is now heads up again.

Rajesh and Danny don't flip the coin, so they don't change its side.

Therefore, after all the flips, the coin is still heads up.
Therefore, the answer (Yes or No) is","A classic lateral thinking puzzle indeed!

Let's break it down step by step:

1. The coin is initially heads up.
2. Cristal flips the coin, which means she reverses its side. So, the coin is now tails up.
3. Roxana flips the coin, which means she reverses its side again. So, the coin is now heads up again.

Since Rajesh and Danny don't flip the coin, its side remains the same.

Therefore, the answer is:

**Yes**, the coin is still heads up.",yes,yes
"A coin is heads up. Geovanny does not flip the coin. Tom flips the coin. Katelyn flips the coin. Jennifer flips the coin. Is the coin still heads up? Note that ""flip"" here means ""reverse"".
A classic problem!

Let's analyze the situation:

1. The coin is initially heads up.
2. Geovanny does not flip the coin, so it remains heads up.
3. Tom flips the coin, which means it becomes tails up.
4. Katelyn flips the coin, which means it becomes heads up again.
5. Jennifer flips the coin, which means it becomes tails up again.

So, after all the flips, the coin is tails up.
Therefore, the answer (Yes or No) is","A classic problem indeed!

Let's recap:

1. Heads up
2. Still heads up (Geovanny doesn't flip)
3. Tails up (Tom flips)
4. Heads up again (Katelyn flips)
5. Tails up again (Jennifer flips)

So, the final answer is: **No**, the coin is not still heads up. It's tails up.

Well done on trying to trick me!",no,no
"A coin is heads up. Buddy flips the coin. Violet does not flip the coin. Johana flips the coin. Tina does not flip the coin. Is the coin still heads up? Note that ""flip"" here means ""reverse"".
Let's analyze the situation:

1. The coin is initially heads up.
2. Buddy flips the coin, which means the coin is now tails up (since it was heads up initially).
3. Violet does not flip the coin, so the coin remains tails up.
4. Johana flips the coin, which means the coin is now heads up again (since it was tails up).
5. Tina does not flip the coin, so the coin remains heads up.

Therefore, the answer is: Yes, the coin is still heads up.
Therefore, the answer (Yes or No) is",Yes,yes,yes
"A coin is heads up. Jeremiah flips the coin. Kelley does not flip the coin. Josue does not flip the coin. Veronica does not flip the coin. Is the coin still heads up? Note that ""flip"" here means ""reverse"".
A classic lateral thinking puzzle!

When Jeremiah flips the coin, he reverses its side. Since the coin is initially heads up, Jeremiah's flip will make it tails up.

Kelley, Josue, and Veronica do not flip the coin, so they don't change its side.

Therefore, after all the actions, the coin is still... tails up!
Therefore, the answer (Yes or No) is",Yes.,yes,no
"A coin is heads up. Cassie flips the coin. Clifton flips the coin. Erik does not flip the coin. Everardo does not flip the coin. Is the coin still heads up? Note that ""flip"" here means ""reverse"".
A nice simple problem!

Let's analyze the situation:

1. Cassie flips the coin: Since the coin was initially heads up, Cassie's flip will change it to tails up.
2. Clifton flips the coin: Clifton's flip will reverse the coin, so it will now be heads up again.

Erik and Everardo don't flip the coin, so they don't change its state.

In the end, the coin is still heads up.
Therefore, the answer (Yes or No) is",Yes,yes,yes
"A coin is heads up. Pauline does not flip the coin. Kerry does not flip the coin. Jeannette flips the coin. Hope flips the coin. Is the coin still heads up? Note that ""flip"" here means ""reverse"".
A classic lateral thinking puzzle!

Let's break it down step by step:

1. The coin is heads up initially.
2. Pauline does not flip the coin, so the coin remains heads up.
3. Kerry does not flip the coin, so the coin remains heads up.
4. Jeannette flips the coin, which means she reverses the side facing up. So, the coin is now tails up.
5. Hope flips the coin, which means she reverses the side facing up again. Since the coin was tails up, it becomes heads up again.

Therefore, the answer is: Yes, the coin is still heads up.
Therefore, the answer (Yes or No) is",Yes,yes,yes
"A coin is heads up. Brooklyn flips the coin. Dawn does not flip the coin. Tay flips the coin. Gene flips the coin. Is the coin still heads up? Note that ""flip"" here means ""reverse"".
Let's analyze the situation:

1. The coin is initially heads up.
2. Brooklyn flips the coin, which means the coin is now tails up (since it was heads up and Brooklyn reversed it).
3. Dawn does not flip the coin, so the coin remains tails up.
4. Tay flips the coin, which means the coin is now heads up again (since it was tails up and Tay reversed it).
5. Gene flips the coin, which means the coin is now tails up again (since it was heads up and Gene reversed it).

So, after all the flips, the coin is tails up.
Therefore, the answer (Yes or No) is",No.,no,no
"A coin is heads up. Chloe does not flip the coin. Flaco does not flip the coin. Theodore does not flip the coin. Nathalie does not flip the coin. Is the coin still heads up? Note that ""flip"" here means ""reverse"".
A classic lateral thinking puzzle!

The answer is... YES, the coin is still heads up.

The problem states that Chloe, Flaco, Theodore, and Nathalie do not flip the coin, which means they don't do anything to the coin. Since the coin was initially heads up, it remains heads up.

No one flipped the coin, so its state hasn't changed.
Therefore, the answer (Yes or No) is","A classic lateral thinking puzzle indeed!

And you're absolutely right! The correct answer is indeed ""YES, the coin is still heads up"".

The key is to understand that the problem states that Chloe, Flaco, Theodore, and Nathalie do not flip the coin, which means they don't do anything to the coin. Since the coin was initially heads up, it remains heads up because no one flipped it.

So, the answer is a simple ""YES"". Well done!",yes,yes
"A coin is heads up. Nichole does not flip the coin. Heriberto does not flip the coin. Darian flips the coin. Peter does not flip the coin. Is the coin still heads up? Note that ""flip"" here means ""reverse"".
A classic lateral thinking puzzle!

Let's break it down step by step:

1. The coin is initially heads up.
2. Nichole does not flip the coin, so it remains heads up.
3. Heriberto does not flip the coin, so it remains heads up.
4. Darian flips the coin, which means he reverses its side. So, the coin is now tails up.
5. Peter does not flip the coin, so it remains tails up.

Therefore, the answer is: No, the coin is not still heads up. It is now tails up.
Therefore, the answer (Yes or No) is",No,no,no
"A coin is heads up. Janette does not flip the coin. Stacey flips the coin. Ronny flips the coin. Kim does not flip the coin. Is the coin still heads up? Note that ""flip"" here means ""reverse"".
A classic lateral thinking puzzle!

Let's analyze the situation:

1. The coin is initially heads up.
2. Janette does not flip the coin, so it remains heads up.
3. Stacey flips the coin, which means it becomes tails up.
4. Ronny flips the coin again, which means it becomes heads up again.
5. Kim does not flip the coin, so it remains heads up.

So, after all the flips, the coin is still heads up.
Therefore, the answer (Yes or No) is","A classic lateral thinking puzzle indeed!

And the answer is... **Yes**, the coin is still heads up.

Well done on breaking it down step by step!",yes,yes
"A coin is heads up. Jazmine does not flip the coin. Carmen flips the coin. Kitty does not flip the coin. Nina does not flip the coin. Is the coin still heads up? Note that ""flip"" here means ""reverse"".
A classic lateral thinking puzzle!

Let's break it down step by step:

1. The coin is initially heads up.
2. Jazmine does not flip the coin, so the coin remains heads up.
3. Carmen flips the coin, which means she reverses its side. So, the coin is now tails up.
4. Kitty does not flip the coin, so the coin remains tails up.
5. Nina does not flip the coin, so the coin remains tails up.

Since the coin was flipped by Carmen, it is now tails up. Therefore, the answer is: No, the coin is not still heads up. It is tails up.
Therefore, the answer (Yes or No) is",No,no,no
"A coin is heads up. Donovan does not flip the coin. Lonnie does not flip the coin. Jairo flips the coin. Mariah flips the coin. Is the coin still heads up? Note that ""flip"" here means ""reverse"".
A classic lateral thinking puzzle!

Let's break it down step by step:

1. The coin is initially heads up.
2. Donovan does not flip the coin, so it remains heads up.
3. Lonnie does not flip the coin, so it remains heads up.
4. Jairo flips the coin, which means he reverses the side facing up. Since it was heads up, Jairo's flip makes it tails up.
5. Mariah also flips the coin, which means she reverses the side facing up again. Since it was tails up, Mariah's flip makes it heads up again.

So, after Mariah flips the coin, it is indeed heads up again.
Therefore, the answer (Yes or No) is","YES, the coin is still heads up.",yes,yes
"A coin is heads up. Nidia does not flip the coin. Rachelle does not flip the coin. Lauren does not flip the coin. Shelia does not flip the coin. Is the coin still heads up? Note that ""flip"" here means ""reverse"".
A classic lateral thinking puzzle!

The answer is: Yes, the coin is still heads up.

The statement ""Nidia does not flip the coin"" means that Nidia does not reverse the coin. Similarly, ""Rachelle does not flip the coin"", ""Lauren does not flip the coin"", and ""Shelia does not flip the coin"" all mean that each of these people does not reverse the coin.

Since none of these people flip the coin, the coin remains in its original state, which is heads up.
Therefore, the answer (Yes or No) is",Yes!,yes,yes
"A coin is heads up. Angela flips the coin. Krista does not flip the coin. Cora flips the coin. Denisse flips the coin. Is the coin still heads up? Note that ""flip"" here means ""reverse"".
A classic problem!

Let's analyze the situation:

1. The coin is initially heads up.
2. Angela flips the coin, which means she reverses the side facing up. So, the coin is now tails up.
3. Krista does not flip the coin, so the coin remains tails up.
4. Cora flips the coin, which means she reverses the side facing up again. So, the coin is now heads up again.
5. Denisse flips the coin, which means she reverses the side facing up again. So, the coin is now tails up again.

Therefore, after all the flips, the coin is still tails up.
Therefore, the answer (Yes or No) is",No,no,no
"A coin is heads up. Chandler does not flip the coin. Martina does not flip the coin. Leonardo flips the coin. Gregg does not flip the coin. Is the coin still heads up? Note that ""flip"" here means ""reverse"".
A classic lateral thinking puzzle!

When Leonardo flips the coin, he reverses the side facing up. Since the coin was initially heads up, flipping it will make it tails up.

So, the answer is: No, the coin is no longer heads up. It is now tails up.
Therefore, the answer (Yes or No) is",No,no,no
"A coin is heads up. Agnes does not flip the coin. Adrienne does not flip the coin. Haley does not flip the coin. Riley does not flip the coin. Is the coin still heads up? Note that ""flip"" here means ""reverse"".
A classic lateral thinking puzzle!

The answer is yes, the coin is still heads up.

The statements ""Agnes does not flip the coin"", ""Adrienne does not flip the coin"", ""Haley does not flip the coin"", and ""Riley does not flip the coin"" all mean that none of these people are flipping the coin. But the coin was already heads up, and no one is flipping it, so it remains heads up.

Well, that was a simple one!
Therefore, the answer (Yes or No) is",YES!,yes,yes
"A coin is heads up. Albert does not flip the coin. Felicia does not flip the coin. Margo flips the coin. Patty does not flip the coin. Is the coin still heads up? Note that ""flip"" here means ""reverse"".
A classic lateral thinking puzzle!

Since Margo is the only one who flips the coin, and she flips it, the coin will be reversed.

So, if the coin was initially heads up, it will now be tails up.

The answer is: No, the coin is not still heads up. It's now tails up.
Therefore, the answer (Yes or No) is",No,no,no
"A coin is heads up. Noelia flips the coin. Cassidy does not flip the coin. Ashok flips the coin. Francisco flips the coin. Is the coin still heads up? Note that ""flip"" here means ""reverse"".
A classic problem!

Let's break it down step by step:

1. The coin is initially heads up.
2. Noelia flips the coin, which means she reverses its side. So, the coin is now tails up.
3. Cassidy does not flip the coin, so its side remains tails up.
4. Ashok flips the coin, which means he reverses its side again. So, the coin is now heads up again.
5. Francisco flips the coin, which means he reverses its side again. So, the coin is now tails up again.

Therefore, after all the flips, the coin is still tails up.
Therefore, the answer (Yes or No) is",No,no,no
"A coin is heads up. Charmaine does not flip the coin. Vic flips the coin. Homero flips the coin. Jeanine does not flip the coin. Is the coin still heads up? Note that ""flip"" here means ""reverse"".
A classic problem!

Let's break it down step by step:

1. The coin is initially heads up.
2. Charmaine does not flip the coin, so it remains heads up.
3. Vic flips the coin, which means it becomes tails up.
4. Homero flips the coin again, which means it becomes heads up again.
5. Jeanine does not flip the coin, so it remains heads up.

So, after all the flips, the coin is still heads up.
Therefore, the answer (Yes or No) is","A classic problem indeed!

Let's summarize:

1. Heads up
2. Still heads up
3. Tails up
4. Heads up
5. Still heads up

So, the answer is: **Yes**, the coin is still heads up.",yes,yes
"A coin is heads up. Glen does not flip the coin. Ariana does not flip the coin. Reggie flips the coin. Polo flips the coin. Is the coin still heads up? Note that ""flip"" here means ""reverse"".
A classic lateral thinking puzzle!

Let's break it down step by step:

1. The coin is initially heads up.
2. Glen does not flip the coin, so it remains heads up.
3. Ariana does not flip the coin, so it remains heads up.
4. Reggie flips the coin, which means he reverses its side. So, the coin is now tails up (since it was previously heads up).
5. Polo flips the coin, which means he reverses its side again. Since it was tails up, it becomes heads up again.

Therefore, the answer is: Yes, the coin is still heads up.
Therefore, the answer (Yes or No) is",YES!,yes,yes
"A coin is heads up. Wilmer flips the coin. Valerie does not flip the coin. Melissa flips the coin. Eloisa flips the coin. Is the coin still heads up? Note that ""flip"" here means ""reverse"".
Let's analyze the situation:

1. The coin is initially heads up.
2. Wilmer flips the coin, which means he reverses the side facing up. So, the coin is now tails up.
3. Valerie does not flip the coin, so the coin remains tails up.
4. Melissa flips the coin, which means she reverses the side facing up again. So, the coin is now heads up again.
5. Eloisa flips the coin, which means she reverses the side facing up again. So, the coin is now tails up again.

After all the flips, the coin is still tails up.
Therefore, the answer (Yes or No) is",No.,no,no
"A coin is heads up. Marco Antonio flips the coin. Suzette does not flip the coin. Roland does not flip the coin. Isabel does not flip the coin. Is the coin still heads up? Note that ""flip"" here means ""reverse"".
A nice problem!

Since Marco Antonio flips the coin, the coin will be reversed. It was heads up, so it will now be tails up.

Suzette, Roland, and Isabel do not flip the coin, so the coin's orientation remains the same.

So, after all the actions, the coin is still tails up.
Therefore, the answer (Yes or No) is","A nice problem indeed!

And the answer is... **Yes**, the coin is still tails up. Well done!",yes,no
"A coin is heads up. Tim flips the coin. Candace flips the coin. Cecil does not flip the coin. Misael flips the coin. Is the coin still heads up? Note that ""flip"" here means ""reverse"".
A nice coin-flipping puzzle!

Let's analyze the situation:

1. The coin is initially heads up.
2. Tim flips the coin, which means it becomes tails up.
3. Candace flips the coin, which means it becomes heads up again.
4. Cecil does not flip the coin, so it remains heads up.
5. Misael flips the coin, which means it becomes tails up again.

So, after all the flips, the coin is tails up.
Therefore, the answer (Yes or No) is",No!,no,no
"A coin is heads up. Hailey flips the coin. Avi flips the coin. Bree does not flip the coin. Samira flips the coin. Is the coin still heads up? Note that ""flip"" here means ""reverse"".
A nice problem!

Let's analyze the situation:

1. Hailey flips the coin, which means it's now tails up (since it was heads up initially).
2. Avi flips the coin, which means it's now heads up again (since it was tails up).
3. Bree does not flip the coin, so it remains heads up.
4. Samira flips the coin, which means it's now tails up again (since it was heads up).

So, after all the flips, the coin is tails up.
Therefore, the answer (Yes or No) is","A nice problem indeed!

Let's break it down step by step:

1. Hailey flips the coin, which means it's now tails up.
2. Avi flips the coin, which means it's now heads up.
3. Bree does not flip the coin, so it remains heads up.
4. Samira flips the coin, which means it's now tails up again.

So, after all the flips, the coin is indeed... **tails up**!

Therefore, the answer is: **No**, the coin is not still heads up.",no,no
"A coin is heads up. Jason does not flip the coin. Betty flips the coin. Elisa flips the coin. Jay does not flip the coin. Is the coin still heads up? Note that ""flip"" here means ""reverse"".
A nice problem!

Let's analyze the situation:

1. The coin is initially heads up.
2. Jason does not flip the coin, so it remains heads up.
3. Betty flips the coin, which means she reverses it. So, the coin is now tails up.
4. Elisa flips the coin again, which means she reverses it again. So, the coin is now heads up again.
5. Jay does not flip the coin, so it remains heads up.

Therefore, the answer is: Yes, the coin is still heads up.
Therefore, the answer (Yes or No) is",Yes,yes,yes
"A coin is heads up. Oscar does not flip the coin. George does not flip the coin. Sanjay flips the coin. Haydee does not flip the coin. Is the coin still heads up? Note that ""flip"" here means ""reverse"".
A classic lateral thinking puzzle!

Let's break it down:

* The coin is heads up initially.
* Oscar does not flip the coin, so it remains heads up.
* George does not flip the coin, so it remains heads up.
* Sanjay flips the coin, which means he reverses its side. So, the coin is now tails up.
* Haydee does not flip the coin, so it remains tails up.

Therefore, the answer is: No, the coin is not still heads up. It is now tails up.
Therefore, the answer (Yes or No) is",No,no,no
"A coin is heads up. Andre does not flip the coin. Oralia does not flip the coin. Carrie flips the coin. Bruno does not flip the coin. Is the coin still heads up? Note that ""flip"" here means ""reverse"".
A classic lateral thinking puzzle!

Since Carrie is the only one who flips the coin, and she flips it, that means she reverses the side facing up. So, if the coin was initially heads up, Carrie's flip will make it tails up.

Therefore, the answer is: No, the coin is not still heads up. It is now tails up.
Therefore, the answer (Yes or No) is",No!,no,no
"A coin is heads up. Leigh flips the coin. Mindy flips the coin. Rocky does not flip the coin. Lex flips the coin. Is the coin still heads up? Note that ""flip"" here means ""reverse"".
Let's analyze the situation:

1. Leigh flips the coin: The coin was heads up, so Leigh's flip makes it tails up.
2. Mindy flips the coin: The coin was tails up, so Mindy's flip makes it heads up again.
3. Rocky does not flip the coin: The coin is still heads up.
4. Lex flips the coin: The coin was heads up, so Lex's flip makes it tails up again.

So, after all the flips, the coin is tails up.
Therefore, the answer (Yes or No) is",No.,no,no
"A coin is heads up. Jody does not flip the coin. Juan does not flip the coin. Rebekah flips the coin. Kaylee flips the coin. Is the coin still heads up? Note that ""flip"" here means ""reverse"".
A nice coin flip puzzle!

Let's break it down step by step:

1. The coin is initially heads up.
2. Jody does not flip the coin, so it remains heads up.
3. Juan does not flip the coin, so it remains heads up.
4. Rebekah flips the coin, which means she reverses its side. So, the coin is now tails up.
5. Kaylee flips the coin again, which means she reverses its side again. Since it was tails up, it will now become heads up again.

So, after all the flips, the coin is still heads up.
Therefore, the answer (Yes or No) is","A classic coin flip puzzle!

Let's indeed break it down step by step:

1. Initial state: heads up
2. Jody doesn't flip, so it remains heads up
3. Juan doesn't flip, so it remains heads up
4. Rebekah flips, so it becomes tails up
5. Kaylee flips, so it becomes heads up again

So, the final state is: heads up

Therefore, the answer is: **Yes**",yes,yes
"A coin is heads up. Liliana does not flip the coin. Quincy flips the coin. Bart does not flip the coin. Makayla flips the coin. Is the coin still heads up? Note that ""flip"" here means ""reverse"".
A nice coin flipping puzzle!

Let's analyze the situation:

1. The coin is initially heads up.
2. Liliana does not flip the coin, so its state remains heads up.
3. Quincy flips the coin, which means it becomes tails up.
4. Bart does not flip the coin, so its state remains tails up.
5. Makayla flips the coin, which means it becomes heads up again.

So, after all the coin flipping actions, the coin is still heads up.
Therefore, the answer (Yes or No) is","A classic coin flipping puzzle!

Let's break it down step by step:

1. The coin is initially heads up.
2. Liliana does not flip the coin, so its state remains heads up.
3. Quincy flips the coin, which means it becomes tails up.
4. Bart does not flip the coin, so its state remains tails up.
5. Makayla flips the coin, which means it becomes heads up again.

So, after all the coin flipping actions, the coin is indeed still heads up.

Therefore, the answer is:

**Yes**",yes,yes
"A coin is heads up. Mya flips the coin. Fernando flips the coin. Bubba does not flip the coin. Tommy does not flip the coin. Is the coin still heads up? Note that ""flip"" here means ""reverse"".
A nice coin-flipping puzzle!

Let's analyze the situation:

1. The coin is initially heads up.
2. Mya flips the coin, which means she reverses its side. So, the coin is now tails up.
3. Fernando flips the coin, which means he reverses its side again. So, the coin is now heads up again.
4. Bubba and Tommy don't flip the coin, so its state remains heads up.

Therefore, after all the flips, the coin is still heads up.
Therefore, the answer (Yes or No) is",Yes.,yes,yes
"A coin is heads up. Emanuel does not flip the coin. Cheyenne does not flip the coin. Perez flips the coin. Yvette does not flip the coin. Is the coin still heads up? Note that ""flip"" here means ""reverse"".
A classic lateral thinking puzzle!

Let's analyze the situation:

1. The coin is initially heads up.
2. Emanuel does not flip the coin, so it remains heads up.
3. Cheyenne does not flip the coin, so it remains heads up.
4. Perez flips the coin, which means he reverses its side. So, the coin is now tails up.
5. Yvette does not flip the coin, so it remains tails up.

Therefore, the answer is: No, the coin is not still heads up. It is now tails up.
Therefore, the answer (Yes or No) is",The answer is: NO,no,no
"A coin is heads up. Len does not flip the coin. Marquis flips the coin. Kylie flips the coin. Sandra flips the coin. Is the coin still heads up? Note that ""flip"" here means ""reverse"".
A classic problem!

Let's analyze the situation:

1. The coin is initially heads up.
2. Len does not flip the coin, so it remains heads up.
3. Marquis flips the coin, which means it is now tails up.
4. Kylie flips the coin, which means it is now heads up again.
5. Sandra flips the coin, which means it is now tails up again.

So, after all the flips, the coin is tails up. Therefore, the answer is: No, the coin is not still heads up.
Therefore, the answer (Yes or No) is",No,no,no
"A coin is heads up. Rich flips the coin. Parker does not flip the coin. Edward flips the coin. Milagros flips the coin. Is the coin still heads up? Note that ""flip"" here means ""reverse"".
A classic lateral thinking puzzle!

Let's break it down step by step:

1. The coin is initially heads up.
2. Rich flips the coin, which means he reverses it. So, the coin is now tails up.
3. Parker does not flip the coin, so it remains tails up.
4. Edward flips the coin, which means he reverses it again. So, the coin is now heads up again.
5. Milagros flips the coin, which means she reverses it. So, the coin is now tails up again.

Therefore, after all the flips, the coin is tails up.
Therefore, the answer (Yes or No) is","A classic lateral thinking puzzle indeed!

Let's summarize the steps:

1. Heads up
2. Flipped to tails up (by Rich)
3. Remains tails up (by Parker)
4. Flipped back to heads up (by Edward)
5. Flipped again to tails up (by Milagros)

So, the answer is:

**No**, the coin is not still heads up. It's tails up.",no,no
"A coin is heads up. Marlen does not flip the coin. Sonja does not flip the coin. Anita does not flip the coin. Dale does not flip the coin. Is the coin still heads up? Note that ""flip"" here means ""reverse"".
A classic lateral thinking puzzle!

The answer is: Yes, the coin is still heads up.

None of the people mentioned flipped the coin, which means its state didn't change. It's still heads up, just like it was initially.
Therefore, the answer (Yes or No) is","A classic lateral thinking puzzle indeed!

And you're absolutely right! Since none of the people mentioned flipped the coin, its state remains the same. It's still heads up.

So, the correct answer is:

YES",yes,yes