input,pred_before,pred_after,GT
"Take the last letters of each words in ""Whitney Erika Tj Benito"" and concatenate them.
Here are the last letters of each word:

* Whitney: Y
* Erika: A
* Tj: J (note: Tj is not a word, I assume it's a typo and it's just the initial ""T"" followed by ""j"", so I'll take the last letter of ""T"" which is T)
* Benito: O

Concatenating them, we get: YAOT
Therefore, the final answer is",YAOT,yaot,yajo
"Take the last letters of each words in ""Lucky Mireya Jj Kc"" and concatenate them.
Here are the last letters of each word:

* Lucky: y
* Mireya: a
* Jj: (no last letter, as it's not a word)
* Kc: (no last letter, as it's not a word)

Concatenating the last letters that exist, I get: ya
Therefore, the final answer is",The final answer is: ya,ya,yajc
"Take the last letters of each words in ""Caleb Chase Eleazar Chanel"" and concatenate them.
Here are the last letters of each word:

* Caleb: B
* Chase: E
* Eleazar: R
* Chanel: L

Concatenating them, we get: B-E-R-L
Therefore, the final answer is",B-E-R-L,berl,berl
"Take the last letters of each words in ""Silvia Carolina Stan Chuck"" and concatenate them.
Here are the last letters of each word:

* Silvia: A
* Carolina: A
* Stan: N
* Chuck: K

Concatenating them, I get: A-A-N-K
Therefore, the final answer is","A simple and fun exercise!

You're absolutely right. The last letters of each word are:

* Silvia: A
* Carolina: A
* Stan: N
* Chuck: K

Concatenating them, we get: A-A-N-K

So, the final answer is: A-A-N-K",aank,aank
"Take the last letters of each words in ""Breanna Trey Omar Patrice"" and concatenate them.
Here are the last letters of each word:

* Breanna: A
* Trey: Y
* Omar: R
* Patrice: E

Concatenating them, I get: AYRE
Therefore, the final answer is","That's correct! The last letters of each word are A, Y, R, and E, which concatenate to form the string AYRE. Therefore, the final answer is AYRE.",ayre,ayre
"Take the last letters of each words in ""Lilian Ian Bryce Aracely"" and concatenate them.
Here are the last letters of each word:

* Lilian: N
* Ian: N
* Bryce: E
* Aracely: Y

Concatenating them gives: N-N-E-Y
Therefore, the final answer is",N-N-E-Y,nney,nney
"Take the last letters of each words in ""Walter Mikayla Larry Ryan"" and concatenate them.
The last letters of each word are:

* Walter: R
* Mikayla: A
* Larry: Y
* Ryan: N

Concatenating them gives: R-A-Y-N
Therefore, the final answer is",The final answer is R-A-Y-N.,rayn,rayn
"Take the last letters of each words in ""Angelina Layla Jenny Zane"" and concatenate them.
Here are the last letters of each word:

* Angelina: A
* Layla: A
* Jenny: Y
* Zane: E

Concatenating them, I get: A-A-Y-E
Therefore, the final answer is","A fun exercise!

Yes, you're correct. The last letters of each word are:

* Angelina: A
* Layla: A
* Jenny: Y
* Zane: E

Concatenating them, you get: A-A-Y-E

So, the final answer is: A-A-Y-E",aaye,aaye
"Take the last letters of each words in ""Lizzy Juany Aisha Brenda"" and concatenate them.
Here are the last letters of each word:

* Lizzy: Y
* Juany: Y
* Aisha: A
* Brenda: A

Concatenating them gives: YYA
Therefore, the final answer is",The final answer is YYA.,yya,yyaa
"Take the last letters of each words in ""Elise Lupe Renee Noemi"" and concatenate them.
Here are the last letters of each word:

* Elise: E
* Lupe: E
* Renee: E
* Noemi: I

Concatenating them gives: E-E-I
Therefore, the final answer is",The final answer is E-E-I.,eei,eeei
"Take the last letters of each words in ""Jesse Roderick Travis Rita"" and concatenate them.
Here are the last letters of each word:

* Jesse: E
* Roderick: K
* Travis: S
* Rita: A

Concatenating them, we get: E-K-S-A
Therefore, the final answer is",The final answer is E-K-S-A.,eksa,eksa
"Take the last letters of each words in ""Cinthia Lloyd Jacqueline Jc"" and concatenate them.
Here are the last letters of each word:

* Cinthia: A
* Lloyd: D
* Jacqueline: E
* Jc: C

Concatenating them, I get: A-D-E-C
Therefore, the final answer is",The final answer is A-D-E-C.,adec,adec
"Take the last letters of each words in ""Sterling Jenifer Patsy Denise"" and concatenate them.
Here are the last letters of each word:

* Sterling: G
* Jenifer: R
* Patsy: Y
* Denise: E

Concatenating them gives: GRYE
Therefore, the final answer is",The final answer is GRYE.,grye,grye
"Take the last letters of each words in ""Beatriz Gillian Coco Vivian"" and concatenate them.
Here are the last letters of each word:

* Beatriz: Z
* Gillian: N
* Coco: O
* Vivian: N

Concatenating them, we get: Z-N-O-N
Therefore, the final answer is",The final answer is Z-N-O-N.,znon,znon
"Take the last letters of each words in ""Prince Rene Vishal Patrick"" and concatenate them.
The last letters of each word are:

* Prince: E
* Rene: E
* Vishal: L
* Patrick: K

Concatenating them gives: EEKL
Therefore, the final answer is",The final answer is EEKL.,eekl,eelk
"Take the last letters of each words in ""Jae Dennis Cris Bernadette"" and concatenate them.
The last letters of each word are:

* Jae: E
* Dennis: S
* Cris: S
* Bernadette: E

Concatenating them gives: ESSE
Therefore, the final answer is",The final answer is ESSE.,esse,esse
"Take the last letters of each words in ""Hank Janine Frankie Isa"" and concatenate them.
The last letters of each word are:

* Hank: K
* Janine: E
* Frankie: E
* Isa: A

Concatenating them gives: KEA
Therefore, the final answer is",KEA,kea,keea
"Take the last letters of each words in ""Max Mikey Cynthia Holly"" and concatenate them.
Here are the last letters of each word:

* Max: X
* Mikey: Y
* Cynthia: A
* Holly: Y

Concatenating them, I get: XYAY
Therefore, the final answer is","A simple and fun task!

Yes, you're absolutely right. The last letters of each word are:

* Max: X
* Mikey: Y
* Cynthia: A
* Holly: Y

Concatenating them, you get: XYAY

So, the final answer is: XYAY",xyay,xyay
"Take the last letters of each words in ""Christy Rey Michelle Dolly"" and concatenate them.
Here are the last letters of each word:

* Christy: Y
* Rey: Y
* Michelle: E
* Dolly: Y

Concatenating them, I get: YYYE
Therefore, the final answer is",The final answer is YYYE.,yyye,yyey
"Take the last letters of each words in ""Annie Toño Sharon Delores"" and concatenate them.
Here are the last letters of each word:

* Annie: E
* Toño: O
* Sharon: N
* Delores: S

Concatenating them, we get: E-O-N-S
Therefore, the final answer is",The final answer is E-O-N-S.,eons,eons
"Take the last letters of each words in ""Jessy Libby Danielle Red"" and concatenate them.
Here are the last letters of each word:

* Jessy: Y
* Libby: Y
* Danielle: E
* Red: D

Concatenating them gives: Y Y E D
Therefore, the final answer is",Y Y E D,yyed,yyed
"Take the last letters of each words in ""Jorge Natalia Bryant Kiran"" and concatenate them.
Here are the last letters of each word:

* Jorge: E
* Natalia: A
* Bryant: T
* Kiran: N

Concatenating them gives: E-A-T-N
Therefore, the final answer is",E-A-T-N,eatn,eatn
"Take the last letters of each words in ""Yan Eunice Joseph Hugh"" and concatenate them.
Here are the last letters of each word:

* Yan: N
* Eunice: E
* Joseph: F
* Hugh: H

Concatenating them, I get: NEFH
Therefore, the final answer is","A clever question!

Yes, you are correct. The last letters of each word are:

* Yan: N
* Eunice: E
* Joseph: F
* Hugh: H

Concatenating them, we get: NEFH

So, the final answer is: NEFH",nefh,nehh
"Take the last letters of each words in ""Melody Ramiro Humberto Jacob"" and concatenate them.
Here are the last letters of each word:

* Melody: Y
* Ramiro: O
* Humberto: O
* Jacob: B

Concatenating them, we get: YOBOB
Therefore, the final answer is",YOBOB,yobob,yoob
"Take the last letters of each words in ""Domingo Briana Michael Joan"" and concatenate them.
Here are the last letters of each word:

* Domingo: O
* Briana: A
* Michael: L
* Joan: N

Concatenating them, I get: O-A-L-N
Therefore, the final answer is",The final answer is O-A-L-N.,oaln,oaln
"Take the last letters of each words in ""Kristopher Deb Jake Tammy"" and concatenate them.
Here are the last letters of each word:

* Kristopher: R
* Deb: B
* Jake: E
* Tammy: Y

Concatenating them, we get: R-B-E-Y
Therefore, the final answer is",The final answer is R-B-E-Y.,rbey,rbey
"Take the last letters of each words in ""Morgan Perla Joao Marta"" and concatenate them.
Here are the last letters of each word:

* Morgan: N
* Perla: A
* Joao: O
* Marta: A

Concatenating them, we get: NAOA
Therefore, the final answer is",The final answer is NAOA.,naoa,naoa
"Take the last letters of each words in ""Penny Harry Jessica Horacio"" and concatenate them.
Here are the last letters of each word:

* Penny: Y
* Harry: Y
* Jessica: A
* Horacio: O

Concatenating them, we get: Y Y A O
Therefore, the final answer is",Y Y A O,yyao,yyao
"Take the last letters of each words in ""Billie Paloma Tanner Raul"" and concatenate them.
Here are the last letters of each word:

* Billie: E
* Paloma: A
* Tanner: R
* Raul: L

Concatenating them, we get: E-A-R-L
Therefore, the final answer is",E-A-R-L,earl,earl
"Take the last letters of each words in ""Rena Devon Rosalinda Paulina"" and concatenate them.
Here are the last letters of each word:

* Rena: A
* Devon: N
* Rosalinda: A
* Paulina: A

Concatenating them, I get: A-N-A
Therefore, the final answer is","So, the final answer is: A-N-A",ana,anaa
"Take the last letters of each words in ""Axel Osvaldo Mildred Sylvia"" and concatenate them.
Here are the last letters of each word:

* Axel: L
* Osvaldo: O
* Mildred: D
* Sylvia: A

Concatenating them, I get: LOADA
Therefore, the final answer is","A fun exercise!

Yes, you're correct. The last letters of each word are:

* Axel: L
* Osvaldo: O
* Mildred: D
* Sylvia: A

Concatenating them, we get: LOADA

So, the final answer is: LOADA",loada,loda
"Take the last letters of each words in ""Emiliano Jasmin Wade Vilma"" and concatenate them.
Here are the last letters of each word:

* Emiliano: O
* Jasmin: N
* Wade: E
* Vilma: A

Concatenating them, we get: ONEA
Therefore, the final answer is",The final answer is: ONEA,onea,onea
"Take the last letters of each words in ""Lino Mariel Aditya Elisabeth"" and concatenate them.
Here are the last letters of each word:

* Lino: O
* Mariel: L
* Aditya: A
* Elisabeth: H

Concatenating them gives: O-L-A-H
Therefore, the final answer is",The final answer is O-L-A-H.,olah,olah
"Take the last letters of each words in ""Jacky Socorro Mark Wanda"" and concatenate them.
Here are the last letters of each word:

* Jacky: Y
* Socorro: O
* Mark: K
* Wanda: A

Concatenating them, we get: YOKA
Therefore, the final answer is",YOKA,yoka,yoka
"Take the last letters of each words in ""Mauricio Lee Madi Lizzie"" and concatenate them.
The last letters of each word are:

* Mauricio: O
* Lee: E
* Madi: I
* Lizzie: E

Concatenating them, we get: O-E-I-E
Therefore, the final answer is",The final answer is: O-E-I-E,oeie,oeie
"Take the last letters of each words in ""Ruben Bernardo Ariel Shelley"" and concatenate them.
Here are the last letters of each word:

* Ruben: N
* Bernardo: O
* Ariel: L
* Shelley: Y

Concatenating them, we get: N-O-L-Y
Therefore, the final answer is","A simple but fun task!

The last letters of each word are: N-O-L-Y

Concatenating them, we get: N-O-L-Y

So, the final answer is: N-O-L-Y",noly,noly
"Take the last letters of each words in ""Phillip Ajay Janie Augusto"" and concatenate them.
Here are the last letters of each word:

* Phillip: P
* Ajay: Y
* Janie: E
* Augusto: O

Concatenating them gives: P-Y-E-O
Therefore, the final answer is",P-Y-E-O,pyeo,pyeo
"Take the last letters of each words in ""Ari Jasmine Elliot Kendrick"" and concatenate them.
Here are the last letters of each word:

* Ari: i
* Jasmine: e
* Elliot: t
* Kendrick: d

Concatenating them, we get: i-e-t-d
Therefore, the final answer is","A simple one!

The final answer is: i-e-t-d",ietd,ietk
"Take the last letters of each words in ""Margarita Anabel Shaun Celina"" and concatenate them.
Here are the last letters of each word:

* Margarita: A
* Anabel: L
* Shaun: N
* Celina: A

Concatenating them gives: ALNA
Therefore, the final answer is",ALNA,alna,alna
"Take the last letters of each words in ""Geo Kody Isaias Giovanni"" and concatenate them.
Here are the last letters of each word:

* Geo: O
* Kody: Y
* Isaias: S
* Giovanni: I

Concatenating them, we get: O-Y-S-I
Therefore, the final answer is",O-Y-S-I,oysi,oysi
"Take the last letters of each words in ""Kennedy Ginny Iliana Sky"" and concatenate them.
Here are the last letters of each word:

* Kennedy: Y
* Ginny: Y
* Iliana: A
* Sky: Y

Concatenating them, we get: Y Y A Y
Therefore, the final answer is",Y Y A Y,yyay,yyay
"Take the last letters of each words in ""Billy Kassandra Joy Abe"" and concatenate them.
Here are the last letters of each word:

* Billy: Y
* Kassandra: A
* Joy: Y
* Abe: E

Concatenating them, we get: Y-A-Y-E
Therefore, the final answer is",Y-A-Y-E,yaye,yaye
"Take the last letters of each words in ""Nubia Sarah Jalen Kris"" and concatenate them.
Here are the last letters of each word:

* Nubia: A
* Sarah: H
* Jalen: N
* Kris: S

Concatenating them, we get: A-H-N-S
Therefore, the final answer is",The final answer is A-H-N-S.,ahns,ahns
"Take the last letters of each words in ""Ale Gaspar Sonny Simon"" and concatenate them.
Here are the last letters of each word:

* Ale: E
* Gaspar: R
* Sonny: Y
* Simon: N

Concatenating them, I get: E-R-Y-N
Therefore, the final answer is","A fun exercise!

Yes, you're correct. The last letters of each word are:

* Ale: E
* Gaspar: R
* Sonny: Y
* Simon: N

Concatenating them, you get: E-R-Y-N

So, the final answer is: E-R-Y-N",eryn,eryn
"Take the last letters of each words in ""Skylar Chrissy Misty Kike"" and concatenate them.
Here are the last letters of each word:

* Skylar: R
* Chrissy: Y
* Misty: Y
* Kike: E

Concatenating them, we get: RYYE
Therefore, the final answer is",RYYE,ryye,ryye
"Take the last letters of each words in ""Gavin Neha Asha Baltazar"" and concatenate them.
Here are the last letters of each word:

* Gavin: N
* Neha: A
* Asha: A
* Baltazar: R

Concatenating them, we get: N-A-A-R
Therefore, the final answer is",The final answer is N-A-A-R.,naar,naar
"Take the last letters of each words in ""Camilo Becky Eliza Rebecca"" and concatenate them.
Here are the last letters of each word:

* Camilo: O
* Becky: Y
* Eliza: A
* Rebecca: A

Concatenating them gives: O-Y-A-A
Therefore, the final answer is",O-Y-A-A,oyaa,oyaa
"Take the last letters of each words in ""Isela Leslie Stacy Ingrid"" and concatenate them.
Here are the last letters of each word:

* Isela: A
* Leslie: Y
* Stacy: Y
* Ingrid: D

Concatenating them, we get: A Y Y D
Therefore, the final answer is","A simple one!

The last letters of each word are: A, Y, Y, D

Concatenating them, we get: A Y Y D

So, the final answer is: A Y Y D",ayyd,aeyd
"Take the last letters of each words in ""Meg Andrey Gerard Lilia"" and concatenate them.
Here are the last letters of each word:

* Meg: G
* Andrey: Y
* Gerard: D
* Lilia: A

Concatenating them, I get: GYDA
Therefore, the final answer is",GYDA,gyda,gyda
"Take the last letters of each words in ""Denny Carlo Reinaldo Jessi"" and concatenate them.
Here are the last letters of each word:

* Denny: Y
* Carlo: O
* Reinaldo: O
* Jessi: I

Concatenating them gives: YOOI
Therefore, the final answer is",YOOI,yooi,yooi
"Take the last letters of each words in ""Cheri Rico Teo Jesus"" and concatenate them.
Here are the last letters of each word:

* Cheri: I
* Rico: O
* Teo: O
* Jesus: S

Concatenating them, we get: IOOS
Therefore, the final answer is",IOOS,ioos,ioos
"Take the last letters of each words in ""Alexandria Meghan Autumn Robert"" and concatenate them.
Here are the last letters of each word:

* Alexandria: A
* Meghan: N
* Autumn: N
* Robert: T

Concatenating them, I get: ANNT
Therefore, the final answer is",The final answer is ANNT.,annt,annt
"Take the last letters of each words in ""Jr Meredith Zoe Robby"" and concatenate them.
Here are the last letters of each word:

* Jr: R
* Meredith: H
* Zoe: E
* Robby: Y

Concatenating them gives: RHEY
Therefore, the final answer is",RHEY,rhey,rhey
"Take the last letters of each words in ""Pretty Jada Sarita Allen"" and concatenate them.
Here are the last letters of each word:

* Pretty: Y
* Jada: A
* Sarita: A
* Allen: N

Concatenating them gives: YAAN
Therefore, the final answer is",The final answer is YAAN.,yaan,yaan
"Take the last letters of each words in ""Shari Bella Liza Maira"" and concatenate them.
Here are the last letters of each word:

* Shari: I
* Bella: A
* Liza: A
* Maira: A

Concatenating them gives: I-A-A-A
Therefore, the final answer is",I-A-A-A,iaaa,iaaa
"Take the last letters of each words in ""Lazaro Ana Charlotte Precious"" and concatenate them.
Here are the last letters of each word:

* Lazaro: O
* Ana: A
* Charlotte: E
* Precious: S

Concatenating them gives: O-A-E-S
Therefore, the final answer is",O-A-E-S,oaes,oaes
"Take the last letters of each words in ""Imelda Andi Mack Rigoberto"" and concatenate them.
Here are the last letters of each word:

* Imelda: A
* Andi: I
* Mack: K
* Rigoberto: O

Concatenating them, we get: A-I-K-O
Therefore, the final answer is","A simple one!

The last letters are: A-I-K-O

Concatenating them, we get: AIKO

So, the final answer is: AIKO",aiko,aiko
"Take the last letters of each words in ""Ashish Tracey Varun Emil"" and concatenate them.
Here are the last letters of each word:

* Ashish: H
* Tracey: Y
* Varun: N
* Emil: L

Concatenating them, I get: HYNL
Therefore, the final answer is",The final answer is HYNL.,hynl,hynl
"Take the last letters of each words in ""Marian Joanne Darrin Rohit"" and concatenate them.
Here are the last letters of each word:

* Marian: N
* Joanne: E
* Darrin: N
* Rohit: T

Concatenating them gives: N-E-N-T
Therefore, the final answer is",The final answer is N-E-N-T.,nent,nent
"Take the last letters of each words in ""Julieta Zachary Jared Tyson"" and concatenate them.
Here are the last letters of each word:

* Julieta: A
* Zachary: Y
* Jared: D
* Tyson: N

Concatenating them, I get: AYDN
Therefore, the final answer is",The correct answer is AYDN.,aydn,aydn
"Take the last letters of each words in ""Vicente Dayana Kasey Lin"" and concatenate them.
Here are the last letters of each word:

* Vicente: E
* Dayana: A
* Kasey: Y
* Lin: N

Concatenating them, we get: E-A-Y-N
Therefore, the final answer is",E-A-Y-N,eayn,eayn
"Take the last letters of each words in ""Craig Dillon Troy Griselda"" and concatenate them.
Here are the last letters of each word:

* Craig: G
* Dillon: N
* Troy: Y
* Griselda: A

Concatenating them gives: G-N-Y-A
Therefore, the final answer is",The final answer is: G-N-Y-A,gnya,gnya
"Take the last letters of each words in ""Rubi Daisy Yadira Santa"" and concatenate them.
Here are the last letters of each word:

* Rubi: I
* Daisy: Y
* Yadira: A
* Santa: A

Concatenating them, we get: I-Y-A
Therefore, the final answer is",I-Y-A,iya,iyaa
"Take the last letters of each words in ""Dave Ernesto Liam Marsha"" and concatenate them.
Here are the last letters of each word:

* Dave: E
* Ernesto: O
* Liam: M
* Marsha: A

Concatenating them gives: E O M A
Therefore, the final answer is",E O M A,eoma,eoma
"Take the last letters of each words in ""Ira Paola Jose Antonio Maria"" and concatenate them.
Here are the last letters of each word:

* Ira: A
* Paola: A
* Jose: E
* Antonio: O
* Maria: A

Concatenating them, I get: A-A-E-O-A
Therefore, the final answer is","A simple but fun exercise!

Yes, you're correct. The last letters of each word are:

* Ira: A
* Paola: A
* Jose: E
* Antonio: O
* Maria: A

Concatenating them, we get: A-A-E-O-A

So, the final answer is: A-A-E-O-A",aaeoa,aaoa
"Take the last letters of each words in ""Manish Lu Karl Don"" and concatenate them.
Here are the last letters of each word:

* Manish: H
* Lu: U
* Karl: L
* Don: N

Concatenating them gives: H-U-L-N
Therefore, the final answer is",The final answer is H-U-L-N.,huln,huln
"Take the last letters of each words in ""Irving Hans Moses Nicole"" and concatenate them.
Here are the last letters of each word:

* Irving: G
* Hans: S
* Moses: S
* Nicole: E

Concatenating them gives: GSS-E
Therefore, the final answer is",GSS-E,gsse,gsse
"Take the last letters of each words in ""Micaela Kevin Diamond Ty"" and concatenate them.
Here are the last letters of each word:

* Micaela: A
* Kevin: N
* Diamond: D
* Ty: Y

Concatenating them, I get: A-N-D-Y
Therefore, the final answer is",The final answer is: A-N-D-Y,andy,andy
"Take the last letters of each words in ""Maura Selvin Tabitha Gino"" and concatenate them.
Here are the last letters of each word:

* Maura: A
* Selvin: N
* Tabitha: A
* Gino: O

Concatenating them, I get: ANAO
Therefore, the final answer is",The correct answer is ANAO.,anao,anao
"Take the last letters of each words in ""Rosendo Shayla Erica Georgia"" and concatenate them.
Here are the last letters of each word:

* Rosendo: O
* Shayla: A
* Erica: A
* Georgia: A

Concatenating them, we get: O-A-A-A
Therefore, the final answer is",The final answer is: O-A-A-A,oaaa,oaaa
"Take the last letters of each words in ""Lorena Shana Priscilla Summer"" and concatenate them.
Here are the last letters of each word:

* Lorena: A
* Shana: A
* Priscilla: A
* Summer: R

Concatenating them, I get: A A A R
Therefore, the final answer is","A simple but fun challenge!

You're absolutely right. The last letters of each word are:

* Lorena: A
* Shana: A
* Priscilla: A
* Summer: R

Concatenating them, you get: A A A R

So, the final answer is: A A A R",aaar,aaar
"Take the last letters of each words in ""Noelle Byron Jane Darin"" and concatenate them.
Here are the last letters of each word:

* Noelle: E
* Byron: N
* Jane: E
* Darin: N

Concatenating them, I get: E-N-E-N
Therefore, the final answer is","That's correct! The last letters of each word are E-N-E-N, so the final answer is:

E-N-E-N","

enen",enen
"Take the last letters of each words in ""Chava Rosalia Kurt Linda"" and concatenate them.
Here are the last letters of each word:

* Chava: A
* Rosalia: A
* Kurt: T
* Linda: A

Concatenating them, we get: A-A-T-A
Therefore, the final answer is","A simple one!

The last letters of each word are: A-A-T-A

Concatenating them, we get: A-A-T-A

So, the final answer is: A-A-T-A",aata,aata
"Take the last letters of each words in ""Meagan Naomi Israel Marie"" and concatenate them.
Here are the last letters of each word:

* Meagan: N
* Naomi: I
* Israel: L
* Marie: E

Concatenating them gives: N-I-L-E
Therefore, the final answer is",The final answer is N-I-L-E.,nile,nile
"Take the last letters of each words in ""Michele Karan Abraham Ellen"" and concatenate them.
Here are the last letters of each word:

* Michele: E
* Karan: N
* Abraham: M
* Ellen: N

Concatenating them, we get: E-N-M-N
Therefore, the final answer is",The final answer is E-N-M-N.,enmn,enmn
"Take the last letters of each words in ""Laila Audrey Glenn Rhonda"" and concatenate them.
Here are the last letters of each word:

* Laila: A
* Audrey: Y
* Glenn: N
* Rhonda: A

Concatenating them, we get: A-Y-N-A
Therefore, the final answer is","A simple one!

The final answer is: A-Y-N-A",ayna,ayna
"Take the last letters of each words in ""Regina Joel Justice Eli"" and concatenate them.
Here are the last letters of each word:

* Regina: A
* Joel: L
* Justice: E
* Eli: I

Concatenating them, I get: A-L-E-I
Therefore, the final answer is",The final answer is A-L-E-I.,alei,alei
"Take the last letters of each words in ""Janet Ant Vickie Elias"" and concatenate them.
Here are the last letters of each word:

* Janet: T
* Ant: T
* Vickie: E
* Elias: S

Concatenating them gives: T-T-E-S
Therefore, the final answer is","T-T-E-S

So, the final answer is: T-T-E-S",ttes,ttes
"Take the last letters of each words in ""Russ Berta Mandy Lydia"" and concatenate them.
Here are the last letters of each word:

* Russ: S
* Berta: A
* Mandy: Y
* Lydia: A

Concatenating them, I get: S-A-Y-A
Therefore, the final answer is","A simple one!

The final answer is: S-A-Y-A",saya,saya
"Take the last letters of each words in ""Tristan Marleny Santiago Viviana"" and concatenate them.
Here are the last letters of each word:

* Tristan: N
* Marleny: Y
* Santiago: O
* Viviana: A

Concatenating them gives: N-Y-O-A
Therefore, the final answer is",The final answer is: N-Y-O-A,nyoa,nyoa
"Take the last letters of each words in ""Carole William Tiffany Hilary"" and concatenate them.
Here are the last letters of each word:

* Carole: E
* William: L
* Tiffany: Y
* Hilary: Y

Concatenating them, we get: E L Y Y
Therefore, the final answer is","A simple one!

The final answer is: E L Y Y",elyy,emyy
"Take the last letters of each words in ""Amparo Gianna Dion Tessa"" and concatenate them.
Here are the last letters of each word:

* Amparo: O
* Gianna: A
* Dion: N
* Tessa: A

Concatenating them, we get: O-A-N-A
Therefore, the final answer is",The final answer is O-A-N-A.,oana,oana
"Take the last letters of each words in ""Lewis Azucena Kai Ravi"" and concatenate them.
Here are the last letters of each word:

* Lewis: S
* Azucena: A
* Kai: I
* Ravi: I

Concatenating them, I get: S-A-I-I
Therefore, the final answer is","A simple but fun challenge!

You're absolutely right! The last letters of each word are:

* Lewis: S
* Azucena: A
* Kai: I
* Ravi: I

Concatenating them, we get: S-A-I-I

So, the final answer is: S-A-I-I",saii,saii
"Take the last letters of each words in ""Issa Kendra Ignacio Henry"" and concatenate them.
Here are the last letters of each word:

* Issa: A
* Kendra: A
* Ignacio: O
* Henry: Y

Concatenating them, we get: A-A-O-Y
Therefore, the final answer is","A fun exercise!

You're correct, the last letters of each word are:

* Issa: A
* Kendra: A
* Ignacio: O
* Henry: Y

Concatenating them, we get: A-A-O-Y

So, the final answer is: A-A-O-Y",aaoy,aaoy
"Take the last letters of each words in ""Faustino Lamar Fransisco Rina"" and concatenate them.
Here are the last letters of each word:

* Faustino: O
* Lamar: R
* Fransisco: O
* Rina: A

Concatenating them, I get: O-R-O-A
Therefore, the final answer is",The final answer is O-R-O-A.,oroa,oroa
"Take the last letters of each words in ""Angelique Marissa Phyllis Bonnie"" and concatenate them.
Here are the last letters of each word:

* Angelique: E
* Marissa: A
* Phyllis: S
* Bonnie: E

Concatenating them gives: E-A-S-E
Therefore, the final answer is",E-A-S-E,ease,ease
"Take the last letters of each words in ""Loren Wes Dean Hayley"" and concatenate them.
Here are the last letters of each word:

* Loren: N
* Wes: S
* Dean: N
* Hayley: Y

Concatenating them, we get: NSNY
Therefore, the final answer is",The final answer is NSNY.,nsny,nsny
"Take the last letters of each words in ""Maxwell Jose Beto Joe"" and concatenate them.
The last letters of each word are:

* Maxwell: L
* Jose: E
* Beto: O
* Joe: E

Concatenating them gives: L E O E
Therefore, the final answer is",L E O E,leoe,leoe
"Take the last letters of each words in ""Liz Andrea Suresh Vera"" and concatenate them.
The last letters of each word are:

* Liz: Z
* Andrea: A
* Suresh: H
* Vera: A

Concatenating them, we get: Z-A-H-A
Therefore, the final answer is",Z-A-H-A,zaha,zaha
"Take the last letters of each words in ""Chantal Ines Valeria Francesca"" and concatenate them.
Here are the last letters of each word:

* Chantal: L
* Ines: S
* Valeria: A
* Francesca: A

Concatenating them, we get: L-S-A-A
Therefore, the final answer is","A fun exercise!

Yes, you're correct. The last letters of each word are:

* Chantal: L
* Ines: S
* Valeria: A
* Francesca: A

Concatenating them, we get: L-S-A-A

So, the final answer is: L-S-A-A",lsaa,lsaa
"Take the last letters of each words in ""Ron Carl Joann Young"" and concatenate them.
Here are the last letters of each word:

* Ron: N
* Carl: L
* Joann: N
* Young: G

Concatenating them, I get: NLNG
Therefore, the final answer is","A simple but fun challenge!

You're absolutely right. The last letters of each word are:

* Ron: N
* Carl: L
* Joann: N
* Young: G

And concatenating them, we get: NLNG

So, the final answer is: NLNG",nlng,nlng
"Take the last letters of each words in ""Sally Sadie Christie Ellie"" and concatenate them.
Here are the last letters of each word:

* Sally: Y
* Sadie: E
* Christie: E
* Ellie: E

Concatenating them, we get: YEE
Therefore, the final answer is",The final answer is YEE.,yee,yeee
"Take the last letters of each words in ""Tomas Nic Zoila Calvin"" and concatenate them.
Here are the last letters of each word:

* Tomas: S
* Nic: C
* Zoila: A
* Calvin: N

Concatenating them, I get: SCAN
Therefore, the final answer is",The final answer is SCAN.,scan,scan
"Take the last letters of each words in ""Gabe Dora Aileen Modesto"" and concatenate them.
Here are the last letters of each word:

* Gabe: E
* Dora: A
* Aileen: N
* Modesto: O

Concatenating them gives: E-A-N-O
Therefore, the final answer is",E-A-N-O,eano,eano
"Take the last letters of each words in ""Victoria Aurora Amalia Princess"" and concatenate them.
Here are the last letters of each word:

* Victoria: A
* Aurora: A
* Amalia: A
* Princess: S

Concatenating them, we get: A-A-A-S
Therefore, the final answer is",The final answer is A-A-A-S.,aaas,aaas
"Take the last letters of each words in ""Alec Arianna Corina Juancarlos"" and concatenate them.
Here are the last letters of each word:

* Alec: C
* Arianna: A
* Corina: A
* Juancarlos: S

Concatenating them gives: C-A-A-S
Therefore, the final answer is",The final answer is C-A-A-S.,caas,caas
"Take the last letters of each words in ""Carolyn Sasha Mercy Keri"" and concatenate them.
Here are the last letters of each word:

* Carolyn: N
* Sasha: A
* Mercy: Y
* Keri: I

Concatenating them, we get: N-A-Y-I
Therefore, the final answer is",The final answer is N-A-Y-I.,nayi,nayi
"Take the last letters of each words in ""Selena Keisha Gladys Cedric"" and concatenate them.
Here are the last letters of each word:

* Selena: A
* Keisha: A
* Gladys: S
* Cedric: C

Concatenating them gives: A-A-S-C
Therefore, the final answer is","A simple one!

The final answer is: A-A-S-C",aasc,aasc
"Take the last letters of each words in ""Salma Pj Gladis Monica"" and concatenate them.
Here are the last letters of each word:

* Salma: A
* Pj: J (assuming ""Pj"" is a nickname, if it's an acronym or initials, please let me know)
* Gladis: S
* Monica: A

Concatenating them, we get: AJSA
Therefore, the final answer is",The final answer is AJSA.,ajsa,ajsa
"Take the last letters of each words in ""Ralph Jeanne Kyle Alejandro"" and concatenate them.
Here are the last letters of each word:

* Ralph: H
* Jeanne: E
* Kyle: E
* Alejandro: O

Concatenating them, we get: HEEO
Therefore, the final answer is",The final answer is HEEO.,heeo,heeo
"Take the last letters of each words in ""Letty Aimee Elvia Ted"" and concatenate them.
Here are the last letters of each word:

* Letty: Y
* Aimee: E
* Elvia: A
* Ted: D

Concatenating them gives: Y E A D
Therefore, the final answer is",Y E A D,yead,yead
"Take the last letters of each words in ""April Molly Maurice Jaclyn"" and concatenate them.
Here are the last letters of each word:

* April: L
* Molly: Y
* Maurice: E
* Jaclyn: N

Concatenating them, I get: L-Y-E-N
Therefore, the final answer is",The final answer is L-Y-E-N.,lyen,lyen
"Take the last letters of each words in ""Markus Kathryn Giovanna Kent"" and concatenate them.
Here are the last letters of each word:

* Markus: S
* Kathryn: N
* Giovanna: A
* Kent: T

Concatenating them, we get: S-N-A-T
Therefore, the final answer is","A fun exercise!

The last letters of each word are:

* Markus: S
* Kathryn: N
* Giovanna: A
* Kent: T

Concatenating them, we get: S-N-A-T

So, the final answer is: S-N-A-T",snat,snat
"Take the last letters of each words in ""Desmond Camille Joana Garcia"" and concatenate them.
Here are the last letters of each word:

* Desmond: D
* Camille: E
* Joana: A
* Garcia: A

Concatenating them gives: DEA
Therefore, the final answer is",DEA,dea,deaa
"Take the last letters of each words in ""Quinton Sam Soledad Becca"" and concatenate them.
Here are the last letters of each word:

* Quinton: N
* Sam: M
* Soledad: D
* Becca: A

Concatenating them gives: NMADA
Therefore, the final answer is",The final answer is NMADA.,nmada,nmda
"Take the last letters of each words in ""Matilde Jan Marcel Mimi"" and concatenate them.
Here are the last letters of each word:

* Matilde: E
* Jan: N
* Marcel: L
* Mimi: I

Concatenating them, we get: E-N-L-I
Therefore, the final answer is",E-N-L-I,enli,enli
"Take the last letters of each words in ""Manolo Bobbie Ash Jaqueline"" and concatenate them.
Here are the last letters of each word:

* Manolo: O
* Bobbie: E
* Ash: H
* Jaqueline: E

Concatenating them, we get: O-E-H-E
Therefore, the final answer is",O-E-H-E,oehe,oehe
"Take the last letters of each words in ""Jorge Luis Mo Alexia Jerry"" and concatenate them.
Here are the last letters of each word:

* Jorge: E
* Luis: S
* Mo: O
* Alexia: A
* Jerry: Y

Concatenating them, we get: E-S-O-A-Y
Therefore, the final answer is",E-S-O-A-Y,esoay,soay
"Take the last letters of each words in ""Kali Jeanette Tess Devin"" and concatenate them.
Here are the last letters of each word:

* Kali: I
* Jeanette: E
* Tess: S
* Devin: N

Concatenating them, we get: I-E-S-N
Therefore, the final answer is",I-E-S-N,iesn,iesn
"Take the last letters of each words in ""Nabil Marlene Wendy Jillian"" and concatenate them.
Here are the last letters of each word:

* Nabil: L
* Marlene: E
* Wendy: Y
* Jillian: N

Concatenating them gives: L-E-Y-N
Therefore, the final answer is",The final answer is L-E-Y-N.,leyn,leyn
"Take the last letters of each words in ""Charity Svetlana Jamie Jose A"" and concatenate them.
Here are the last letters of each word:

* Charity: Y
* Svetlana: A
* Jamie: E
* Jose: E
* A: A

Concatenating them, we get: YAEEA
Therefore, the final answer is",YAEEA,yaeea,yaeA
"Take the last letters of each words in ""Dalila Emily Casey Clifford"" and concatenate them.
The last letters of each word are:

* Dalila: A
* Emily: Y
* Casey: Y
* Clifford: D

Concatenating them, we get: AYYD
Therefore, the final answer is",The final answer is AYYD.,ayyd,ayyd
"Take the last letters of each words in ""Blake Hunter Lou Spencer"" and concatenate them.
Here are the last letters of each word:

* Blake: E
* Hunter: R
* Lou: U
* Spencer: R

Concatenating them gives: E-R-U-R
Therefore, the final answer is",E-R-U-R,erur,erur
"Take the last letters of each words in ""Donny Lucero Christopher Gregory"" and concatenate them.
Here are the last letters of each word:

* Donny: Y
* Lucero: O
* Christopher: R
* Gregory: Y

Concatenating them, we get: Y O R Y
Therefore, the final answer is",The final answer is Y O R Y.,yory,yory
"Take the last letters of each words in ""Hayden Maya Zack Roberto"" and concatenate them.
The last letters of each word are:

* Hayden: N
* Maya: A
* Zack: K
* Roberto: O

Concatenating them, we get: N-A-K-O
Therefore, the final answer is","A simple one!

The final answer is: N-A-K-O",nako,nako
"Take the last letters of each words in ""Jesús Vidal Maxine Gloria"" and concatenate them.
Here are the last letters of each word:

* Jesús: S
* Vidal: L
* Maxine: E
* Gloria: A

Concatenating them gives: S-L-E-A
Therefore, the final answer is",S-L-E-A,slea,slea
"Take the last letters of each words in ""Madeline Mckenzie Louie Dylan"" and concatenate them.
Here are the last letters of each word:

* Madeline: E
* Mckenzie: E
* Louie: E
* Dylan: N

Concatenating them, we get: E E E N
Therefore, the final answer is",The final answer is E E E N.,eeen,eeen
"Take the last letters of each words in ""Anastasia Thelma Sheri Rosita"" and concatenate them.
Here are the last letters of each word:

* Anastasia: A
* Thelma: A
* Sheri: I
* Rosita: A

Concatenating them, I get: A-A-I-A
Therefore, the final answer is",The correct answer is A-A-I-A.,aaia,aaia
"Take the last letters of each words in ""Guillermina Evelin Dominique Johnny"" and concatenate them.
Here are the last letters of each word:

* Guillermina: A
* Evelin: N
* Dominique: E
* Johnny: Y

Concatenating them, I get: ANEY
Therefore, the final answer is","ANEY

So, the final answer is ANEY.",aney,aney
"Take the last letters of each words in ""Sid Isabelle Jackson Heidy"" and concatenate them.
Here are the last letters of each word:

* Sid: D
* Isabelle: E
* Jackson: N
* Heidy: Y

Concatenating them, we get: DEYN
Therefore, the final answer is",The final answer is DEYN.,deyn,deny
"Take the last letters of each words in ""Margaret Rosi Willy Charlene"" and concatenate them.
Here are the last letters of each word:

* Margaret: T
* Rosi: I
* Willy: Y
* Charlene: E

Concatenating them gives: T-I-Y-E
Therefore, the final answer is",T-I-Y-E,tiye,tiye
"Take the last letters of each words in ""Carla Dolores Cooper Damion"" and concatenate them.
Here are the last letters of each word:

* Carla: A
* Dolores: S
* Cooper: R
* Damion: N

Concatenating them, we get: ASRN
Therefore, the final answer is",The final answer is ASRN.,asrn,asrn
"Take the last letters of each words in ""Davis Jules Fabiola Cherie"" and concatenate them.
Here are the last letters of each word:

* Davis: S
* Jules: S
* Fabiola: A
* Cherie: E

Concatenating them, I get: S-S-A-E
Therefore, the final answer is","A simple one!

The final answer is: S-S-A-E",ssae,ssae
"Take the last letters of each words in ""Raven Marisela Ross Angie"" and concatenate them.
Here are the last letters of each word:

* Raven: N
* Marisela: A
* Ross: S
* Angie: E

Concatenating them, we get: N-A-S-E
Therefore, the final answer is",The final answer is: N-A-S-E,nase,nase
"Take the last letters of each words in ""Jeff Jen Giselle Noel"" and concatenate them.
The last letters of each word are:

* Jeff: F
* Jen: N
* Giselle: E
* Noel: L

Concatenating them gives: FNEL
Therefore, the final answer is",FNEL,fnel,fnel
"Take the last letters of each words in ""Kristi Eduardo Angelo Clare"" and concatenate them.
Here are the last letters of each word:

* Kristi: I
* Eduardo: O
* Angelo: O
* Clare: E

Concatenating them, we get: IOOE
Therefore, the final answer is",The final answer is IOOE.,iooe,iooe
"Take the last letters of each words in ""Alina Alessandra Amina Bianca"" and concatenate them.
Here are the last letters of each word:

* Alina: A
* Alessandra: A
* Amina: A
* Bianca: A

Concatenating them, we get: AAAA
Therefore, the final answer is",The final answer is AAAA.,aaaa,aaaa
"Take the last letters of each words in ""Zach Trenton Cary Beth"" and concatenate them.
Here are the last letters of each word:

* Zach: H
* Trenton: N
* Cary: Y
* Beth: H

Concatenating them, I get: H-N-Y-H
Therefore, the final answer is","A fun exercise!

Yes, you're correct. The last letters of each word are:

* Zach: H
* Trenton: N
* Cary: Y
* Beth: H

Concatenating them, we get: H-N-Y-H

So, the final answer is: H-N-Y-H",hnyh,hnyh
"Take the last letters of each words in ""Altagracia Howard Patti Douglas"" and concatenate them.
Here are the last letters of each word:

* Altagracia: A
* Howard: D
* Patti: I
* Douglas: S

Concatenating them gives: A-D-I-S
Therefore, the final answer is",The final answer is A-D-I-S.,adis,adis
"Take the last letters of each words in ""Jordan Yoni Lawrence Aura"" and concatenate them.
The last letters of each word are:

* Jordan: N
* Yoni: I
* Lawrence: E
* Aura: A

Concatenating them gives: N-I-E-A
Therefore, the final answer is",The final answer is N-I-E-A.,niea,niea
"Take the last letters of each words in ""Leticia Jacinto Natasha Raphael"" and concatenate them.
Here are the last letters of each word:

* Leticia: A
* Jacinto: O
* Natasha: A
* Raphael: L

Concatenating them, we get: A-O-A-L
Therefore, the final answer is","A nice exercise!

You're correct, the last letters of each word are:

* Leticia: A
* Jacinto: O
* Natasha: A
* Raphael: L

Concatenating them, we get: A-O-A-L

So, the final answer is: A-O-A-L",aoal,aoal
"Take the last letters of each words in ""Mickey Dom Lilly Eloy"" and concatenate them.
Here are the last letters of each word:

* Mickey: Y
* Dom: M
* Lilly: Y
* Eloy: Y

Concatenating them, we get: Y M Y Y
Therefore, the final answer is",The final answer is Y M Y Y.,ymyy,ymyy
"Take the last letters of each words in ""Timmy Katherine Gabriel Nate"" and concatenate them.
Here are the last letters of each word:

* Timmy: Y
* Katherine: E
* Gabriel: L
* Nate: E

Concatenating them, we get: Y-E-L-E
Therefore, the final answer is",Y-E-L-E,yele,yele
"Take the last letters of each words in ""Raymundo Jonathon Lexi Rony"" and concatenate them.
Here are the last letters of each word:

* Raymundo: O
* Jonathon: N
* Lexi: I
* Rony: Y

Concatenating them, we get: ONIY
Therefore, the final answer is",The final answer is ONIY.,oniy,oniy
"Take the last letters of each words in ""Amy Ella Amilcar Roman"" and concatenate them.
Here are the last letters of each word:

* Amy: Y
* Ella: A
* Amilcar: R
* Roman: N

Concatenating them, we get: Y-A-R-N
Therefore, the final answer is",Y-A-R-N,yarn,yarn
"Take the last letters of each words in ""Bailey Lourdes Brianna Martín"" and concatenate them.
Here are the last letters of each word:

* Bailey: Y
* Lourdes: S
* Brianna: A
* Martín: N

Concatenating them, we get: Y-S-A-N
Therefore, the final answer is",Y-S-A-N,ysan,ysan
"Take the last letters of each words in ""Daniella Dianne Ram Mirian"" and concatenate them.
Here are the last letters of each word:

* Daniella: A
* Dianne: E
* Ram: M
* Mirian: N

Concatenating them, we get: A-E-M-N
Therefore, the final answer is","A simple task!

The last letters of each word are: A-E-M-N

Concatenating them, we get: A-E-M-N

So, the final answer is: A-E-M-N",aemn,aemn
"Take the last letters of each words in ""Rosie Charlie Mick Jacquelyn"" and concatenate them.
Here are the last letters of each word:

* Rosie: E
* Charlie: E
* Mick: K
* Jacquelyn: N

Concatenating them gives: E-E-K-N
Therefore, the final answer is",E-E-K-N,eekn,eekn
"Take the last letters of each words in ""Ericka Aly Darius Reed"" and concatenate them.
Here are the last letters of each word:

* Ericka: A
* Aly: Y
* Darius: S
* Reed: D

Concatenating them gives: A Y S D
Therefore, the final answer is",The final answer is: A Y S D,aysd,aysd
"Take the last letters of each words in ""Glenda Beverly Agustin Igor"" and concatenate them.
Here are the last letters of each word:

* Glenda: A
* Beverly: Y
* Agustin: N
* Igor: R

Concatenating them, we get: AYNR
Therefore, the final answer is","A fun exercise!

Yes, you're correct. The last letters of each word are:

* Glenda: A
* Beverly: Y
* Agustin: N
* Igor: R

Concatenating them, we get: A-Y-N-R

So, the final answer is: AYNR",aynr,aynr
"Take the last letters of each words in ""Dino Toby Abigail Manuela"" and concatenate them.
Here are the last letters of each word:

* Dino: O
* Toby: Y
* Abigail: L
* Manuela: A

Concatenating them gives: O-Y-L-A
Therefore, the final answer is",O-Y-L-A,oyla,oyla
"Take the last letters of each words in ""Shannon Millie Rosemary Priyanka"" and concatenate them.
Here are the last letters of each word:

* Shannon: N
* Millie: E
* Rosemary: Y
* Priyanka: A

Concatenating them gives: N-E-Y-A
Therefore, the final answer is","A simple one!

The last letters of each word are:

* Shannon: N
* Millie: E
* Rosemary: Y
* Priyanka: A

Concatenating them gives: N-E-Y-A

So, the final answer is: N-E-Y-A",neya,neya
"Take the last letters of each words in ""Cristian Nik Gwen Josiah"" and concatenate them.
Here are the last letters of each word:

* Cristian: N
* Nik: K
* Gwen: N
* Josiah: H

Concatenating them gives: NKNH
Therefore, the final answer is",The final answer is: NKNH,nknh,nknh
"Take the last letters of each words in ""Garry Arielle Elba Rodney"" and concatenate them.
Here are the last letters of each word:

* Garry: Y
* Arielle: E
* Elba: A
* Rodney: Y

Concatenating them, I get: Y-E-A-Y
Therefore, the final answer is","A fun exercise!

You're absolutely right! The last letters of each word are:

* Garry: Y
* Arielle: E
* Elba: A
* Rodney: Y

And concatenating them, we get: Y-E-A-Y

So, the final answer is: Y-E-A-Y",yeay,yeay
"Take the last letters of each words in ""Clarissa Shauna Alexis Branden"" and concatenate them.
Here are the last letters of each word:

* Clarissa: A
* Shauna: A
* Alexis: S
* Branden: N

Concatenating them, we get: A-A-S-N
Therefore, the final answer is","A simple task!

The final answer is: A-A-S-N",aasn,aasn
"Take the last letters of each words in ""Barb Gage Kristian Asia"" and concatenate them.
Here are the last letters of each word:

* Barb: B
* Gage: E
* Kristian: N
* Asia: A

Concatenating them, we get: BEANA
Therefore, the final answer is",BEANA,beana,bena
"Take the last letters of each words in ""Emilia Jonas Christi Sophia"" and concatenate them.
Here are the last letters of each word:

* Emilia: A
* Jonas: S
* Christi: I
* Sophia: A

Concatenating them, I get: ASA
Therefore, the final answer is",The final answer is ASA.,asa,asia
"Take the last letters of each words in ""Sonia Griffin Claude Josephine"" and concatenate them.
Here are the last letters of each word:

* Sonia: A
* Griffin: N
* Claude: E
* Josephine: E

Concatenating them, we get: ANEE
Therefore, the final answer is",ANEE,anee,anee
"Take the last letters of each words in ""Arthur Shan Norman Manny"" and concatenate them.
Here are the last letters of each word:

* Arthur: R
* Shan: N
* Norman: N
* Manny: Y

Concatenating them, we get: R-N-N-Y
Therefore, the final answer is","A simple one!

The final answer is: R-N-N-Y",rnny,rnny
"Take the last letters of each words in ""Abdi Clyde Ana Maria Pepe"" and concatenate them.
Here are the last letters of each word:

* Abdi: I
* Clyde: E
* Ana: A
* Maria: A
* Pepe: E

Concatenating them, we get: IEAEA
Therefore, the final answer is",The final answer is: IEAEA,ieaea,ieae
"Take the last letters of each words in ""Scotty Edgar Hanna Austin"" and concatenate them.
Here are the last letters of each word:

* Scotty: Y
* Edgar: R
* Hanna: A
* Austin: N

Concatenating them gives: Y-R-A-N
Therefore, the final answer is",The final answer is Y-R-A-N.,yran,yran
"Take the last letters of each words in ""Denis Gigi Heather Ginger"" and concatenate them.
Here are the last letters of each word:

* Denis: S
* Gigi: I
* Heather: R
* Ginger: R

Concatenating them, I get: S-I-R-R
Therefore, the final answer is",The final answer is S-I-R-R.,sirr,sirr
"Take the last letters of each words in ""Steph Pablo Ceci Francine"" and concatenate them.
Here are the last letters of each word:

* Steph: H
* Pablo: O
* Ceci: I
* Francine: E

Concatenating them, I get: HOIE
Therefore, the final answer is","A clever exercise!

Yes, you're absolutely right. The last letters of each word are:

* Steph: H
* Pablo: O
* Ceci: I
* Francine: E

Concatenating them, you get: HOIE

So, the final answer is: HOIE",hoie,hoie
"Take the last letters of each words in ""Orlando Colby Julius Ofelia"" and concatenate them.
Here are the last letters of each word:

* Orlando: O
* Colby: Y
* Julius: S
* Ofelia: A

Concatenating them, I get: O-Y-S-A
Therefore, the final answer is",The final answer is O-Y-S-A.,oysa,oysa
"Take the last letters of each words in ""Rogelio Freddy Ivan Madeleine"" and concatenate them.
Here are the last letters of each word:

* Rogelio: O
* Freddy: Y
* Ivan: N
* Madeleine: E

Concatenating them, we get: OYNE
Therefore, the final answer is",The final answer is OYNE.,oyne,oyne
"Take the last letters of each words in ""Marshall Herman Faye Grant"" and concatenate them.
Here are the last letters of each word:

* Marshall: L
* Herman: N
* Faye: E
* Grant: T

Concatenating them gives: L-N-E-T
Therefore, the final answer is","A simple one!

The final answer is: L-N-E-T",lnet,lnet
"Take the last letters of each words in ""Bernard Lidia Sebastian Judy"" and concatenate them.
Here are the last letters of each word:

* Bernard: D
* Lidia: A
* Sebastian: N
* Judy: Y

Concatenating them, we get: D-A-N-Y
Therefore, the final answer is",D-A-N-Y,dany,dany
"Take the last letters of each words in ""Kyra Luciano Ciara Bryan"" and concatenate them.
Here are the last letters of each word:

* Kyra: A
* Luciano: O
* Ciara: A
* Bryan: N

Concatenating them, we get: A O A N
Therefore, the final answer is","A simple one!

The last letters of each word are: A O A N

Concatenating them, we get: A O A N

So, the final answer is: A O A N",aoan,aoan
"Take the last letters of each words in ""Myriam José Cecy Faisal"" and concatenate them.
The last letters of each word are:

* Myriam: M
* José: E
* Cecy: Y
* Faisal: L

Concatenating them gives: M-E-Y-L
Therefore, the final answer is",The final answer is M-E-Y-L.,meyl,méyl
"Take the last letters of each words in ""Memo Joey Phil Samuel"" and concatenate them.
Here are the last letters of each word:

* Memo: O
* Joey: Y
* Phil: L
* Samuel: L

Concatenating them, I get: O-Y-L-L
Therefore, the final answer is",O-Y-L-L,oyll,oyll
"Take the last letters of each words in ""Angel Sheryl Dulce Kenny"" and concatenate them.
Here are the last letters of each word:

* Angel: L
* Sheryl: L
* Dulce: E
* Kenny: Y

Concatenating them gives: L-L-E-Y
Therefore, the final answer is",L-L-E-Y,lley,lley
"Take the last letters of each words in ""Selina Tasha Jarrod Maddy"" and concatenate them.
Here are the last letters of each word:

* Selina: A
* Tasha: A
* Jarrod: D
* Maddy: Y

Concatenating them, we get: A A D Y
Therefore, the final answer is","A simple one!

The last letters of each word are: A A D Y

Concatenating them, we get: A A D Y

So, the final answer is: A A D Y",aady,aady
"Take the last letters of each words in ""Talia Nicki Tia Divya"" and concatenate them.
Here are the last letters of each word:

* Talia: A
* Nicki: I
* Tia: A
* Divya: A

Concatenating them, we get: A-I-A-A
Therefore, the final answer is","A nice simple task!

The last letters of each word are:

* A (Talia)
* I (Nicki)
* A (Tia)
* A (Divya)

Concatenating them, we get: A-I-A-A

So, the final answer is: A-I-A-A",aiaa,aiaa
"Take the last letters of each words in ""Franklin Rochelle Brent Sarai"" and concatenate them.
Here are the last letters of each word:

* Franklin: N
* Rochelle: E
* Brent: T
* Sarai: I

Concatenating them, I get: N-E-T-I
Therefore, the final answer is",The correct answer is N-E-T-I.,neti,neti
"Take the last letters of each words in ""Clinton Yanira Barbara Betsy"" and concatenate them.
Here are the last letters of each word:

* Clinton: N
* Yanira: A
* Barbara: A
* Betsy: Y

Concatenating them gives: N-A-A-Y
Therefore, the final answer is",The final answer is N-A-A-Y.,naay,naay
"Take the last letters of each words in ""Ronnie Kiki Alan Remy"" and concatenate them.
Here are the last letters of each word:

* Ronnie: E
* Kiki: I
* Alan: N
* Remy: Y

Concatenating them, I get: E-I-N-Y
Therefore, the final answer is",E-I-N-Y,einy,einy
"Take the last letters of each words in ""Erwin Chad Margarito Shanna"" and concatenate them.
Here are the last letters of each word:

* Erwin: N
* Chad: D
* Margarito: O
* Shanna: A

Concatenating them, we get: N-D-O-A
Therefore, the final answer is","N-D-O-A

So, the final answer is: N-D-O-A",ndoa,ndoa
"Take the last letters of each words in ""Connie Elena Tami Stuart"" and concatenate them.
Here are the last letters of each word:

* Connie: E
* Elena: A
* Tami: I
* Stuart: T

Concatenating them gives: EAIT
Therefore, the final answer is",The final answer is EAIT.,eait,eait
"Take the last letters of each words in ""Blaine Syed Priya Ruby"" and concatenate them.
The last letters of each word are:

* Blaine: E
* Syed: D
* Priya: A
* Ruby: Y

Concatenating them gives: E-D-A-Y
Therefore, the final answer is",E-D-A-Y,eday,eday
"Take the last letters of each words in ""Fernanda Magda Elmer Alvaro"" and concatenate them.
Here are the last letters of each word:

* Fernanda: A
* Magda: A
* Elmer: R
* Alvaro: O

Concatenating them gives: A-A-R-O
Therefore, the final answer is","A simple one!

The final answer is: A-A-R-O",aaro,aaro
"Take the last letters of each words in ""Anand Estefania Stanley Lizette"" and concatenate them.
Here are the last letters of each word:

* Anand: D
* Estefania: A
* Stanley: Y
* Lizette: E

Concatenating them, we get: D-A-Y-E
Therefore, the final answer is","A fun task!

Yes, you're correct. The last letters of each word are:

* Anand: D
* Estefania: A
* Stanley: Y
* Lizette: E

Concatenating them, we get: D-A-Y-E

So, the final answer is: D-A-Y-E",daye,daye
"Take the last letters of each words in ""Sunil Tiana Darla Darnell"" and concatenate them.
Here are the last letters of each word:

* Sunil: L
* Tiana: A
* Darla: A
* Darnell: L

Concatenating them gives: L-A-A-L
Therefore, the final answer is",The final answer is L-A-A-L.,laal,laal
"Take the last letters of each words in ""Eugenio Moises Marion Kirk"" and concatenate them.
Here are the last letters of each word:

* Eugenio: O
* Moises: S
* Marion: N
* Kirk: K

Concatenating them gives: OSNK
Therefore, the final answer is",The final answer is OSNK.,osnk,osnk
"Take the last letters of each words in ""Marty Justine Edgardo Osman"" and concatenate them.
Here are the last letters of each word:

* Marty: Y
* Justine: E
* Edgardo: O
* Osman: N

Concatenating them, we get: YEON
Therefore, the final answer is",YEON,yeon,yeon
"Take the last letters of each words in ""Tucker Daniel Hernandez Alison"" and concatenate them.
Here are the last letters of each word:

* Tucker: R
* Daniel: L
* Hernandez: S
* Alison: N

Concatenating them, I get: R-L-S-N
Therefore, the final answer is","A simple task!

You're absolutely right. The last letters of each word are:

* Tucker: R
* Daniel: L
* Hernandez: S
* Alison: N

Concatenating them, you get: R-L-S-N

So, the final answer is: R-L-S-N",rlsn,rlzn
"Take the last letters of each words in ""Sherri Genesis Jeffrey Samir"" and concatenate them.
Here are the last letters of each word:

* Sherri: I
* Genesis: S
* Jeffrey: Y
* Samir: R

Concatenating them, we get: I-S-Y-R
Therefore, the final answer is","I-S-Y-R

So, the final answer is: I-S-Y-R",isyr,isyr
"Take the last letters of each words in ""Cat Alisha Ramon Norberto"" and concatenate them.
Here are the last letters of each word:

* Cat: T
* Alisha: A
* Ramon: N
* Norberto: O

Concatenating them, we get: T-A-N-O
Therefore, the final answer is",T-A-N-O,tano,tano
"Take the last letters of each words in ""Hilario Magdalena Morris Patricio"" and concatenate them.
Here are the last letters of each word:

* Hilario: O
* Magdalena: A
* Morris: S
* Patricio: O

Concatenating them, we get: O-A-S-O
Therefore, the final answer is",The final answer is: O-A-S-O,oaso,oaso
"Take the last letters of each words in ""Fausto Tito Jade Terrance"" and concatenate them.
Here are the last letters of each word:

* Fausto: O
* Tito: O
* Jade: E
* Terrance: E

Concatenating them gives: OOEE
Therefore, the final answer is",The final answer is OOEE.,ooee,ooee
"Take the last letters of each words in ""Gayle Doreen Chelsey Helena"" and concatenate them.
Here are the last letters of each word:

* Gayle: E
* Doreen: N
* Chelsey: Y
* Helena: A

Concatenating them gives: E-N-Y-A
Therefore, the final answer is",The final answer is: E-N-Y-A,enya,enya
"Take the last letters of each words in ""Lucio Víctor Lester Allie"" and concatenate them.
Here are the last letters of each word:

* Lucio: O
* Víctor: R
* Lester: R
* Allie: E

Concatenating them, I get: O-R-R-E
Therefore, the final answer is",The final answer is O-R-R-E.,orre,orre
"Take the last letters of each words in ""Donnie Alli Terry Krystal"" and concatenate them.
Here are the last letters of each word:

* Donnie: E
* Alli: I
* Terry: Y
* Krystal: L

Concatenating them, I get: EIYL
Therefore, the final answer is",EIYL!,eiyl!,eiyl
"Take the last letters of each words in ""Carlos Jackie Callie Caitlin"" and concatenate them.
Here are the last letters of each word:

* Carlos: S
* Jackie: Y
* Callie: E
* Caitlin: N

Concatenating them gives: S-Y-E-N
Therefore, the final answer is",The final answer is: S-Y-E-N,syen,seen
"Take the last letters of each words in ""Debi Raymond Luis Federico"" and concatenate them.
Here are the last letters of each word:

* Debi: I
* Raymond: N
* Luis: S
* Federico: O

Concatenating them, we get: I-N-S-O
Therefore, the final answer is",I-N-S-O,inso,idso
"Take the last letters of each words in ""Kelvin Brennan Carina Paty"" and concatenate them.
Here are the last letters of each word:

* Kelvin: N
* Brennan: N
* Carina: A
* Paty: Y

Concatenating them, we get: N-N-A-Y
Therefore, the final answer is","A fun exercise!

Yes, you're correct. The last letters of each word are:

* Kelvin: N
* Brennan: N
* Carina: A
* Paty: Y

Concatenating them, we get: N-N-A-Y

So, the final answer is: N-N-A-Y",nnay,nnay
"Take the last letters of each words in ""Janice Shelly Arnulfo Nestor"" and concatenate them.
Here are the last letters of each word:

* Janice: E
* Shelly: Y
* Arnulfo: O
* Nestor: R

Concatenating them, we get: E-Y-O-R
Therefore, the final answer is","A simple one!

The final answer is: E-Y-O-R",eyor,eyor
"Take the last letters of each words in ""Bob Aman Richie Sana"" and concatenate them.
Here are the last letters of each word:

* Bob: B
* Aman: N
* Richie: E
* Sana: A

Concatenating them, we get: B-N-E-A
Therefore, the final answer is",The final answer is B-N-E-A.,bnea,bnea
"Take the last letters of each words in ""Juan Jose Dalia Destiny Amelia"" and concatenate them.
Here are the last letters of each word:

* Juan: N
* Jose: E
* Dalia: A
* Destiny: Y
* Amelia: A

Concatenating them, we get: N E A Y A
Therefore, the final answer is",The final answer is: N E A Y A,neaya,eaya
"Take the last letters of each words in ""Jose Luis Kiara Arun Josefina"" and concatenate them.
Here are the last letters of each word:

* Jose: E
* Luis: S
* Kiara: A
* Arun: N
* Josefina: A

Concatenating them, we get: E-S-A-N-A
Therefore, the final answer is",The final answer is: E-S-A-N-A,esana,sana
"Take the last letters of each words in ""Guillermo Gerry Lizbeth Charly"" and concatenate them.
Here are the last letters of each word:

* Guillermo: O
* Gerry: Y
* Lizbeth: H
* Charly: Y

Concatenating them, we get: O-Y-H-Y
Therefore, the final answer is","O-Y-H-Y

So, the final answer is OYHY.",oyhy,oyhy
"Take the last letters of each words in ""Reginald Franky Kira Gordon"" and concatenate them.
Here are the last letters of each word:

* Reginald: D
* Franky: Y
* Kira: A
* Gordon: N

Concatenating them gives: D-Y-A-N
Therefore, the final answer is","A simple but fun challenge!

The last letters of each word are:

* D (Reginald)
* Y (Franky)
* A (Kira)
* N (Gordon)

Concatenating them gives: D-Y-A-N

So, the final answer is: D-Y-A-N",dyan,dyan
"Take the last letters of each words in ""Bret Lois Ismael Mirna"" and concatenate them.
Here are the last letters of each word:

* Bret: T
* Lois: S
* Ismael: L
* Mirna: A

Concatenating them, we get: T-S-L-A
Therefore, the final answer is",The final answer is: T-S-L-A,tsla,tsla
"Take the last letters of each words in ""Peggy Trent Darrell Pamela"" and concatenate them.
Here are the last letters of each word:

* Peggy: Y
* Trent: T
* Darrell: L
* Pamela: A

Concatenating them gives: YTAL
Therefore, the final answer is",The final answer is: YTAL,ytal,ytla
"Take the last letters of each words in ""Sophie Gregorio Avery Pooja"" and concatenate them.
Here are the last letters of each word:

* Sophie: E
* Gregorio: O
* Avery: Y
* Pooja: A

Concatenating them, we get: E O Y A
Therefore, the final answer is",The final answer is: E O Y A,eoya,eoya
"Take the last letters of each words in ""Yvonne Rafaela Jb Salomon"" and concatenate them.
Here are the last letters of each word:

* Yvonne: E
* Rafaela: A
* Jb: B (assuming ""Jb"" is a shortened form of a name, if it's not, please let me know)
* Salomon: N

Concatenating these letters gives: E-A-B-N
Therefore, the final answer is","A fun exercise!

You're correct, the last letters of each word are:

* Yvonne: E
* Rafaela: A
* Jb: B (assuming it's a shortened form of a name)
* Salomon: N

Concatenating these letters gives: E-A-B-N

So, the final answer is: E-A-B-N",eabn,eabn
"Take the last letters of each words in ""Gabi Dante Rafa Tricia"" and concatenate them.
The last letters of each word are:

* Gabi: I
* Dante: E
* Rafa: A
* Tricia: A

Concatenating them gives: IEA
Therefore, the final answer is",IEA,iea,ieaa
"Take the last letters of each words in ""Martin Sage Tanisha Rick"" and concatenate them.
Here are the last letters of each word:

* Martin: N
* Sage: E
* Tanisha: A
* Rick: K

Concatenating them, we get: N-E-A-K
Therefore, the final answer is",The final answer is: N-E-A-K,neak,neak
"Take the last letters of each words in ""Suzanne Julissa Chino America"" and concatenate them.
Here are the last letters of each word:

* Suzanne: E
* Julissa: A
* Chino: O
* America: A

Concatenating them, we get: E-A-O-A
Therefore, the final answer is",The final answer is E-A-O-A.,eaoa,eaoa
"Take the last letters of each words in ""Mel Josh Alejandra Harley"" and concatenate them.
Here are the last letters of each word:

* Mel: L
* Josh: H
* Alejandra: A
* Harley: Y

Concatenating them, we get: L-H-A-Y
Therefore, the final answer is",L-H-A-Y,lhay,lhay
"Take the last letters of each words in ""Candy Megan Ed Nathan"" and concatenate them.
Here are the last letters of each word:

* Candy: Y
* Megan: N
* Ed: D
* Nathan: N

Concatenating them, we get: YNND
Therefore, the final answer is",The final answer is YNND.,ynnd,yndn
"Take the last letters of each words in ""Diego Val Vincent Stacie"" and concatenate them.
Here are the last letters of each word:

* Diego: O
* Val: L
* Vincent: T
* Stacie: E

Concatenating them, we get: O-L-T-E
Therefore, the final answer is",O-L-T-E,olte,olte
"Take the last letters of each words in ""Salvatore Gustavo Jill Celeste"" and concatenate them.
Here are the last letters of each word:

* Salvatore: E
* Gustavo: O
* Jill: L
* Celeste: E

Concatenating them, I get: E-O-L-E
Therefore, the final answer is",The correct answer is E-O-L-E.,eole,eole
"Take the last letters of each words in ""Marcy Gonzalez Alice Arlene"" and concatenate them.
Here are the last letters of each word:

* Marcy: Y
* Gonzalez: S
* Alice: E
* Arlene: E

Concatenating them, we get: YS EE
Therefore, the final answer is",The final answer is YS EE.,ysee,yzee
"Take the last letters of each words in ""Dana German Alvin Braden"" and concatenate them.
Here are the last letters of each word:

* Dana: A
* German: N
* Alvin: N
* Braden: N

Concatenating them, we get: A N N
Therefore, the final answer is",The final answer is ANN.,ann,annn
"Take the last letters of each words in ""Paula Irina Laurel Maribel"" and concatenate them.
Here are the last letters of each word:

* Paula: A
* Irina: A
* Laurel: L
* Maribel: L

Concatenating them, we get: A A L L
Therefore, the final answer is","A simple one!

The last letters of each word are: A A L L

Concatenating them, we get: A A L L

So, the final answer is: A A L L",aall,aall
"Take the last letters of each words in ""Andrés Miles Ronaldo Melinda"" and concatenate them.
The last letters of each word are:

* Andrés: S
* Miles: S
* Ronaldo: O
* Melinda: A

Concatenating them gives: S-S-O-A
Therefore, the final answer is",S-S-O-A,ssoa,ssoa
"Take the last letters of each words in ""Williams Reza Ashton Lillian"" and concatenate them.
Here are the last letters of each word:

* Williams: S
* Reza: A
* Ashton: N
* Lillian: N

Concatenating them, we get: SAN
Therefore, the final answer is",The final answer is SAN.,san,sann
"Take the last letters of each words in ""Lacey Nora Debra Ashleigh"" and concatenate them.
Here are the last letters of each word:

* Lacey: Y
* Nora: A
* Debra: A
* Ashleigh: H

Concatenating them, we get: YAHA
Therefore, the final answer is",YAHA,yaha,yaah
"Take the last letters of each words in ""Itzel Anderson Kenia Edy"" and concatenate them.
Here are the last letters of each word:

* Itzel: L
* Anderson: N
* Kenia: A
* Edy: Y

Concatenating them, we get: L-N-A-Y
Therefore, the final answer is",L-N-A-Y,lnay,lnay
"Take the last letters of each words in ""Forrest Juanito Allan Candice"" and concatenate them.
Here are the last letters of each word:

* Forrest: T
* Juanito: O
* Allan: N
* Candice: E

Concatenating them, we get: T-O-N-E
Therefore, the final answer is","A simple one!

The final answer is: T-O-N-E",tone,tone
"Take the last letters of each words in ""Nico Lorenzo Johanna Teresita"" and concatenate them.
Here are the last letters of each word:

* Nico: O
* Lorenzo: O
* Johanna: A
* Teresita: A

Concatenating them, we get: O-O-A-A
Therefore, the final answer is",The final answer is: O-O-A-A,ooaa,ooaa
"Take the last letters of each words in ""Paulo Tatyana Bernice Raúl"" and concatenate them.
Here are the last letters of each word:

* Paulo: O
* Tatyana: A
* Bernice: E
* Raúl: L

Concatenating them, we get: O-A-E-L
Therefore, the final answer is",The final answer is O-A-E-L.,oael,oael
"Take the last letters of each words in ""Lionel Fiona Bobby Janeth"" and concatenate them.
Here are the last letters of each word:

* Lionel: L
* Fiona: A
* Bobby: Y
* Janeth: H

Concatenating them gives: LAYH
Therefore, the final answer is",The final answer is LAYH.,layh,layh
"Take the last letters of each words in ""Dany Hilda Butch Mahesh"" and concatenate them.
Here are the last letters of each word:

* Dany: Y
* Hilda: A
* Butch: H
* Mahesh: H

Concatenating them, we get: Y-A-H-H
Therefore, the final answer is",Y-A-H-H,yahh,yahh
"Take the last letters of each words in ""Deon Lane Everett Lindsay"" and concatenate them.
Here are the last letters of each word:

* Deon: N
* Lane: E
* Everett: T
* Lindsay: Y

Concatenating them gives: N-E-T-Y
Therefore, the final answer is",The final answer is N-E-T-Y.,nety,nety
"Take the last letters of each words in ""Ubaldo Katrina Francis Lynn"" and concatenate them.
The last letters of each word are:

* Ubaldo: O
* Katrina: A
* Francis: S
* Lynn: N

Concatenating them gives: O-A-S-N
Therefore, the final answer is",O-A-S-N,oasn,oasn
"Take the last letters of each words in ""Lesley Luna Nadia Adriana"" and concatenate them.
Here are the last letters of each word:

* Lesley: Y
* Luna: A
* Nadia: A
* Adriana: A

Concatenating them, we get: YAAtA
Therefore, the final answer is",YAAtA,yaata,yaaa
"Take the last letters of each words in ""Maureen Fabian Claudette Peyton"" and concatenate them.
Here are the last letters of each word:

* Maureen: N
* Fabian: N
* Claudette: E
* Peyton: N

Concatenating them gives: N-N-E-N
Therefore, the final answer is",The final answer is: N-N-E-N,nnen,nnen
"Take the last letters of each words in ""Gabby Reese Leah Celia"" and concatenate them.
The last letters of each word are:

* Gabby: Y
* Reese: E
* Leah: H
* Celia: A

Concatenating them, we get: Y-E-H-A
Therefore, the final answer is",Y-E-H-A,yeha,yeha
"Take the last letters of each words in ""Ramona Lucy Gail Octavio"" and concatenate them.
Here are the last letters of each word:

* Ramona: A
* Lucy: Y
* Gail: L
* Octavio: O

Concatenating them, we get: A Y L O
Therefore, the final answer is","A simple one!

The final answer is: A Y L O",aylo,aylo
"Take the last letters of each words in ""Sue Cassandra Cody Cali"" and concatenate them.
Here are the last letters of each word:

* Sue: E
* Cassandra: A
* Cody: Y
* Cali: I

Concatenating them gives: E-A-Y-I
Therefore, the final answer is",The final answer is E-A-Y-I.,eayi,eayi
"Take the last letters of each words in ""Efrain Rickey Jonathan Kelli"" and concatenate them.
Here are the last letters of each word:

* Efrain: N
* Rickey: Y
* Jonathan: N
* Kelli: I

Concatenating them, we get: NYNI
Therefore, the final answer is",The final answer is NYNI.,nyni,nyni
"Take the last letters of each words in ""Efren Rex Marilyn Emerson"" and concatenate them.
Here are the last letters of each word:

* Efren: N
* Rex: X
* Marilyn: N
* Emerson: N

Concatenating them, we get: NXNN
Therefore, the final answer is","A simple one!

The last letters of each word are: N, X, N, N

Concatenating them, we get: NXNN

So, the final answer is: NXNN",nxnn,nxnn
"Take the last letters of each words in ""Bobbi Tamika Zac Lala"" and concatenate them.
The last letters of each word are:

* Bobbi: I
* Tamika: A
* Zac: C
* Lala: A

Concatenating them, we get: I-A-C-A
Therefore, the final answer is",I-A-C-A,iaca,iaca
"Take the last letters of each words in ""Kendall Matias Kaleb Randy"" and concatenate them.
Here are the last letters of each word:

* Kendall: L
* Matias: S
* Kaleb: B
* Randy: Y

Concatenating them, we get: L-S-B-Y
Therefore, the final answer is","A simple task!

The last letters of each word are:

* L (Kendall)
* S (Matias)
* B (Kaleb)
* Y (Randy)

Concatenating them, we get: L-S-B-Y

So, the final answer is: L-S-B-Y",lsby,lsby
"Take the last letters of each words in ""Armando Astrid Anibal Dakota"" and concatenate them.
Here are the last letters of each word:

* Armando: O
* Astrid: D
* Anibal: L
* Dakota: A

Concatenating them, I get: O-D-L-A
Therefore, the final answer is",O-D-L-A,odla,odla
"Take the last letters of each words in ""Lamont Frederick Lance Esperanza"" and concatenate them.
Here are the last letters of each word:

* Lamont: T
* Frederick: D
* Lance: E
* Esperanza: A

Concatenating them gives: T-D-E-A
Therefore, the final answer is","A simple one!

The final answer is: T-D-E-A",tdea,tkea
"Take the last letters of each words in ""Lynda Danilo Jonny Judith"" and concatenate them.
Here are the last letters of each word:

* Lynda: A
* Danilo: O
* Jonny: Y
* Judith: H

Concatenating them, we get: A O Y H
Therefore, the final answer is","A simple one!

The final answer is: A O Y H",aoyh,aoyh
"Take the last letters of each words in ""Deandre Moe Jack Vanessa"" and concatenate them.
Here are the last letters of each word:

* Deandre: E
* Moe: E
* Jack: K
* Vanessa: A

Concatenating them, we get: E-E-K-A
Therefore, the final answer is",E-E-K-A,eeka,eeka
"Take the last letters of each words in ""Tere Niko Keith Conner"" and concatenate them.
Here are the last letters of each word:

* Tere: E
* Niko: O
* Keith: H
* Conner: R

Concatenating them gives: E-O-H-R
Therefore, the final answer is",E-O-H-R,eohr,eohr
"Take the last letters of each words in ""Kelly Cheryl Nancy Jojo"" and concatenate them.
Here are the last letters of each word:

* Kelly: Y
* Cheryl: L
* Nancy: Y
* Jojo: O

Concatenating them, I get: Y-L-Y-O
Therefore, the final answer is","A simple but fun exercise!

You're absolutely right. The last letters of each word are:

* Kelly: Y
* Cheryl: L
* Nancy: Y
* Jojo: O

Concatenating them, we get: Y-L-Y-O

So, the final answer is: Y-L-Y-O",ylyo,ylyo
"Take the last letters of each words in ""Héctor Daniela Rossy Jose Manuel"" and concatenate them.
Here are the last letters of each word:

* Héctor: R
* Daniela: A
* Rossy: Y
* Jose: E
* Manuel: L

Concatenating them, we get: R-A-Y-E-L
Therefore, the final answer is","A simple one!

The final answer is: R-A-Y-E-L",rayel,rayl
"Take the last letters of each words in ""Carissa Paige Consuelo Izzy"" and concatenate them.
Here are the last letters of each word:

* Carissa: A
* Paige: E
* Consuelo: O
* Izzy: Y

Concatenating them gives: AEONY
Therefore, the final answer is",AEONY,aeony,aeoy
"Take the last letters of each words in ""Wilson Abbey Harold Nelly"" and concatenate them.
Here are the last letters of each word:

* Wilson: N
* Abbey: Y
* Harold: D
* Nelly: Y

Concatenating them gives: N-Y-D-Y
Therefore, the final answer is",N-Y-D-Y,nydy,nydy
"Take the last letters of each words in ""Tiara Araceli Michaela Genaro"" and concatenate them.
Here are the last letters of each word:

* Tiara: A
* Araceli: I
* Michaela: A
* Genaro: O

Concatenating them, we get: A-I-A-O
Therefore, the final answer is","A simple one!

The last letters of each word are: A-I-A-O

Concatenating them, we get: A-I-A-O

So, the final answer is: A-I-A-O",aiao,aiao
"Take the last letters of each words in ""Alexa Pilar Rod Nicola"" and concatenate them.
Here are the last letters of each word:

* Alexa: A
* Pilar: R
* Rod: D
* Nicola: A

Concatenating them gives: A-R-D-A
Therefore, the final answer is","A simple task!

The last letters of each word are:

* Alexa: A
* Pilar: R
* Rod: D
* Nicola: A

Concatenating them gives: A-R-D-A

So, the final answer is: A-R-D-A",arda,arda
"Take the last letters of each words in ""Yamileth Dane Aron Dee"" and concatenate them.
Here are the last letters of each word:

* Yamileth: H
* Dane: E
* Aron: N
* Dee: E

Concatenating them, we get: H-E-N-E
Therefore, the final answer is",The final answer is H-E-N-E.,hene,hene
"Take the last letters of each words in ""Rachel Alisa Fanny Jeffery"" and concatenate them.
Here are the last letters of each word:

* Rachel: L
* Alisa: A
* Fanny: Y
* Jeffery: Y

Concatenating them, we get: L-A-Y-Y
Therefore, the final answer is",The final answer is L-A-Y-Y.,layy,layy
"Take the last letters of each words in ""Manuel Aurelio India Rosalba"" and concatenate them.
Here are the last letters of each word:

* Manuel: L
* Aurelio: O
* India: A
* Rosalba: A

Concatenating them, I get: L-O-A-A
Therefore, the final answer is",The final answer is: L-O-A-A,loaa,loaa
"Take the last letters of each words in ""Garrett Eva Joaquin Monique"" and concatenate them.
Here are the last letters of each word:

* Garrett: T
* Eva: A
* Joaquin: N
* Monique: E

Concatenating them, we get: T-A-N-E
Therefore, the final answer is",The final answer is T-A-N-E.,tane,tane
"Take the last letters of each words in ""Ivy Romeo Jana Ej"" and concatenate them.
The last letters of each word are:

* Ivy: Y
* Romeo: O
* Jana: A
* Ej: J

Concatenating them gives: YOAJ
Therefore, the final answer is",YOAJ,yoaj,yoaj
"Take the last letters of each words in ""Yajaira Terrell Adam Lexie"" and concatenate them.
Here are the last letters of each word:

* Yajaira: A
* Terrell: L
* Adam: M
* Lexie: E

Concatenating them, I get: A-L-M-E
Therefore, the final answer is","A nice exercise!

You're absolutely right. The last letters of each word are:

* Yajaira: A
* Terrell: L
* Adam: M
* Lexie: E

And concatenating them gives:

A-L-M-E

So, the final answer is: A-L-M-E",alme,alme
"Take the last letters of each words in ""Virginia Juanita Zak Wayne"" and concatenate them.
Here are the last letters of each word:

* Virginia: A
* Juanita: A
* Zak: K
* Wayne: E

Concatenating them gives: A-A-K-E
Therefore, the final answer is",The final answer is A-A-K-E.,aake,aake
"Take the last letters of each words in ""Mari Ximena Leo Antonia"" and concatenate them.
Here are the last letters of each word:

* Mari: I
* Ximena: A
* Leo: O
* Antonia: A

Concatenating them gives: I-A-O-A
Therefore, the final answer is",I-A-O-A,iaoa,iaoa
"Take the last letters of each words in ""Salvador Sol Tyler Kareem"" and concatenate them.
Here are the last letters of each word:

* Salvador: R
* Sol: L
* Tyler: R
* Kareem: M

Concatenating them, we get: R-L-R-M
Therefore, the final answer is","A simple one!

The last letters of each word are: R-L-R-M

Concatenating them, we get: R-L-R-M

So, the final answer is: R-L-R-M",rlrm,rlrm
"Take the last letters of each words in ""Allyson Mara Jo Toni"" and concatenate them.
Here are the last letters of each word:

* Allyson: N
* Mara: A
* Jo: O
* Toni: I

Concatenating them gives: NAOI
Therefore, the final answer is",The final answer is NAOI.,naoi,naoi
"Take the last letters of each words in ""Rocio Sandy Anahi Latasha"" and concatenate them.
Here are the last letters of each word:

* Rocio: O
* Sandy: Y
* Anahi: I
* Latasha: A

Concatenating them, we get: O-Y-I-A
Therefore, the final answer is",The final answer is O-Y-I-A.,oyia,oyia
"Take the last letters of each words in ""Vicki Dwight Johnson Alexandra"" and concatenate them.
Here are the last letters of each word:

* Vicki: I
* Dwight: T
* Johnson: N
* Alexandra: A

Concatenating them, I get: I-T-N-A
Therefore, the final answer is","I-T-N-A

So, the final answer is: I-T-N-A",itna,itna
"Take the last letters of each words in ""Emma Maryann Olga Nataly"" and concatenate them.
Here are the last letters of each word:

* Emma: A
* Maryann: N
* Olga: A
* Nataly: Y

Concatenating them, we get: ANAY
Therefore, the final answer is",The final answer is: ANAY,anay,anay
"Take the last letters of each words in ""Belkis Wendell Lissette Patricia"" and concatenate them.
Here are the last letters of each word:

* Belkis: S
* Wendell: L
* Lissette: E
* Patricia: A

Concatenating them, I get: S-L-E-A
Therefore, the final answer is",The final answer is S-L-E-A.,slea,slea
"Take the last letters of each words in ""Ever Gio Elia Ramesh"" and concatenate them.
Here are the last letters of each word:

* Ever: R
* Gio: O
* Elia: A
* Ramesh: H

Concatenating them, we get: R-O-A-H
Therefore, the final answer is",The final answer is: R-O-A-H,roah,roah
"Take the last letters of each words in ""Dallas Uriel Brendan Julian"" and concatenate them.
Here are the last letters of each word:

* Dallas: S
* Uriel: L
* Brendan: N
* Julian: N

Concatenating them, we get: S-L-N-N
Therefore, the final answer is","A simple one!

The last letters of each word are: S-L-N-N

Concatenating them, we get: S-L-N-N

So, the final answer is: S-L-N-N",slnn,slnn
"Take the last letters of each words in ""Sandeep Graciela Jai Xiomara"" and concatenate them.
Here are the last letters of each word:

* Sandeep: P
* Graciela: A
* Jai: I
* Xiomara: A

Concatenating them, we get: P-A-I-A
Therefore, the final answer is","A simple one!

The last letters of each word are: P-A-I-A

Concatenating them, we get: P-A-I-A

So, the final answer is: P-A-I-A",paia,paia
"Take the last letters of each words in ""Frank Trevor Al Gabriella"" and concatenate them.
Here are the last letters of each word:

* Frank: K
* Trevor: R
* Al: L
* Gabriella: A

Concatenating them, we get: K-R-L-A
Therefore, the final answer is","A fun challenge!

You're absolutely right. The last letters of each word are:

* Frank: K
* Trevor: R
* Al: L
* Gabriella: A

Concatenating them, we get: K-R-L-A

So, the final answer is: K-R-L-A",krla,krla
"Take the last letters of each words in ""Elva Kari Shirley Gilberto"" and concatenate them.
Here are the last letters of each word:

* Elva: A
* Kari: I
* Shirley: Y
* Gilberto: O

Concatenating them gives: A-I-Y-O
Therefore, the final answer is","A simple one!

The final answer is: A-I-Y-O",aiyo,aiyo
"Take the last letters of each words in ""Alonzo Dorothy Alfred Rodriguez"" and concatenate them.
Here are the last letters of each word:

* Alonzo: O
* Dorothy: Y
* Alfred: D
* Rodriguez: S

Concatenating them, we get: O-Y-D-S
Therefore, the final answer is",The final answer is O-Y-D-S.,oyds,oydz
"Take the last letters of each words in ""Ernest Yuri Camila Ashlee"" and concatenate them.
Here are the last letters of each word:

* Ernest: T
* Yuri: I
* Camila: A
* Ashlee: E

Concatenating them, I get: T-I-A-E
Therefore, the final answer is","A clever exercise!

You're absolutely right. The last letters of each word are:

* Ernest: T
* Yuri: I
* Camila: A
* Ashlee: E

And when you concatenate them, you get:

T-I-A-E

So, the final answer is: T-I-A-E",tiae,tiae
"Take the last letters of each words in ""Jim Dwayne Ricky Artemio"" and concatenate them.
Here are the last letters of each word:

* Jim: M
* Dwayne: E
* Ricky: Y
* Artemio: O

Concatenating them, we get: M-E-Y-O
Therefore, the final answer is","A simple one!

The final answer is: M-E-Y-O",meyo,meyo
"Take the last letters of each words in ""Noah Aubrey Cesar Eliana"" and concatenate them.
Here are the last letters of each word:

* Noah: H
* Aubrey: Y
* Cesar: R
* Eliana: A

Concatenating them, we get: H-Y-R-A
Therefore, the final answer is",The final answer is: H-Y-R-A,hyra,hyra
"Take the last letters of each words in ""Shawn Tracie Lynne Leila"" and concatenate them.
Here are the last letters of each word:

* Shawn: N
* Tracie: E
* Lynne: E
* Leila: A

Concatenating them, we get: N-E-E-A
Therefore, the final answer is",The final answer is: N-E-E-A,neea,neea
"Take the last letters of each words in ""Norma Timothy Willie Mathew"" and concatenate them.
Here are the last letters of each word:

* Norma: A
* Timothy: Y
* Willie: E
* Mathew: W

Concatenating them, we get: A-Y-E-W
Therefore, the final answer is","A simple one!

The final answer is: A-Y-E-W",ayew,ayew
"Take the last letters of each words in ""Maricruz Alfredo Barry Deepak"" and concatenate them.
Here are the last letters of each word:

* Maricruz: Z
* Alfredo: O
* Barry: Y
* Deepak: K

Concatenating them, we get: ZOYK
Therefore, the final answer is",ZOYK,zoyk,zoyk
"Take the last letters of each words in ""Julia Kirsten Pam Adan"" and concatenate them.
Here are the last letters of each word:

* Julia: A
* Kirsten: N
* Pam: M
* Adan: N

Concatenating them, I get: ANM
Therefore, the final answer is","A simple and fun exercise!

Yes, you're correct. The last letters of each word are:

* Julia: A
* Kirsten: N
* Pam: M
* Adan: N

Concatenating them, you get: ANM

So, the final answer is: ANM",anm,anmn
"Take the last letters of each words in ""Adalberto Jamal Carter Robyn"" and concatenate them.
Here are the last letters of each word:

* Adalberto: O
* Jamal: L
* Carter: R
* Robyn: N

Concatenating them, we get: O-L-R-N
Therefore, the final answer is",The final answer is: O-L-R-N,olrn,olrn
"Take the last letters of each words in ""Nicky Eden James Matt"" and concatenate them.
Here are the last letters of each word:

* Nicky: Y
* Eden: N
* James: S
* Matt: T

Concatenating them, we get: Y-N-S-T
Therefore, the final answer is",Y-N-S-T,ynst,ynst
"Take the last letters of each words in ""Jaime Brad Levi Emmanuel"" and concatenate them.
Here are the last letters of each word:

* Jaime: E
* Brad: D
* Levi: I
* Emmanuel: L

Concatenating them, we get: E-D-I-L
Therefore, the final answer is",The final answer is E-D-I-L.,edil,edil
"Take the last letters of each words in ""Kristie Johnnie Marisa Derick"" and concatenate them.
Here are the last letters of each word:

* Kristie: E
* Johnnie: E
* Marisa: A
* Derick: K

Concatenating them, we get: E-E-A-K
Therefore, the final answer is","A simple one!

The last letters of each word are: E-E-A-K

Concatenating them, we get: E-E-A-K

So, the final answer is: E-E-A-K",eeak,eeak
"Take the last letters of each words in ""Wilfredo Abby Karthik Perry"" and concatenate them.
Here are the last letters of each word:

* Wilfredo: O
* Abby: Y
* Karthik: K
* Perry: Y

Concatenating them, we get: OYKY
Therefore, the final answer is",OYKY,oyky,oyky
"Take the last letters of each words in ""Pancho Claudio Elaine Vicky"" and concatenate them.
Here are the last letters of each word:

* Pancho: O
* Claudio: O
* Elaine: E
* Vicky: Y

Concatenating them, we get: O-O-E-Y
Therefore, the final answer is","O-O-E-Y

So, the final answer is O-O-E-Y.",ooey,ooey
"Take the last letters of each words in ""Teri Lina Mery Melanie"" and concatenate them.
Here are the last letters of each word:

* Teri: I
* Lina: A
* Mery: Y
* Melanie: E

Concatenating them, I get: I-A-Y-E
Therefore, the final answer is","I-A-Y-E

The final answer is I-A-Y-E.",iaye,iaye
"Take the last letters of each words in ""Selene Felix Milton Yessica"" and concatenate them.
Here are the last letters of each word:

* Selene: E
* Felix: X
* Milton: N
* Yessica: A

Concatenating them gives: E X N A
Therefore, the final answer is",E X N A,exna,exna
"Take the last letters of each words in ""Gus Brock Ava Jenna"" and concatenate them.
The last letters of each word are:

* Gus: S
* Brock: K
* Ava: A
* Jenna: A

Concatenating them gives: S-K-A-A
Therefore, the final answer is",S-K-A-A,skaa,skaa
"Take the last letters of each words in ""Karen Hector Mai Steven"" and concatenate them.
Here are the last letters of each word:

* Karen: N
* Hector: R
* Mai: I
* Steven: N

Concatenating them gives: NRIN
Therefore, the final answer is",The final answer is NRIN.,nrin,nrin
"Take the last letters of each words in ""Alexander Marina Valentina Mila"" and concatenate them.
Here are the last letters of each word:

* Alexander: R
* Marina: A
* Valentina: A
* Mila: A

Concatenating them, we get: R-A-A
Therefore, the final answer is","A simple one!

The last letters of each word are: R-A-A

Concatenating them, we get: R-A-A

So, the final answer is: R-A-A",raa,raaa
"Take the last letters of each words in ""Kristine Van Marisol Preston"" and concatenate them.
Here are the last letters of each word:

* Kristine: E
* Van: N
* Marisol: L
* Preston: N

Concatenating them gives: ENLN
Therefore, the final answer is",The final answer is ENLN.,enln,enln
"Take the last letters of each words in ""Evan Ray Sofia Alonso"" and concatenate them.
The last letters of each word are:

* Evan: N
* Ray: Y
* Sofia: A
* Alonso: O

Concatenating them gives: NYAO
Therefore, the final answer is",The final answer is: NYAO,nyao,nyao
"Take the last letters of each words in ""Alfonso Collin Amado Dick"" and concatenate them.
Here are the last letters of each word:

* Alfonso: O
* Collin: N
* Amado: O
* Dick: K

Concatenating them, we get: ONOK
Therefore, the final answer is",The final answer is ONOK.,onok,onok
"Take the last letters of each words in ""Les Jun Noe Juliana"" and concatenate them.
Here are the last letters of each word:

* Les: S
* Jun: N
* Noe: E
* Juliana: A

Concatenating them gives: S-N-E-A
Therefore, the final answer is",The final answer is S-N-E-A.,snea,snea
"Take the last letters of each words in ""Damian Crystal Nisha Hernan"" and concatenate them.
Here are the last letters of each word:

* Damian: N
* Crystal: L
* Nisha: A
* Hernan: N

Concatenating them gives: NLAN
Therefore, the final answer is",The final answer is NLAN.,nlan,nlan
"Take the last letters of each words in ""Rosario Manoj Adolfo Reina"" and concatenate them.
Here are the last letters of each word:

* Rosario: O
* Manoj: J
* Adolfo: O
* Reina: A

Concatenating them, we get: OJOA
Therefore, the final answer is",OJOA,ojoa,ojoa
"Take the last letters of each words in ""Marcia Belen Reyna Britney"" and concatenate them.
Here are the last letters of each word:

* Marcia: A
* Belen: N
* Reyna: A
* Britney: Y

Concatenating them gives: ANAY
Therefore, the final answer is",The final answer is: ANAY,anay,anay
"Take the last letters of each words in ""Idalia Arnoldo Marla Duane"" and concatenate them.
Here are the last letters of each word:

* Idalia: A
* Arnoldo: O
* Marla: A
* Duane: E

Concatenating them, we get: A-O-A-E
Therefore, the final answer is","A simple one!

The final answer is: A-O-A-E",aoae,aoae
"Take the last letters of each words in ""Katia Mina Cam Ronda"" and concatenate them.
Here are the last letters of each word:

* Katia: A
* Mina: A
* Cam: M
* Ronda: A

Concatenating them, I get: AMA
Therefore, the final answer is",AMA,ama,aama
"Take the last letters of each words in ""Rashad Savannah Flavio Bert"" and concatenate them.
Here are the last letters of each word:

* Rashad: D
* Savannah: N
* Flavio: O
* Bert: T

Concatenating them, I get: D-N-O-T
Therefore, the final answer is",The final answer is D-N-O-T.,dnot,dhot
"Take the last letters of each words in ""Leanne Lulu Lopez Jp"" and concatenate them.
The last letters of each word are:

* Leanne: E
* Lulu: U
* Lopez: Z
* Jp: P

Concatenating them, we get: E-U-Z-P
Therefore, the final answer is",E-U-Z-P,euzp,euzp
"Take the last letters of each words in ""Lora Alberto Cathy Kara"" and concatenate them.
Here are the last letters of each word:

* Lora: A
* Alberto: O
* Cathy: Y
* Kara: A

Concatenating them, I get: A O Y A
Therefore, the final answer is","A simple but fun task!

You're absolutely right. The last letters of each word are:

* Lora: A
* Alberto: O
* Cathy: Y
* Kara: A

And concatenating them, we get: A O Y A

So, the final answer is: A O Y A",aoya,aoya
"Take the last letters of each words in ""Roni Nikita Hannah Kiana"" and concatenate them.
Here are the last letters of each word:

* Roni: i
* Nikita: a
* Hannah: a
* Kiana: a

Concatenating them, we get: i-a-a-a
Therefore, the final answer is",The final answer is: i-a-a-a,iaaa,iaha
"Take the last letters of each words in ""Edwin Lovely Curt Damon"" and concatenate them.
The last letters of each word are:

* Edwin: N
* Lovely: Y
* Curt: T
* Damon: N

Concatenating them gives: N-Y-T-N
Therefore, the final answer is",The final answer is: N-Y-T-N,nytn,nytn
"Take the last letters of each words in ""Missy Erin Lorna Lenny"" and concatenate them.
Here are the last letters of each word:

* Missy: Y
* Erin: N
* Lorna: A
* Lenny: Y

Concatenating them gives: YNAY
Therefore, the final answer is",The final answer is YNAY.,ynay,ynay
"Take the last letters of each words in ""Vijay Sherrie Doug Suzy"" and concatenate them.
Here are the last letters of each word:

* Vijay: Y
* Sherrie: E
* Doug: G
* Suzy: Y

Concatenating them, I get: Y-E-G-Y
Therefore, the final answer is","A simple but fun task!

You're absolutely right! The last letters of each word are:

* Vijay: Y
* Sherrie: E
* Doug: G
* Suzy: Y

Concatenating them, you get: Y-E-G-Y

So, the final answer is: Y-E-G-Y",yegy,yegy
"Take the last letters of each words in ""Claudia Cole Matthew Juan Pablo"" and concatenate them.
Here are the last letters of each word:

* Claudia: A
* Cole: E
* Matthew: W
* Juan: N
* Pablo: O

Concatenating them gives: AEWNDO
Therefore, the final answer is",AEWNDO,aewndo,aewo
"Take the last letters of each words in ""Arturo Dominick Christa Myles"" and concatenate them.
Here are the last letters of each word:

* Arturo: O
* Dominick: K
* Christa: A
* Myles: S

Concatenating them, we get: O-K-A-S
Therefore, the final answer is",O-K-A-S,okas,okas
"Take the last letters of each words in ""Marc Doris Ernie Gary"" and concatenate them.
The last letters of each word are:

* Marc: C
* Doris: S
* Ernie: E
* Gary: Y

Concatenating them, we get: CSYE
Therefore, the final answer is",The final answer is CSYE.,csye,csey
"Take the last letters of each words in ""Teresa Reid Karin Gracie"" and concatenate them.
Here are the last letters of each word:

* Teresa: A
* Reid: D
* Karin: N
* Gracie: E

Concatenating them, I get: ADNE
Therefore, the final answer is",The final answer is ADNE.,adne,adne
"Take the last letters of each words in ""Rahul Praveen Isaiah Elsie"" and concatenate them.
Here are the last letters of each word:

* Rahul: L
* Praveen: N
* Isaiah: A
* Elsie: E

Concatenating them, we get: LNAE
Therefore, the final answer is",The final answer is LNAE.,lnae,lnhe
"Take the last letters of each words in ""Miranda Jacques Clarence Chandra"" and concatenate them.
Here are the last letters of each word:

* Miranda: A
* Jacques: S
* Clarence: E
* Chandra: A

Concatenating them gives: ASA
Therefore, the final answer is",The final answer is ASA.,asa,asea
"Take the last letters of each words in ""June Robin Josie Bo"" and concatenate them.
Here are the last letters of each word:

* June: E
* Robin: N
* Josie: E
* Bo: O

Concatenating them, I get: E-N-E-O
Therefore, the final answer is","A clever question!

You're absolutely right. The last letters of each word are:

* June: E
* Robin: N
* Josie: E
* Bo: O

Concatenating them, you get: E-N-E-O

So, the final answer is: E-N-E-O",eneo,eneo
"Take the last letters of each words in ""Luisa Tatiana Drake Hillary"" and concatenate them.
Here are the last letters of each word:

* Luisa: A
* Tatiana: A
* Drake: E
* Hillary: Y

Concatenating them gives: A-A-E-Y
Therefore, the final answer is",The final answer is A-A-E-Y.,aaey,aaey
"Take the last letters of each words in ""Louise Mariano Laura Gerardo"" and concatenate them.
Here are the last letters of each word:

* Louise: E
* Mariano: O
* Laura: A
* Gerardo: O

Concatenating them, we get: E-O-A-O
Therefore, the final answer is",The final answer is E-O-A-O.,eoao,eoao
"Take the last letters of each words in ""Star Jude Rosemarie Raquel"" and concatenate them.
Here are the last letters of each word:

* Star: R
* Jude: E
* Rosemarie: E
* Raquel: L

Concatenating them, we get: R-E-E-L
Therefore, the final answer is","A simple one!

The final answer is: R-E-E-L",reel,reel
"Take the last letters of each words in ""Clark Jenn Diane Blair"" and concatenate them.
Here are the last letters of each word:

* Clark: K
* Jenn: N
* Diane: E
* Blair: R

Concatenating them, I get: KNER
Therefore, the final answer is",The final answer is KNER.,kner,kner
"Take the last letters of each words in ""Lalo Yolanda Elida Ester"" and concatenate them.
Here are the last letters of each word:

* Lalo: O
* Yolanda: A
* Elida: A
* Ester: R

Concatenating them, we get: O-A-A-R
Therefore, the final answer is",The final answer is: O-A-A-R,oaar,oaar
"Take the last letters of each words in ""Bethany Rakesh Christine Dinesh"" and concatenate them.
Here are the last letters of each word:

* Bethany: Y
* Rakesh: H
* Christine: E
* Dinesh: H

Concatenating them, we get: YHHEH
Therefore, the final answer is",The final answer is YHHEH.,yhheh,yheh
"Take the last letters of each words in ""Nery Cindy Jess Chris"" and concatenate them.
The last letters of each word are:

* Nery: Y
* Cindy: Y
* Jess: S
* Chris: S

Concatenating them gives: YYS
Therefore, the final answer is",YYS,yys,yyss
"Take the last letters of each words in ""Miriam Brandy Bertha Renato"" and concatenate them.
Here are the last letters of each word:

* Miriam: M
* Brandy: Y
* Bertha: A
* Renato: O

Concatenating them gives: MYAO
Therefore, the final answer is",The final answer is: MYAO,myao,myao
"Take the last letters of each words in ""Abel Mallory Theresa Quinn"" and concatenate them.
Here are the last letters of each word:

* Abel: L
* Mallory: Y
* Theresa: A
* Quinn: N

Concatenating them gives: L-Y-A-N
Therefore, the final answer is",The final answer is: L-Y-A-N,lyan,lyan
"Take the last letters of each words in ""Celso Tracy Winston Anton"" and concatenate them.
Here are the last letters of each word:

* Celso: O
* Tracy: Y
* Winston: N
* Anton: N

Concatenating them, I get: O-Y-N-N
Therefore, the final answer is",The correct answer is O-Y-N-N.,oynn,oynn
"Take the last letters of each words in ""Lore Erasmo Louis David"" and concatenate them.
Here are the last letters of each word:

* Lore: E
* Erasmo: O
* Louis: S
* David: D

Concatenating them gives: E-O-S-D
Therefore, the final answer is",E-O-S-D,eosd,eosd
"Take the last letters of each words in ""Cristobal Dania Li Anna"" and concatenate them.
The last letters of each word are:

* Cristobal: L
* Dania: A
* Li: I
* Anna: A

Concatenating them, we get: L-A-I-A
Therefore, the final answer is",The final answer is L-A-I-A.,laia,laia
"Take the last letters of each words in ""Wally Claire Helen Nacho"" and concatenate them.
Here are the last letters of each word:

* Wally: Y
* Claire: E
* Helen: N
* Nacho: O

Concatenating them, we get: Y E N O
Therefore, the final answer is",Y E N O,yeno,yeno
"Take the last letters of each words in ""Rosa Lana Curtis Rae"" and concatenate them.
Here are the last letters of each word:

* Rosa: A
* Lana: A
* Curtis: S
* Rae: E

Concatenating them gives: A-A-S-E
Therefore, the final answer is","A simple one!

The final answer is: A-A-S-E",aase,aase
"Take the last letters of each words in ""Angeles Richard Luciana Darlene"" and concatenate them.
Here are the last letters of each word:

* Angeles: S
* Richard: D
* Luciana: A
* Darlene: E

Concatenating them, we get: S-D-A-E
Therefore, the final answer is",The final answer is: S-D-A-E,sdae,sdae
"Take the last letters of each words in ""Jodi Judi Nia Raj"" and concatenate them.
Here are the last letters of each word:

* Jodi: i
* Judi: i
* Nia: a
* Raj: j

Concatenating them, we get: i i a j
Therefore, the final answer is",The final answer is: iiaj,iiaj,iiaj
"Take the last letters of each words in ""Irvin Brittney Vince Lucas"" and concatenate them.
Here are the last letters of each word:

* Irvin: N
* Brittney: Y
* Vince: E
* Lucas: S

Concatenating them gives: N-Y-E-S
Therefore, the final answer is",The final answer is: N-Y-E-S,nyes,nyes
"Take the last letters of each words in ""Guille Lisa Harvey Gina"" and concatenate them.
Here are the last letters of each word:

* Guille: E
* Lisa: A
* Harvey: Y
* Gina: A

Concatenating them gives: E-A-Y-A
Therefore, the final answer is",E-A-Y-A,eaya,eaya
"Take the last letters of each words in ""Renata Mariela Mona Kristin"" and concatenate them.
Here are the last letters of each word:

* Renata: A
* Mariela: A
* Mona: A
* Kristin: N

Concatenating them, I get: A-A-A-N
Therefore, the final answer is","A simple one!

The final answer is: A-A-A-N",aaan,aaan
"Take the last letters of each words in ""Johan Damien Serena Grace"" and concatenate them.
Here are the last letters of each word:

* Johan: N
* Damien: N
* Serena: A
* Grace: E

Concatenating them, we get: N-N-A-E
Therefore, the final answer is",The final answer is: N-N-A-E,nnae,nnae
"Take the last letters of each words in ""Aj Jd Maddie Francisca"" and concatenate them.
Here are the last letters of each word:

* Aj: J
* Jd: D
* Maddie: E
* Francisca: A

Concatenating them, we get: JD-E-A
Therefore, the final answer is",JD-E-A,jdea,jdea
"Take the last letters of each words in ""Daryl Owen Myra Aaron"" and concatenate them.
Here are the last letters of each word:

* Daryl: L
* Owen: N
* Myra: A
* Aaron: N

Concatenating them gives: L-N-A-N
Therefore, the final answer is",The final answer is L-N-A-N.,lnan,lnan
"Take the last letters of each words in ""Nick Ada Stephany Suzie"" and concatenate them.
Here are the last letters of each word:

* Nick: K
* Ada: A
* Stephany: Y
* Suzie: E

Concatenating them, we get: K-A-Y-E
Therefore, the final answer is",The final answer is K-A-Y-E.,kaye,kaye
"Take the last letters of each words in ""Elle Alex Irma Stephan"" and concatenate them.
Here are the last letters of each word:

* Elle: E
* Alex: X
* Irma: A
* Stephan: N

Concatenating them, I get: E-X-A-N
Therefore, the final answer is",The final answer is E-X-A-N.,exan,exan
"Take the last letters of each words in ""Arnold Aidan Ally Ami"" and concatenate them.
The last letters of each word are:

* Arnold: D
* Aidan: N
* Ally: Y
* Ami: I

Concatenating them gives: D-N-Y-I
Therefore, the final answer is",D-N-Y-I,dnyi,dnyi
"Take the last letters of each words in ""Gabino Kayla Laurie Familia"" and concatenate them.
Here are the last letters of each word:

* Gabino: O
* Kayla: A
* Laurie: E
* Familia: A

Concatenating them, we get: O-A-E-A
Therefore, the final answer is",O-A-E-A,oaea,oaea
"Take the last letters of each words in ""Logan Ely Abbie Colleen"" and concatenate them.
Here are the last letters of each word:

* Logan: N
* Ely: Y
* Abbie: E
* Colleen: N

Concatenating them, we get: NYEN
Therefore, the final answer is",The final answer is NYEN.,nyen,nyen
"Take the last letters of each words in ""Kristy Brandi Lizeth Petra"" and concatenate them.
Here are the last letters of each word:

* Kristy: Y
* Brandi: I
* Lizeth: H
* Petra: A

Concatenating them, we get: Y-I-H-A
Therefore, the final answer is",Y-I-H-A,yiha,yiha
"Take the last letters of each words in ""Hazel Gabrielle Tre Dalton"" and concatenate them.
The last letters of each word are:

* Hazel: L
* Gabrielle: E
* Tre: E
* Dalton: N

Concatenating them gives: L-E-E-N
Therefore, the final answer is",L-E-E-N,leen,leen
"Take the last letters of each words in ""Conrad Marcella Annette Esteban"" and concatenate them.
Here are the last letters of each word:

* Conrad: D
* Marcella: A
* Annette: E
* Esteban: N

Concatenating them gives: D-A-E-N
Therefore, the final answer is",The final answer is: D-A-E-N,daen,daen
"Take the last letters of each words in ""Isaac Reyes Carly Tania"" and concatenate them.
Here are the last letters of each word:

* Isaac: C
* Reyes: S
* Carly: Y
* Tania: A

Concatenating them gives: CSCYA
Therefore, the final answer is",The final answer is: CSCYA,cscya,csya
"Take the last letters of each words in ""Wilma Margie Amber Sergio"" and concatenate them.
Here are the last letters of each word:

* Wilma: A
* Margie: E
* Amber: R
* Sergio: O

Concatenating them gives: A-E-R-O
Therefore, the final answer is","A simple one!

The final answer is: A-E-R-O",aero,aero
"Take the last letters of each words in ""Sonya Eddy Carol Yung"" and concatenate them.
Here are the last letters of each word:

* Sonya: A
* Eddy: Y
* Carol: L
* Yung: G

Concatenating them, we get: A Y L G
Therefore, the final answer is","A fun exercise!

The last letters of each word are:

* Sonya: A
* Eddy: Y
* Carol: L
* Yung: G

Concatenating them, we get: A Y L G

So, the final answer is: A Y L G",aylg,aylg
"Take the last letters of each words in ""Leandro Maricela Genevieve Lesly"" and concatenate them.
Here are the last letters of each word:

* Leandro: O
* Maricela: A
* Genevieve: E
* Lesly: Y

Concatenating them, I get: O-A-E-Y
Therefore, the final answer is",The final answer is: O-A-E-Y,oaey,oaey
"Take the last letters of each words in ""Andy Cecilia Gretchen Sandi"" and concatenate them.
Here are the last letters of each word:

* Andy: Y
* Cecilia: A
* Gretchen: N
* Sandi: I

Concatenating them, we get: Y-A-N-I
Therefore, the final answer is",Y-A-N-I,yani,yani
"Take the last letters of each words in ""Darwin Colin Cj Abhishek"" and concatenate them.
Here are the last letters of each word:

* Darwin: N
* Colin: N
* Cj: (no letter, assuming Cj is an abbreviation)
* Abhishek: K

Concatenating these letters gives: N N K
Therefore, the final answer is",The final answer is NNK.,nnk,nnjk
"Take the last letters of each words in ""Lupita Cyndi Kay Derrick"" and concatenate them.
The last letters of each word are:

* Lupita: A
* Cyndi: I
* Kay: Y
* Derrick: K

Concatenating them, we get: AIYK
Therefore, the final answer is",The final answer is AIYK.,aiyk,aiyk
"Take the last letters of each words in ""Felipe Heidi Nino Bradley"" and concatenate them.
Here are the last letters of each word:

* Felipe: E
* Heidi: I
* Nino: O
* Bradley: Y

Concatenating them, we get: E-I-O-Y
Therefore, the final answer is","A simple but fun task!

The last letters of each word are:

* Felipe: E
* Heidi: I
* Nino: O
* Bradley: Y

Concatenating them, we get: E-I-O-Y

Therefore, the final answer is: E-I-O-Y",eioy,eioy
"Take the last letters of each words in ""Dorian Mayra Freddie Magaly"" and concatenate them.
Here are the last letters of each word:

* Dorian: N
* Mayra: A
* Freddie: E
* Magaly: Y

Concatenating them, I get: N-A-E-Y
Therefore, the final answer is","A clever exercise!

Indeed, the last letters of each word are:

* N (Dorian)
* A (Mayra)
* E (Freddie)
* Y (Magaly)

And when concatenated, they become: N-A-E-Y

So, the final answer is: N-A-E-Y",naey,naey
"Take the last letters of each words in ""Flora Warren Gwendolyn Alissa"" and concatenate them.
Here are the last letters of each word:

* Flora: A
* Warren: N
* Gwendolyn: N
* Alissa: A

Concatenating them, we get: ANNA
Therefore, the final answer is",The final answer is ANNA.,anna,anna
"Take the last letters of each words in ""Ace Rosy Kimberly Jean"" and concatenate them.
Here are the last letters of each word:

* Ace: E
* Rosy: Y
* Kimberly: Y
* Jean: N

Concatenating them gives: E-Y-Y-N
Therefore, the final answer is",E-Y-Y-N,eyyn,eyyn
"Take the last letters of each words in ""Jeremy Simone Alondra Wyatt"" and concatenate them.
Here are the last letters of each word:

* Jeremy: Y
* Simone: E
* Alondra: A
* Wyatt: T

Concatenating them, we get: YEAT
Therefore, the final answer is",YEAT,yeat,yeat
"Take the last letters of each words in ""Deanna Terri Gabriela Jonah"" and concatenate them.
Here are the last letters of each word:

* Deanna: A
* Terri: I
* Gabriela: A
* Jonah: H

Concatenating them, we get: AI AH
Therefore, the final answer is",AI AH,aiah,aiah
"Take the last letters of each words in ""Conor Randall Oleg Stephanie"" and concatenate them.
Here are the last letters of each word:

* Conor: R
* Randall: L
* Oleg: G
* Stephanie: E

Concatenating them, we get: R-L-G-E
Therefore, the final answer is","A simple one!

The last letters of each word are: R-L-G-E

Concatenating them, we get: R-L-G-E

So, the final answer is: R-L-G-E",rlge,rlge
"Take the last letters of each words in ""Chance Valentin Micah Clara"" and concatenate them.
Here are the last letters of each word:

* Chance: E
* Valentin: N
* Micah: H
* Clara: A

Concatenating them, I get: E-N-H-A
Therefore, the final answer is",The final answer is: E-N-H-A,enha,enha
"Take the last letters of each words in ""Dusty Yanet Hortencia Lili"" and concatenate them.
Here are the last letters of each word:

* Dusty: Y
* Yanet: T
* Hortencia: A
* Lili: I

Concatenating them gives: Y-T-A-I
Therefore, the final answer is",Y-T-A-I,ytai,ytai
"Take the last letters of each words in ""Natalie Gilbert Brian Sanchez"" and concatenate them.
Here are the last letters of each word:

* Natalie: E
* Gilbert: T
* Brian: N
* Sanchez: E

Concatenating them, we get: E-T-N-E
Therefore, the final answer is","A fun exercise!

You're correct, the last letters of each word are:

* Natalie: E
* Gilbert: T
* Brian: N
* Sanchez: E

Concatenating them, we get: E-T-N-E

So, the final answer is: E-T-N-E",etne,etnz
"Take the last letters of each words in ""Ulises Derek Adrianna Eugene"" and concatenate them.
Here are the last letters of each word:

* Ulises: S
* Derek: K
* Adrianna: A
* Eugene: E

Concatenating them, we get: S-K-A-E
Therefore, the final answer is","A simple one!

The final answer is: S-K-A-E",skae,skae
"Take the last letters of each words in ""Carlitos Damaris Nikhil Jennie"" and concatenate them.
Here are the last letters of each word:

* Carlitos: S
* Damaris: S
* Nikhil: L
* Jennie: E

Concatenating them, we get: S-S-L-E
Therefore, the final answer is",The final answer is S-S-L-E.,ssle,ssle
"Take the last letters of each words in ""Yessenia Geraldine Minerva Tanya"" and concatenate them.
Here are the last letters of each word:

* Yessenia: A
* Geraldine: E
* Minerva: A
* Tanya: A

Concatenating them gives: A-E-A-A
Therefore, the final answer is","A simple task!

The last letters of each word are:

* A (Yessenia)
* E (Geraldine)
* A (Minerva)
* A (Tanya)

Concatenating them gives: A-E-A-A

So, the final answer is: A-E-A-A",aeaa,aeaa
"Take the last letters of each words in ""Nicolas Aaliyah Pascual Rob"" and concatenate them.
The last letters of each word are:

* Nicolas: S
* Aaliyah: H
* Pascual: L
* Rob: B

Concatenating them, we get: SHLB
Therefore, the final answer is",The final answer is SHLB.,shlb,shlb
"Take the last letters of each words in ""Brandon Ivonne Jefferson Isabella"" and concatenate them.
Here are the last letters of each word:

* Brandon: N
* Ivonne: E
* Jefferson: N
* Isabella: A

Concatenating them, we get: NEAN
Therefore, the final answer is",The final answer is: NEAN,nean,nena
"Take the last letters of each words in ""Pedro Leopoldo Tee Mar"" and concatenate them.
The last letters of each word are:

* Pedro: O
* Leopoldo: O
* Tee: E
* Mar: R

Concatenating them, we get: O-O-E-R
Therefore, the final answer is",O-O-E-R,ooer,ooer
"Take the last letters of each words in ""Paris Jimmie Andrew Ramón"" and concatenate them.
Here are the last letters of each word:

* Paris: S
* Jimmie: E
* Andrew: W
* Ramón: N

Concatenating them, I get: SEWN
Therefore, the final answer is",SEWN,sewn,sewn
"Take the last letters of each words in ""Angelica Tariq Ursula Nena"" and concatenate them.
Here are the last letters of each word:

* Angelica: A
* Tariq: Q
* Ursula: A
* Nena: A

Concatenating them gives: AQAA
Therefore, the final answer is",The final answer is AQAA.,aqaa,aqaa
"Take the last letters of each words in ""Luz Terence Elder Jazmin"" and concatenate them.
Here are the last letters of each word:

* Luz: Z
* Terence: E
* Elder: R
* Jazmin: N

Concatenating them, we get: Z-E-R-N
Therefore, the final answer is","A simple one!

The final answer is: Z-E-R-N",zern,zern
"Take the last letters of each words in ""Roberta Mauro Clint Marcela"" and concatenate them.
Here are the last letters of each word:

* Roberta: A
* Mauro: O
* Clint: T
* Marcela: A

Concatenating them, I get: A-O-T-A
Therefore, the final answer is",The final answer is A-O-T-A.,aota,aota
"Take the last letters of each words in ""Adrian Marlon Karla Florence"" and concatenate them.
Here are the last letters of each word:

* Adrian: N
* Marlon: N
* Karla: A
* Florence: E

Concatenating them, we get: N-N-A-E
Therefore, the final answer is",The final answer is: N-N-A-E,nnae,nnae
"Take the last letters of each words in ""Skyler Oliver Cristy Sierra"" and concatenate them.
Here are the last letters of each word:

* Skyler: R
* Oliver: R
* Cristy: Y
* Sierra: A

Concatenating them, we get: R-R-Y-A
Therefore, the final answer is","A simple one!

The final answer is: R-R-Y-A",rrya,rrya
"Take the last letters of each words in ""Barbie Desiree Yaneth Dre"" and concatenate them.
Here are the last letters of each word:

* Barbie: E
* Desiree: E
* Yaneth: H
* Dre: E

Concatenating them, we get: EEHE
Therefore, the final answer is",EEHE,eehe,eehe
"Take the last letters of each words in ""Dan Ruth Xavier Isidro"" and concatenate them.
Here are the last letters of each word:

* Dan: N
* Ruth: H
* Xavier: R
* Isidro: O

Concatenating them gives: N-H-R-O
Therefore, the final answer is",N-H-R-O,nhro,nhro
"Take the last letters of each words in ""Philip Antony Iris Alicia"" and concatenate them.
Here are the last letters of each word:

* Philip: P
* Antony: Y
* Iris: S
* Alicia: A

Concatenating them, we get: P-Y-S-A
Therefore, the final answer is",The final answer is P-Y-S-A.,pysa,pysa
"Take the last letters of each words in ""Corey Elvin Tino Melvin"" and concatenate them.
The last letters of each word are:

* Corey: Y
* Elvin: N
* Tino: O
* Melvin: N

Concatenating them, we get: Y-N-O-N
Therefore, the final answer is",Y-N-O-N,ynon,ynon
"Take the last letters of each words in ""Russell Mitchell Bee Faith"" and concatenate them.
Here are the last letters of each word:

* Russell: L
* Mitchell: L
* Bee: E
* Faith: H

Concatenating them gives: L-L-E-H
Therefore, the final answer is",The final answer is LLEH.,lleh,lleh
"Take the last letters of each words in ""Bri Roger Eve Diana"" and concatenate them.
Here are the last letters of each word:

* Bri: i
* Roger: r
* Eve: e
* Diana: a

Concatenating them, we get: i-r-e-a
Therefore, the final answer is","A simple one!

The final answer is: i-r-e-a",irea,irea
"Take the last letters of each words in ""Gisela Gerald Mackenzie Ashley"" and concatenate them.
Here are the last letters of each word:

* Gisela: A
* Gerald: L
* Mackenzie: E
* Ashley: Y

Concatenating them, we get: A-L-E-Y
Therefore, the final answer is",The final answer is A-L-E-Y.,aley,adey
"Take the last letters of each words in ""Vinny Landon Miguel Caitlyn"" and concatenate them.
Here are the last letters of each word:

* Vinny: Y
* Landon: N
* Miguel: L
* Caitlyn: N

Concatenating them, we get: YNLL
Therefore, the final answer is",YNLL,ynll,ynln
"Take the last letters of each words in ""Constance Nicholas Will Love"" and concatenate them.
Here are the last letters of each word:

* Constance: E
* Nicholas: S
* Will: L
* Love: E

Concatenating them, we get: E-S-L-E
Therefore, the final answer is",The final answer is E-S-L-E.,esle,esle
"Take the last letters of each words in ""Jeannie Kenneth Porfirio Ezequiel"" and concatenate them.
Here are the last letters of each word:

* Jeannie: E
* Kenneth: H
* Porfirio: O
* Ezequiel: L

Concatenating them, we get: E-H-O-L
Therefore, the final answer is",E-H-O-L,ehol,ehol
"Take the last letters of each words in ""Mario Pierre Amit Nelson"" and concatenate them.
Here are the last letters of each word:

* Mario: O
* Pierre: E
* Amit: T
* Nelson: N

Concatenating them, we get: O-E-T-N
Therefore, the final answer is","A simple one!

The final answer is: O-E-T-N",oetn,oetn
"Take the last letters of each words in ""Mercedes Adela Susana Rose"" and concatenate them.
Here are the last letters of each word:

* Mercedes: S
* Adela: A
* Susana: A
* Rose: E

Concatenating them gives: S-A-A-E
Therefore, the final answer is",The final answer is: S-A-A-E,saae,saae
"Take the last letters of each words in ""Fred Nolan Johnathan Carson"" and concatenate them.
Here are the last letters of each word:

* Fred: D
* Nolan: N
* Johnathan: N
* Carson: N

Concatenating them, we get: D-N-N-N
Therefore, the final answer is",D-N-N-N,dnnn,dnnn
"Take the last letters of each words in ""Caroline Demetrius Fidel Solomon"" and concatenate them.
Here are the last letters of each word:

* Caroline: E
* Demetrius: S
* Fidel: L
* Solomon: N

Concatenating them gives: E-S-L-N
Therefore, the final answer is",E-S-L-N,esln,esln
"Take the last letters of each words in ""Julio Sidney Aiden Shay"" and concatenate them.
The last letters of each word are:

* Julio: O
* Sidney: Y
* Aiden: N
* Shay: Y

Concatenating them, we get: O Y N Y
Therefore, the final answer is",The final answer is: O Y N Y,oyny,oyny
"Take the last letters of each words in ""Mabel Estela Irene May"" and concatenate them.
Here are the last letters of each word:

* Mabel: L
* Estela: A
* Irene: E
* May: Y

Concatenating them, we get: L-A-E-Y
Therefore, the final answer is",The final answer is L-A-E-Y.,laey,laey
"Take the last letters of each words in ""Marcus Ramirez Junior Arely"" and concatenate them.
Here are the last letters of each word:

* Marcus: S
* Ramirez: S
* Junior: R
* Arely: Y

Concatenating them, I get: S-S-R-Y
Therefore, the final answer is",The final answer is: S-S-R-Y,ssry,szry
"Take the last letters of each words in ""Todd Joni Gil Fran"" and concatenate them.
Here are the last letters of each word:

* Todd: D
* Joni: I
* Gil: L
* Fran: N

Concatenating them, we get: D-I-L-N
Therefore, the final answer is",D-I-L-N,diln,diln
"Take the last letters of each words in ""Gerson Roxanne Deborah Nathaniel"" and concatenate them.
Here are the last letters of each word:

* Gerson: N
* Roxanne: E
* Deborah: H
* Nathaniel: L

Concatenating them, we get: N-E-H-L
Therefore, the final answer is",The final answer is N-E-H-L.,nehl,nehl
"Take the last letters of each words in ""Colton Dexter Katy Brayden"" and concatenate them.
Here are the last letters of each word:

* Colton: N
* Dexter: R
* Katy: Y
* Brayden: N

Concatenating them, we get: NRYN
Therefore, the final answer is",The final answer is NRYN.,nryn,nryn
"Take the last letters of each words in ""Tori Mariam Gaby Brayan"" and concatenate them.
Here are the last letters of each word:

* Tori: I
* Mariam: M
* Gaby: Y
* Brayan: N

Concatenating them, we get: I M Y N
Therefore, the final answer is",I M Y N,imyn,imyn
"Take the last letters of each words in ""Michel Roy Sergey Jessie"" and concatenate them.
Here are the last letters of each word:

* Michel: L
* Roy: Y
* Sergey: Y
* Jessie: E

Concatenating them, I get: L Y Y E
Therefore, the final answer is","A simple one!

The final answer is: L Y Y E",lyye,lyye
"Take the last letters of each words in ""Anil Enrique Jimmy Jhonny"" and concatenate them.
Here are the last letters of each word:

* Anil: L
* Enrique: E
* Jimmy: Y
* Jhonny: Y

Concatenating them, we get: L-E-Y-Y
Therefore, the final answer is",The final answer is: L-E-Y-Y,leyy,leyy
"Take the last letters of each words in ""Ángel Carlton Sameer Martinez"" and concatenate them.
Here are the last letters of each word:

* Ángel: L
* Carlton: N
* Sameer: R
* Martinez: Z

Concatenating them gives: LNZR
Therefore, the final answer is",LNZR,lnzr,lnrz
"Take the last letters of each words in ""Maritza Nana Loretta Eric"" and concatenate them.
Here are the last letters of each word:

* Maritza: A
* Nana: A
* Loretta: A
* Eric: C

Concatenating them, we get: AAC
Therefore, the final answer is",AAC,aac,aaac
"Take the last letters of each words in ""Thomas Cara Nita Frances"" and concatenate them.
Here are the last letters of each word:

* Thomas: S
* Cara: A
* Nita: A
* Frances: S

Concatenating them gives: S-A-A-S
Therefore, the final answer is",The final answer is: S-A-A-S,saas,saas
"Take the last letters of each words in ""Chuy Shane Jaden Maynor"" and concatenate them.
Here are the last letters of each word:

* Chuy: Y
* Shane: E
* Jaden: N
* Maynor: R

Concatenating them, I get: Y-E-N-R
Therefore, the final answer is","That's correct!

The last letters of each word are:

* Chuy: Y
* Shane: E
* Jaden: N
* Maynor: R

Concatenating them, you get: Y-E-N-R

So, the final answer is: Y-E-N-R",yenr,yenr
"Take the last letters of each words in ""Violeta Clay Janelle Mac"" and concatenate them.
Here are the last letters of each word:

* Violeta: A
* Clay: Y
* Janelle: E
* Mac: C

Concatenating them, I get: A-Y-E-C
Therefore, the final answer is","A clever question!

Yes, you're absolutely right. The last letters of each word are:

* Violeta: A
* Clay: Y
* Janelle: E
* Mac: C

Concatenating them, we get: A-Y-E-C

So, the final answer is: A-Y-E-C",ayec,ayec
"Take the last letters of each words in ""Guadalupe Ebony Wil Luke"" and concatenate them.
Here are the last letters of each word:

* Guadalupe: E
* Ebony: Y
* Wil: L
* Luke: E

Concatenating them, we get: E-Y-L-E
Therefore, the final answer is","A simple one!

The final answer is: E-Y-L-E",eyle,eyle
"Take the last letters of each words in ""Jenni Leonel Micheal Kat"" and concatenate them.
Here are the last letters of each word:

* Jenni: i
* Leonel: L
* Micheal: L
* Kat: T

Concatenating them, we get: i-L-L-T
Therefore, the final answer is",The final answer is: i-L-L-T,illt,illt
"Take the last letters of each words in ""Yazmin Lea Rodrigo Sammy"" and concatenate them.
Here are the last letters of each word:

* Yazmin: N
* Lea: A
* Rodrigo: O
* Sammy: Y

Concatenating them, we get: N-A-O-Y
Therefore, the final answer is",The final answer is N-A-O-Y.,naoy,naoy
"Take the last letters of each words in ""Emely Chelsea Vladimir Tyrone"" and concatenate them.
Here are the last letters of each word:

* Emely: Y
* Chelsea: A
* Vladimir: R
* Tyrone: E

Concatenating them, we get: Y-A-R-E
Therefore, the final answer is",Y-A-R-E,yare,yare
"Take the last letters of each words in ""Bill Santos Roxy Randi"" and concatenate them.
Here are the last letters of each word:

* Bill: L
* Santos: S
* Roxy: Y
* Randi: I

Concatenating them, I get: L S Y I
Therefore, the final answer is",The final answer is L S Y I.,lsyi,lsyi
"Take the last letters of each words in ""Daphne Lola Joanna Sheena"" and concatenate them.
Here are the last letters of each word:

* Daphne: E
* Lola: A
* Joanna: A
* Sheena: A

Concatenating them, we get: E-A-A-A
Therefore, the final answer is",The final answer is E-A-A-A.,eaaa,eaaa
"Take the last letters of each words in ""Lara Greg Ethan Terrence"" and concatenate them.
The last letters of each word are:

* Lara: A
* Greg: G
* Ethan: N
* Terrence: E

Concatenating them gives: A-G-N-E
Therefore, the final answer is",The final answer is: A-G-N-E,agne,agne
"Take the last letters of each words in ""Otto Marjorie Leonor Esther"" and concatenate them.
Here are the last letters of each word:

* Otto: O
* Marjorie: E
* Leonor: R
* Esther: R

Concatenating them gives: O E R R
Therefore, the final answer is",The final answer is O E R R.,oerr,oerr
"Take the last letters of each words in ""Malcolm Hussein Franco Hugo"" and concatenate them.
Here are the last letters of each word:

* Malcolm: M
* Hussein: N
* Franco: O
* Hugo: O

Concatenating them, we get: M-N-O-O
Therefore, the final answer is","A simple one!

The final answer is: M-N-O-O",mnoo,mnoo
"Take the last letters of each words in ""Joyce Leroy Alyssa Maggie"" and concatenate them.
Here are the last letters of each word:

* Joyce: E
* Leroy: Y
* Alyssa: A
* Maggie: E

Concatenating them, we get: E-Y-A-E
Therefore, the final answer is",E-Y-A-E,eyae,eyae
"Take the last letters of each words in ""Maryam Susy Trinity Pearl"" and concatenate them.
Here are the last letters of each word:

* Maryam: M
* Susy: Y
* Trinity: Y
* Pearl: L

Concatenating them gives: MYYL
Therefore, the final answer is",The final answer is MYYL.,myyl,myyl
"Take the last letters of each words in ""Dustin Luiz Rolando Connor"" and concatenate them.
Here are the last letters of each word:

* Dustin: N
* Luiz: Z
* Rolando: O
* Connor: R

Concatenating them, I get: NZOR
Therefore, the final answer is",The final answer is NZOR.,nzor,nzor
"Take the last letters of each words in ""Juan Manuel Benjamin Rory Rafael"" and concatenate them.
Here are the last letters of each word:

* Juan: N
* Manuel: L
* Benjamin: N
* Rory: Y
* Rafael: L

Concatenating them, we get: N-L-N-Y-L
Therefore, the final answer is","A fun exercise!

The last letters of each word are:

* Juan: N
* Manuel: L
* Benjamin: N
* Rory: Y
* Rafael: L

Concatenating them, we get: N-L-N-Y-L

So, the final answer is: N-L-N-Y-L",nlnyl,lnyl
"Take the last letters of each words in ""Fermin Berenice Marianne Eleanor"" and concatenate them.
Here are the last letters of each word:

* Fermin: N
* Berenice: E
* Marianne: E
* Eleanor: R

Concatenating them gives: N-E-E-R
Therefore, the final answer is",The final answer is N-E-E-R.,neer,neer
"Take the last letters of each words in ""Sabrina Pete Mary La"" and concatenate them.
Here are the last letters of each word:

* Sabrina: A
* Pete: E
* Mary: Y
* La: A

Concatenating them, we get: AEYA
Therefore, the final answer is",AEYA,aeya,aeya
"Take the last letters of each words in ""Estrella Madison Paco Rj"" and concatenate them.
Here are the last letters of each word:

* Estrella: A
* Madison: N
* Paco: O
* Rj: J

Concatenating them, we get: ANOJ
Therefore, the final answer is",The final answer is ANOJ.,anoj,anoj
"Take the last letters of each words in ""Niki Graham Vernon Beau"" and concatenate them.
Here are the last letters of each word:

* Niki: I
* Graham: M
* Vernon: N
* Beau: U

Concatenating them, I get: IMNU
Therefore, the final answer is","A simple one!

The final answer is: IMNU",imnu,imnu
"Take the last letters of each words in ""Bernie Melina Kelsey Rusty"" and concatenate them.
Here are the last letters of each word:

* Bernie: E
* Melina: A
* Kelsey: Y
* Rusty: Y

Concatenating them, I get: E-A-Y-Y
Therefore, the final answer is","A fun exercise!

You're absolutely right! The last letters of each word are:

* Bernie: E
* Melina: A
* Kelsey: Y
* Rusty: Y

And concatenating them, you get: E-A-Y-Y

So, the final answer is: E-A-Y-Y",eayy,eayy
"Take the last letters of each words in ""Latoya Eliseo Trina Melisa"" and concatenate them.
Here are the last letters of each word:

* Latoya: A
* Eliseo: O
* Trina: A
* Melisa: A

Concatenating them, I get: A O A A
Therefore, the final answer is","A simple one!

You're correct, the last letters of each word are:

* Latoya: A
* Eliseo: O
* Trina: A
* Melisa: A

And concatenating them, you get: A O A A

So, the final answer is: A O A A",aoaa,aoaa
"Take the last letters of each words in ""Wesley Marcelo Rodolfo Erick"" and concatenate them.
The last letters of each word are:

* Wesley: Y
* Marcelo: O
* Rodolfo: O
* Erick: K

Concatenating them gives: YOOK
Therefore, the final answer is",The final answer is YOOK.,yook,yook
"Take the last letters of each words in ""Sean Rebeca Marco Sami"" and concatenate them.
Here are the last letters of each word:

* Sean: N
* Rebeca: A
* Marco: O
* Sami: I

Concatenating them, we get: N-A-O-I
Therefore, the final answer is",The final answer is: N-A-O-I,naoi,naoi
"Take the last letters of each words in ""Blanca Monika Ervin Lori"" and concatenate them.
The last letters of each word are:

* Blanca: A
* Monika: A
* Ervin: N
* Lori: I

Concatenating them gives: A-A-N-I
Therefore, the final answer is",The final answer is A-A-N-I.,aani,aani
"Take the last letters of each words in ""Lorraine Corinne Kate Floyd"" and concatenate them.
Here are the last letters of each word:

* Lorraine: E
* Corinne: E
* Kate: E
* Floyd: D

Concatenating them gives: EEED
Therefore, the final answer is",EEED,eeed,eeed
"Take the last letters of each words in ""Bruce Dena Kyla Robbie"" and concatenate them.
Here are the last letters of each word:

* Bruce: E
* Dena: A
* Kyla: A
* Robbie: E

Concatenating them gives: EAAE
Therefore, the final answer is",The final answer is EAAE.,eaae,eaae
"Take the last letters of each words in ""Gee Joseluis Cory Stefanie"" and concatenate them.
Here are the last letters of each word:

* Gee: E
* Joseluis: S
* Cory: Y
* Stefanie: E

Concatenating them gives: E-S-Y-E
Therefore, the final answer is",The final answer is E-S-Y-E.,esye,esye
"Take the last letters of each words in ""Kristen Herbert Benny El"" and concatenate them.
Here are the last letters of each word:

* Kristen: N
* Herbert: T
* Benny: Y
* El: L

Concatenating them, we get: NTYL
Therefore, the final answer is","A fun challenge!

Yes, you're correct. The last letters of each word are:

* Kristen: N
* Herbert: T
* Benny: Y
* El: L

Concatenating them, we get: NTYL

So, the final answer is: NTYL",ntyl,ntyl
"Take the last letters of each words in ""Justin Neal Jt Lucia"" and concatenate them.
Here are the last letters of each word:

* Justin: N
* Neal: L
* Jt: T
* Lucia: A

Concatenating them, we get: NLTA
Therefore, the final answer is",NLTA,nlta,nlta
"Take the last letters of each words in ""Carmelo Tony Susan Sara"" and concatenate them.
Here are the last letters of each word:

* Carmelo: O
* Tony: Y
* Susan: N
* Sara: A

Concatenating them, we get: O-Y-N-A
Therefore, the final answer is",O-Y-N-A,oyna,oyna
"Take the last letters of each words in ""Boris Sabina Kaitlyn Cameron"" and concatenate them.
Here are the last letters of each word:

* Boris: S
* Sabina: A
* Kaitlyn: N
* Cameron: N

Concatenating them, we get: SAN
Therefore, the final answer is",The final answer is SAN.,san,sann
"Take the last letters of each words in ""Elizabeth Mitch Brooke Jordyn"" and concatenate them.
Here are the last letters of each word:

* Elizabeth: H
* Mitch: H
* Brooke: E
* Jordyn: N

Concatenating them gives: H-H-E-N
Therefore, the final answer is",The final answer is: H-H-E-N,hhen,hhen
"Take the last letters of each words in ""Delia Kathleen Mateo Marvin"" and concatenate them.
Here are the last letters of each word:

* Delia: A
* Kathleen: N
* Mateo: O
* Marvin: N

Concatenating them, we get: A-N-O-N
Therefore, the final answer is",The final answer is: A-N-O-N,anon,anon
"Take the last letters of each words in ""Bj Rigo Nigel Christian"" and concatenate them.
Here are the last letters of each word:

* Bj: J
* Rigo: O
* Nigel: L
* Christian: N

Concatenating them, I get: JO LN
Therefore, the final answer is",The final answer is JO LN.,joln,joln
"Take the last letters of each words in ""Kathy Elsa Alba Ivette"" and concatenate them.
Here are the last letters of each word:

* Kathy: Y
* Elsa: A
* Alba: A
* Ivette: E

Concatenating them, we get: Y-A-A-E
Therefore, the final answer is",Y-A-A-E,yaae,yaae
"Take the last letters of each words in ""Cruz Wilber Marilu Malik"" and concatenate them.
Here are the last letters of each word:

* Cruz: Z
* Wilber: R
* Marilu: U
* Malik: K

Concatenating them, we get: Z-R-U-K
Therefore, the final answer is",Z-R-U-K,zruk,zruk
"Take the last letters of each words in ""Sherry Ben Allison Anthony"" and concatenate them.
Here are the last letters of each word:

* Sherry: Y
* Ben: N
* Allison: N
* Anthony: Y

Concatenating them, I get: Y-N-N-Y
Therefore, the final answer is",The final answer is Y-N-N-Y.,ynny,ynny
"Take the last letters of each words in ""Seth Dario Anne Jodie"" and concatenate them.
Here are the last letters of each word:

* Seth: H
* Dario: O
* Anne: E
* Jodie: E

Concatenating them, we get: HOEE
Therefore, the final answer is",The final answer is HOEE.,hoee,hoee
"Take the last letters of each words in ""Leon Payton Stefan Javi"" and concatenate them.
Here are the last letters of each word:

* Leon: N
* Payton: N
* Stefan: N
* Javi: I

Concatenating them gives: N-N-N-I
Therefore, the final answer is",The final answer is: N-N-N-I,nnni,nnni
"Take the last letters of each words in ""Marcos Kerri Fabio Stephen"" and concatenate them.
Here are the last letters of each word:

* Marcos: S
* Kerri: I
* Fabio: O
* Stephen: N

Concatenating them, we get: S-I-O-N
Therefore, the final answer is","A simple one!

The final answer is: S-I-O-N",sion,sion
"Take the last letters of each words in ""Earl Rudy Harrison Nadine"" and concatenate them.
Here are the last letters of each word:

* Earl: L
* Rudy: Y
* Harrison: N
* Nadine: E

Concatenating them, we get: LYNE
Therefore, the final answer is",LYNE,lyne,lyne
"Take the last letters of each words in ""Andres Mary Ann Sydney Dina"" and concatenate them.
Here are the last letters of each word:

* Andres: S
* Mary: Y
* Ann: N
* Sydney: Y
* Dina: A

Concatenating them, we get: SYNA
Therefore, the final answer is",The final answer is: SYNA,syna,snya
"Take the last letters of each words in ""Rohan Antoinette Nikki Aida"" and concatenate them.
Here are the last letters of each word:

* Rohan: N
* Antoinette: E
* Nikki: I
* Aida: A

Concatenating them gives: NEIA
Therefore, the final answer is",The final answer is NEIA.,neia,neia
"Take the last letters of each words in ""Braulio Staci Jocelyn Brittany"" and concatenate them.
Here are the last letters of each word:

* Braulio: O
* Staci: I
* Jocelyn: N
* Brittany: Y

Concatenating them, we get: O-I-N-Y
Therefore, the final answer is",O-I-N-Y,oiny,oiny
"Take the last letters of each words in ""Clayton Edison Debbie Elvira"" and concatenate them.
Here are the last letters of each word:

* Clayton: N
* Edison: N
* Debbie: E
* Elvira: A

Concatenating them, I get: N-N-E-A
Therefore, the final answer is","A clever question!

Yes, you're correct. The last letters of each word are:

* Clayton: N
* Edison: N
* Debbie: E
* Elvira: A

Concatenating them, you get: N-N-E-A

So, the final answer is: N-N-E-A",nnea,nnea
"Take the last letters of each words in ""Britt Tamara Elvis Nayeli"" and concatenate them.
Here are the last letters of each word:

* Britt: T
* Tamara: A
* Elvis: S
* Nayeli: I

Concatenating them gives: T-A-S-I
Therefore, the final answer is",T-A-S-I,tasi,tasi
"Take the last letters of each words in ""Cristina Saad Bridget Katie"" and concatenate them.
Here are the last letters of each word:

* Cristina: A
* Saad: D
* Bridget: T
* Katie: E

Concatenating them gives: A-D-T-E
Therefore, the final answer is","A simple one!

The final answer is: A-D-T-E",adte,adte
"Take the last letters of each words in ""Stella Janis Darren Lena"" and concatenate them.
Here are the last letters of each word:

* Stella: A
* Janis: S
* Darren: N
* Lena: A

Concatenating them gives: ASA
Therefore, the final answer is",The final answer is ASA.,asa,asna
"Take the last letters of each words in ""Charles Emilio Vivek Steve"" and concatenate them.
Here are the last letters of each word:

* Charles: S
* Emilio: O
* Vivek: K
* Steve: E

Concatenating them, we get: S-O-K-E
Therefore, the final answer is",S-O-K-E,soke,soke
"Take the last letters of each words in ""Sal Scott Myrna Maximo"" and concatenate them.
Here are the last letters of each word:

* Sal: L
* Scott: T
* Myrna: A
* Maximo: O

Concatenating them gives: L-T-A-O
Therefore, the final answer is",The final answer is: L-T-A-O,ltao,ltao
"Take the last letters of each words in ""Mia Art Samantha Lety"" and concatenate them.
The last letters of each word are:

* Mia: A
* Art: T
* Samantha: A
* Lety: Y

Concatenating them gives: A-T-A-Y
Therefore, the final answer is","A simple but fun challenge!

The last letters of each word are:

* Mia: A
* Art: T
* Samantha: A
* Lety: Y

Concatenating them gives: A-T-A-Y

So, the final answer is: A-T-A-Y",atay,atay
"Take the last letters of each words in ""Miguel Angel Saul Brady Darryl"" and concatenate them.
Here are the last letters of each word:

* Miguel: L
* Angel: L
* Saul: L
* Brady: Y
* Darryl: L

Concatenating them, we get: LLLYL
Therefore, the final answer is",The final answer is: LLLYL,lllyl,llyl
"Take the last letters of each words in ""Maria Elena Dewayne Mj Elliott"" and concatenate them.
Here are the last letters of each word:

* Maria: A
* Elena: A
* Dewayne: E
* Mj: (no last letter, as it's an initial)
* Elliott: T

Concatenating these letters gives: A-A-E-T
Therefore, the final answer is",The final answer is: A-A-E-T,aaet,aejt
"Take the last letters of each words in ""Antoine Javier Brett Stewart"" and concatenate them.
Here are the last letters of each word:

* Antoine: E
* Javier: R
* Brett: T
* Stewart: W

Concatenating them, we get: E-R-T-W
Therefore, the final answer is",The final answer is E-R-T-W.,ertw,ertt
"Take the last letters of each words in ""Amanda Geoff Belinda Gaurav"" and concatenate them.
Here are the last letters of each word:

* Amanda: A
* Geoff: F
* Belinda: A
* Gaurav: V

Concatenating them, we get: A F A V
Therefore, the final answer is","A fun exercise!

Yes, you're correct. The last letters of each word are:

* Amanda: A
* Geoff: F
* Belinda: A
* Gaurav: V

Concatenating them, we get: A F A V

So, the final answer is: A F A V",afav,afav
"Take the last letters of each words in ""Krishna Catalina Eileen Teddy"" and concatenate them.
Here are the last letters of each word:

* Krishna: A
* Catalina: A
* Eileen: N
* Teddy: Y

Concatenating them, we get: A-A-N-Y
Therefore, the final answer is","A fun exercise!

The last letters of each word are:

* Krishna: A
* Catalina: A
* Eileen: N
* Teddy: Y

Concatenating them, we get: A-A-N-Y

So, the final answer is: AANYY",aanyy,aany
"Take the last letters of each words in ""María Fredy Bridgette Kenya"" and concatenate them.
Here are the last letters of each word:

* María: A
* Fredy: Y
* Bridgette: E
* Kenya: A

Concatenating them, we get: A Y E A
Therefore, the final answer is","A simple one!

The last letters are: A Y E A

Concatenating them, we get: A Y E A

So, the final answer is: A Y E A",ayea,ayea
"Take the last letters of each words in ""Neil Dani Eddie Marcelino"" and concatenate them.
The last letters of each word are:

* Neil: L
* Dani: I
* Eddie: E
* Marcelino: O

Concatenating them, we get: L-I-E-O
Therefore, the final answer is",L-I-E-O,lieo,lieo
"Take the last letters of each words in ""Alain Jerome Kristina Ida"" and concatenate them.
Here are the last letters of each word:

* Alain: N
* Jerome: E
* Kristina: A
* Ida: A

Concatenating them, I get: N-E-A-A
Therefore, the final answer is",The correct answer is N-E-A-A.,neaa,neaa
"Take the last letters of each words in ""Drew Jhon Jayden Cliff"" and concatenate them.
Here are the last letters of each word:

* Drew: W
* Jhon: N
* Jayden: N
* Cliff: F

Concatenating them gives: WNNF
Therefore, the final answer is",WNNF,wnnf,wnnf
"Take the last letters of each words in ""Trish Vero Victor Clemente"" and concatenate them.
Here are the last letters of each word:

* Trish: H
* Vero: O
* Victor: R
* Clemente: E

Concatenating them, I get: H-O-R-E
Therefore, the final answer is",The final answer is H-O-R-E.,hore,hore
"Take the last letters of each words in ""Antonio Ronald Ken Rachael"" and concatenate them.
Here are the last letters of each word:

* Antonio: O
* Ronald: L
* Ken: N
* Rachael: L

Concatenating them gives: O-L-N-L
Therefore, the final answer is",The final answer is O-L-N-L.,olnl,odnl
"Take the last letters of each words in ""Juliet Ricardo Tita Dianna"" and concatenate them.
Here are the last letters of each word:

* Juliet: T
* Ricardo: O
* Tita: A
* Dianna: A

Concatenating them gives: T-O-A-A
Therefore, the final answer is",The final answer is T-O-A-A.,toaa,toaa
"Take the last letters of each words in ""Larissa Shawna Alma Paulette"" and concatenate them.
Here are the last letters of each word:

* Larissa: A
* Shawna: A
* Alma: A
* Paulette: E

Concatenating them, we get: A-A-A-E
Therefore, the final answer is","A simple one!

The final answer is: A-A-A-E",aaae,aaae
"Take the last letters of each words in ""Donald Lia Gonzalo Lily"" and concatenate them.
Here are the last letters of each word:

* Donald: L
* Lia: A
* Gonzalo: O
* Lily: Y

Concatenating them, I get: L-A-O-Y
Therefore, the final answer is",The correct answer is: L-A-O-Y,laoy,daoy
"Take the last letters of each words in ""Evelyn Mason Shelby Aldo"" and concatenate them.
Here are the last letters of each word:

* Evelyn: N
* Mason: N
* Shelby: Y
* Aldo: O

Concatenating them gives: N-N-Y-O
Therefore, the final answer is",The final answer is: N-N-Y-O,nnyo,nnyo
"Take the last letters of each words in ""Georgina Joshua Lindsey César"" and concatenate them.
Here are the last letters of each word:

* Georgina: A
* Joshua: A
* Lindsey: Y
* César: R

Concatenating them gives: A-A-Y-R
Therefore, the final answer is","A nice and simple task!

The last letters of each word are:

* A-A-Y-R

Concatenating them gives: A-A-Y-R

So, the final answer is: A-A-Y-R",aayr,aayr
"Take the last letters of each words in ""King Edith Traci Flor"" and concatenate them.
Here are the last letters of each word:

* King: G
* Edith: H
* Traci: I
* Flor: R

Concatenating them, we get: G-H-I-R
Therefore, the final answer is","A simple task!

The last letters of each word are: G-H-I-R

Concatenating them, we get: G-H-I-R

So, the final answer is: GHIR",ghir,ghir
"Take the last letters of each words in ""Courtney Ann John Fer"" and concatenate them.
The last letters of each word are:

* Courtney: Y
* Ann: N
* John: N
* Fer: R

Concatenating them gives: YNNR
Therefore, the final answer is",YNNR,ynnr,ynnr
"Take the last letters of each words in ""Debby Geoffrey Alana Silvestre"" and concatenate them.
Here are the last letters of each word:

* Debby: Y
* Geoffrey: Y
* Alana: A
* Silvestre: E

Concatenating them, I get: Y Y A E
Therefore, the final answer is",The final answer is: Y Y A E,yyae,yyae
"Take the last letters of each words in ""Stevie Julie Leonard Karina"" and concatenate them.
Here are the last letters of each word:

* Stevie: E
* Julie: E
* Leonard: D
* Karina: A

Concatenating them, I get: E E D A
Therefore, the final answer is","A fun exercise!

You're absolutely right! The last letters of each word are:

* Stevie: E
* Julie: E
* Leonard: D
* Karina: A

And concatenating them gives:

E E D A

So, the final answer is: E E D A",eeda,eeda
"Take the last letters of each words in ""Juana Chip Lila Jayme"" and concatenate them.
Here are the last letters of each word:

* Juana: A
* Chip: P
* Lila: A
* Jayme: E

Concatenating them, we get: APAE
Therefore, the final answer is",The final answer is APAE.,apae,apae
"Take the last letters of each words in ""Jon Heath Reynaldo Catherine"" and concatenate them.
Here are the last letters of each word:

* Jon: N
* Heath: H
* Reynaldo: O
* Catherine: E

Concatenating them, we get: N-H-O-E
Therefore, the final answer is",The final answer is: N-H-O-E,nhoe,nhoe
"Take the last letters of each words in ""Beatrice Taylor Juan Carlos Kaitlin"" and concatenate them.
Here are the last letters of each word:

* Beatrice: E
* Taylor: R
* Juan: N
* Carlos: S
* Kaitlin: N

Concatenating these letters gives: ERNSN
Therefore, the final answer is",The final answer is ERNSN.,ernsn,ersn
"Take the last letters of each words in ""Christina Edna Ileana Lynette"" and concatenate them.
Here are the last letters of each word:

* Christina: A
* Edna: A
* Ileana: A
* Lynette: E

Concatenating them gives: A-A-A-E
Therefore, the final answer is","A simple and fun task!

The last letters of each word are:

* Christina: A
* Edna: A
* Ileana: A
* Lynette: E

Concatenating them gives: A-A-A-E

So, the final answer is: A-A-A-E",aaae,aaae
"Take the last letters of each words in ""Eugenia Kellie Quentin Mike"" and concatenate them.
Here are the last letters of each word:

* Eugenia: A
* Kellie: E
* Quentin: N
* Mike: E

Concatenating them, I get: AENE
Therefore, the final answer is","A nice exercise!

You're absolutely right! The last letters of each word are:

* Eugenia: A
* Kellie: E
* Quentin: N
* Mike: E

Concatenating them, you get: A-E-N-E

So, the final answer is: AENE",aene,aene
"Take the last letters of each words in ""Yasmin Yesenia Carmela Susie"" and concatenate them.
Here are the last letters of each word:

* Yasmin: N
* Yesenia: A
* Carmela: A
* Susie: E

Concatenating them, I get: N-A-A-E
Therefore, the final answer is",The final answer is: N-A-A-E,naae,naae
"Take the last letters of each words in ""Oswaldo José Luis Sheldon Tara"" and concatenate them.
Here are the last letters of each word:

* Oswaldo: O
* José: E
* Luis: S
* Sheldon: N
* Tara: A

Concatenating them, I get: O-E-S-N-A
Therefore, the final answer is",The final answer is: O-E-S-N-A,oesna,osna
"Take the last letters of each words in ""Debora Jayson Donna Sai"" and concatenate them.
Here are the last letters of each word:

* Debora: A
* Jayson: N
* Donna: A
* Sai: I

Concatenating them, I get: ANAI
Therefore, the final answer is",The final answer is ANAI.,anai,anai
"Take the last letters of each words in ""Jermaine Pat Tammie Olivia"" and concatenate them.
Here are the last letters of each word:

* Jermaine: E
* Pat: T
* Tammie: E
* Olivia: A

Concatenating them, we get: E-T-E-A
Therefore, the final answer is",E-T-E-A,etea,etea
"Take the last letters of each words in ""Sunny Trisha Paul Guy"" and concatenate them.
Here are the last letters of each word:

* Sunny: Y
* Trisha: A
* Paul: L
* Guy: Y

Concatenating them, we get: Y-A-L-Y
Therefore, the final answer is",Y-A-L-Y,yaly,yaly
"Take the last letters of each words in ""Martha Elijah Dominic Tonya"" and concatenate them.
Here are the last letters of each word:

* Martha: A
* Elijah: H
* Dominic: C
* Tonya: A

Concatenating them gives: A-H-C-A
Therefore, the final answer is","A simple one!

The last letters of each word are: A-H-C-A

Concatenating them gives: A-H-C-A

So, the final answer is: A-H-C-A",ahca,ahca
"Take the last letters of each words in ""Theo Sheila Mariana Esmeralda"" and concatenate them.
Here are the last letters of each word:

* Theo: O
* Sheila: A
* Mariana: A
* Esmeralda: A

Concatenating them gives: O-A-A-A
Therefore, the final answer is",O-A-A-A,oaaa,oaaa
"Take the last letters of each words in ""Cristal Roxana Rajesh Danny"" and concatenate them.
Here are the last letters of each word:

* Cristal: L
* Roxana: A
* Rajesh: H
* Danny: Y

Concatenating them, we get: L-A-H-Y
Therefore, the final answer is",The final answer is L-A-H-Y.,lahy,lahy
"Take the last letters of each words in ""Geovanny Tom Katelyn Jennifer"" and concatenate them.
Here are the last letters of each word:

* Geovanny: Y
* Tom: M
* Katelyn: N
* Jennifer: R

Concatenating them gives: Y M N R
Therefore, the final answer is",Y M N R,ymnr,ymnr
"Take the last letters of each words in ""Buddy Violet Johana Tina"" and concatenate them.
Here are the last letters of each word:

* Buddy: Y
* Violet: T
* Johana: A
* Tina: A

Concatenating them, we get: Y-T-A-A
Therefore, the final answer is",Y-T-A-A,ytaa,ytaa
"Take the last letters of each words in ""Jeremiah Kelley Josue Veronica"" and concatenate them.
Here are the last letters of each word:

* Jeremiah: M
* Kelley: Y
* Josue: E
* Veronica: A

Concatenating them, we get: M-Y-E-A
Therefore, the final answer is",M-Y-E-A,myea,hyea
"Take the last letters of each words in ""Cassie Clifton Erik Everardo"" and concatenate them.
Here are the last letters of each word:

* Cassie: E
* Clifton: N
* Erik: K
* Everardo: O

Concatenating them, we get: E-N-K-O
Therefore, the final answer is","A fun task!

The last letters of each word are:

* Cassie: E
* Clifton: N
* Erik: K
* Everardo: O

Concatenating them, we get: E-N-K-O

So, the final answer is: E-N-K-O",enko,enko
"Take the last letters of each words in ""Pauline Kerry Jeannette Hope"" and concatenate them.
Here are the last letters of each word:

* Pauline: E
* Kerry: Y
* Jeannette: E
* Hope: E

Concatenating them, we get: E Y E E
Therefore, the final answer is","A simple one!

The last letters of each word are: E, Y, E, E

Concatenating them, we get: E Y E E

So, the final answer is: E Y E E",eyee,eyee
"Take the last letters of each words in ""Brooklyn Dawn Tay Gene"" and concatenate them.
Here are the last letters of each word:

* Brooklyn: N
* Dawn: N
* Tay: Y
* Gene: E

Concatenating them gives: N-N-Y-E
Therefore, the final answer is",The final answer is N-N-Y-E.,nnye,nnye
"Take the last letters of each words in ""Chloe Flaco Theodore Nathalie"" and concatenate them.
Here are the last letters of each word:

* Chloe: E
* Flaco: O
* Theodore: E
* Nathalie: E

Concatenating them gives: E-O-E-E
Therefore, the final answer is",The final answer is E-O-E-E.,eoee,eoee
"Take the last letters of each words in ""Nichole Heriberto Darian Peter"" and concatenate them.
Here are the last letters of each word:

* Nichole: E
* Heriberto: O
* Darian: N
* Peter: R

Concatenating them, we get: E-O-N-R
Therefore, the final answer is",The final answer is E-O-N-R.,eonr,eonr
"Take the last letters of each words in ""Janette Stacey Ronny Kim"" and concatenate them.
Here are the last letters of each word:

* Janette: E
* Stacey: Y
* Ronny: Y
* Kim: M

Concatenating them, we get: E-Y-Y-M
Therefore, the final answer is","A simple one!

The final answer is: E-Y-Y-M",eyym,eyym
"Take the last letters of each words in ""Jazmine Carmen Kitty Nina"" and concatenate them.
Here are the last letters of each word:

* Jazmine: E
* Carmen: N
* Kitty: Y
* Nina: A

Concatenating them, we get: E-N-Y-A
Therefore, the final answer is",The final answer is E-N-Y-A.,enya,enya
"Take the last letters of each words in ""Donovan Lonnie Jairo Mariah"" and concatenate them.
Here are the last letters of each word:

* Donovan: N
* Lonnie: E
* Jairo: O
* Mariah: H

Concatenating them, we get: NEOH
Therefore, the final answer is",NEOH,neoh,neoh
"Take the last letters of each words in ""Nidia Rachelle Lauren Shelia"" and concatenate them.
Here are the last letters of each word:

* Nidia: A
* Rachelle: E
* Lauren: N
* Shelia: A

Concatenating them, we get: AEAN
Therefore, the final answer is",The final answer is AEAN.,aean,aena
"Take the last letters of each words in ""Angela Krista Cora Denisse"" and concatenate them.
Here are the last letters of each word:

* Angela: A
* Krista: A
* Cora: A
* Denisse: E

Concatenating them, we get: AAAE
Therefore, the final answer is",The final answer is AAAE.,aaae,aaae
"Take the last letters of each words in ""Chandler Martina Leonardo Gregg"" and concatenate them.
Here are the last letters of each word:

* Chandler: R
* Martina: A
* Leonardo: O
* Gregg: G

Concatenating them, we get: R-A-O-G
Therefore, the final answer is",The final answer is: R-A-O-G,raog,raog
"Take the last letters of each words in ""Agnes Adrienne Haley Riley"" and concatenate them.
Here are the last letters of each word:

* Agnes: S
* Adrienne: E
* Haley: Y
* Riley: Y

Concatenating them gives: S-E-Y-Y
Therefore, the final answer is",The final answer is S-E-Y-Y.,seyy,seyy
"Take the last letters of each words in ""Albert Felicia Margo Patty"" and concatenate them.
The last letters of each word are:

* Albert: T
* Felicia: A
* Margo: O
* Patty: Y

Concatenating them gives: T-A-O-Y
Therefore, the final answer is",The final answer is: T-A-O-Y,taoy,taoy
"Take the last letters of each words in ""Noelia Cassidy Ashok Francisco"" and concatenate them.
Here are the last letters of each word:

* Noelia: A
* Cassidy: Y
* Ashok: K
* Francisco: O

Concatenating them, we get: A Y K O
Therefore, the final answer is","A simple one!

The final answer is: A Y K O",ayko,ayko
"Take the last letters of each words in ""Charmaine Vic Homero Jeanine"" and concatenate them.
Here are the last letters of each word:

* Charmaine: E
* Vic: C
* Homero: O
* Jeanine: E

Concatenating them, we get: E-C-O-E
Therefore, the final answer is","A simple task!

The last letters of each word are: E-C-O-E

Concatenating them, we get: E-C-O-E

So, the final answer is: E-C-O-E",ecoe,ecoe
"Take the last letters of each words in ""Glen Ariana Reggie Polo"" and concatenate them.
Here are the last letters of each word:

* Glen: N
* Ariana: A
* Reggie: E
* Polo: O

Concatenating them gives: N-A-E-O
Therefore, the final answer is",N-A-E-O,naeo,naeo
"Take the last letters of each words in ""Wilmer Valerie Melissa Eloisa"" and concatenate them.
Here are the last letters of each word:

* Wilmer: R
* Valerie: E
* Melissa: A
* Eloisa: A

Concatenating them, we get: R-E-A-A
Therefore, the final answer is",The final answer is R-E-A-A.,reaa,reaa
"Take the last letters of each words in ""Marco Antonio Suzette Roland Isabel"" and concatenate them.
Here are the last letters of each word:

* Marco: O
* Antonio: O
* Suzette: E
* Roland: D
* Isabel: L

Concatenating them, we get: O-O-E-D-L
Therefore, the final answer is",The final answer is O-O-E-D-L.,ooedl,oedl
"Take the last letters of each words in ""Tim Candace Cecil Misael"" and concatenate them.
Here are the last letters of each word:

* Tim: M
* Candace: E
* Cecil: L
* Misael: L

Concatenating them, I get: M-E-L-L
Therefore, the final answer is","M-E-L-L

The final answer is M-E-L-L.",mell,mell
"Take the last letters of each words in ""Hailey Avi Bree Samira"" and concatenate them.
Here are the last letters of each word:

* Hailey: Y
* Avi: I
* Bree: E
* Samira: A

Concatenating them gives: YI-E-A
Therefore, the final answer is",YI-E-A,yiea,yiea
"Take the last letters of each words in ""Jason Betty Elisa Jay"" and concatenate them.
Here are the last letters of each word:

* Jason: N
* Betty: Y
* Elisa: A
* Jay: Y

Concatenating them, I get: N-Y-A-Y
Therefore, the final answer is","A simple one!

The final answer is: N-Y-A-Y",nyay,nyay
"Take the last letters of each words in ""Oscar George Sanjay Haydee"" and concatenate them.
Here are the last letters of each word:

* Oscar: R
* George: E
* Sanjay: Y
* Haydee: E

Concatenating them, we get: R-E-Y-E
Therefore, the final answer is",The final answer is: R-E-Y-E,reye,reye
"Take the last letters of each words in ""Andre Oralia Carrie Bruno"" and concatenate them.
Here are the last letters of each word:

* Andre: E
* Oralia: A
* Carrie: E
* Bruno: O

Concatenating them, we get: E-A-E-O
Therefore, the final answer is",The final answer is E-A-E-O.,eaeo,eaeo
"Take the last letters of each words in ""Leigh Mindy Rocky Lex"" and concatenate them.
Here are the last letters of each word:

* Leigh: H
* Mindy: Y
* Rocky: Y
* Lex: X

Concatenating them gives: HYXYX
Therefore, the final answer is",The final answer is HYXYX.,hyxyx,hyyx
"Take the last letters of each words in ""Jody Juan Rebekah Kaylee"" and concatenate them.
Here are the last letters of each word:

* Jody: Y
* Juan: N
* Rebekah: H
* Kaylee: E

Concatenating them, we get: Y-N-H-E
Therefore, the final answer is",Y-N-H-E,ynhe,ynhe
"Take the last letters of each words in ""Liliana Quincy Bart Makayla"" and concatenate them.
Here are the last letters of each word:

* Liliana: A
* Quincy: Y
* Bart: T
* Makayla: A

Concatenating them gives: A-Y-T-A
Therefore, the final answer is","A simple one!

The final answer is: A-Y-T-A",ayta,ayta
"Take the last letters of each words in ""Mya Fernando Bubba Tommy"" and concatenate them.
Here are the last letters of each word:

* Mya: A
* Fernando: O
* Bubba: A
* Tommy: Y

Concatenating them gives: A O A Y
Therefore, the final answer is","A simple one!

The final answer is: A O A Y",aoay,aoay
"Take the last letters of each words in ""Emanuel Cheyenne Perez Yvette"" and concatenate them.
Here are the last letters of each word:

* Emanuel: L
* Cheyenne: E
* Perez: Z
* Yvette: E

Concatenating them, we get: L E Z E
Therefore, the final answer is",The final answer is: L E Z E,leze,leze
"Take the last letters of each words in ""Len Marquis Kylie Sandra"" and concatenate them.
Here are the last letters of each word:

* Len: N
* Marquis: S
* Kylie: E
* Sandra: A

Concatenating them, I get: N-S-E-A
Therefore, the final answer is",The correct answer is: N-S-E-A,nsea,nsea
"Take the last letters of each words in ""Rich Parker Edward Milagros"" and concatenate them.
The last letters of each word are:

* Rich: H
* Parker: R
* Edward: D
* Milagros: S

Concatenating them gives: HRDS
Therefore, the final answer is",The final answer is HRDS.,hrds,hrds
"Take the last letters of each words in ""Marlen Sonja Anita Dale"" and concatenate them.
Here are the last letters of each word:

* Marlen: N
* Sonja: A
* Anita: A
* Dale: E

Concatenating them, we get: N-A-A-E
Therefore, the final answer is","A simple one!

The final answer is: N-A-A-E",naae,naae