input,pred_before,pred_after,GT
"Joan found 70 seashells on the beach. she gave Sam some of her seashells. She has 27 seashell left. How many seashells did she give to Sam ?
Joan started with 70 seashells. She has 27 left. So she gave 70 - 27 = 43 seashells to Sam. The answer is 43.
Therefore, the answer (arabic numerals) is",43,43,43
"There were 28 bales of hay in the barn. Tim stacked more bales in the barn today. There are now 54 bales of hay in the barn. How many bales did he store in the barn ?
There were originally 28 bales of hay. After Tim added more, there were 54. So he added 54 - 28 = 26. The answer is 26.
Therefore, the answer (arabic numerals) is",26,26,26
"After eating at the restaurant, Sally, Sam, and Alyssa decided to divide the bill evenly. If each person paid 45 dollars, what was the total of the bill ?
If each person paid 45 dollars, and there were 3 people, then the total bill was 45 x 3 = 135. The answer is 135.
Therefore, the answer (arabic numerals) is",135,135,135
"Mary is baking a cake. The recipe wants 8 cups of flour. She already put in 2 cups. How many more cups does she need to add ?
A simple one!

The recipe wants 8 cups of flour, and Mary has already added 2 cups. To find out how many more cups she needs to add, we subtract the amount she has already added from the total amount needed:

8 cups (total) - 2 cups (already added) = 6 cups

So, Mary needs to add 6 more cups of flour to the cake.
Therefore, the answer (arabic numerals) is",6,6,6
"Sara's high school played 12 basketball games this year. The team won most of their games. They were defeated during 4 games. How many games did they win ?
The team played 12 games. They lost 4 games. So they won 12 - 4 = 8 games. The answer is 8.
Therefore, the answer (arabic numerals) is",8,8,8
"There are 22 walnut trees currently in the park. Park workers will plant more walnut trees today. When the workers are finished there will be 55 walnut trees in the park. How many walnut trees did the workers plant today ?
There were originally 22 walnut trees. After the workers planted more, there were 55. So they planted 55 - 22 = 33 more walnut trees. The answer is 33.
Therefore, the answer (arabic numerals) is",33,33,33
"Mike had 34 peaches left at his roadside fruit stand. He went to the orchard and picked more peaches to stock up the stand. There are now 86 peaches at the stand, how many did he pick ?
Originally, Mike had 34 peaches. After picking more, he had 86. So he must have picked 86 - 34 = 52. The answer is 52.
Therefore, the answer (arabic numerals) is",52,52,52
"There were 6 roses in the vase. Mary cut some more roses from her flower garden. There are now 16 roses in the vase. How many roses did she cut ?
There were originally 6 roses in the vase. After Mary cut some more, there are now 16 roses. So she must have cut 16 - 6 = 10 roses. The answer is 10.
Therefore, the answer (arabic numerals) is",10,10,10
"Benny bought a soft drink for 2 dollars and 5 candy bars. He spent a total of 27 dollars. How much did each candy bar cost ?
Benny bought a soft drink for 2 dollars. Then he bought 5 candy bars. So he spent 2 + 5x dollars. He spent 27 dollars total. So 2 + 5x = 27. 5x = 27 - 2. 5x = 25. x = 25 / 5. x = 5. The answer is 5.
Therefore, the answer (arabic numerals) is",5,5,5
"Benny bought 4 new baseball trading cards to add to his collection. The next day his dog ate half of his collection. There are now only 34 cards left. How many cards did Benny start with ?
Benny started with some number of cards. He bought 4 more, so that is 4 more than he started with. Then his dog ate half of them. So he had 2/3 of his original cards left. So 2/3 of his original cards is 34. We can multiply both sides by 3/2 to get 3/2 x 2/3 of his original cards is 3/2 x 34. This is 51. The answer is 51.
Therefore, the answer (arabic numerals) is",51,51,64
"Alyssa spent half of her allowance going to the movies. She washed the family car and earned 8 dollars. What is her weekly allowance if she ended with 12 dollars ?
Alyssa ended up with 12 dollars. She earned 8 dollars washing the car. So she started with 12 - 8 = 4 dollars. Since she spent half of her allowance, she must have started with 2 x 4 = 8 dollars. The answer is 8.
Therefore, the answer (arabic numerals) is",8,8,8
"The sum of three consecutive even numbers is 162. What is the smallest of the three numbers ?
Let the three consecutive even numbers be $x$, $x+2$, and $x+4$.  Then we have

$$x+(x+2)+(x+4)=162\Rightarrow 3x+6=162\Rightarrow 3x=156\Rightarrow x=52.$$The smallest of the three numbers is $x$, which is $\boxed{52}.$
Final Answer: The final answer is 52. I hope it is correct.
Therefore, the answer (arabic numerals) is",52,52,52
"Sam had 79 dollars to spend on 9 books. After buying them he had 16 dollars. How much did each book cost ?
Sam had 79 dollars to start. After buying the books, he had 16 dollars left. So he must have spent 79 - 16 = 63 dollars. He bought 9 books, so each book must have cost 63 / 9 = 7 dollars. The answer is 7.
Therefore, the answer (arabic numerals) is",7,7,7
"Oceanside Bike Rental Shop charges 17 dollars plus 7 dollars an hour for renting a bike. Tom paid 80 dollars to rent a bike. How many hours did he pay to have the bike checked out ?
The total cost was 80 dollars. The base price was 17 dollars. So the extra cost was 80 - 17 = 63 dollars. The extra cost per hour was 7 dollars. So the number of hours is 63 / 7 = 9. The answer is 9.
Therefore, the answer (arabic numerals) is",9,9,9
"On Monday, 375 students went on a trip to the zoo. All 7 buses were filled and 4 students had to travel in cars. How many students were in each bus ?
375 students went on the trip. 4 students traveled in cars. So 375 - 4 = 371 students traveled in buses. Since there were 7 buses, we can divide 371 by 7 to find out how many students were in each bus. 371 / 7 = 53. The answer is 53.
Therefore, the answer (arabic numerals) is",53,53,53
"Sandy sold half of her comic books and then bought 6 more. She now has 13. How many did she begin with ?
Let's say Sandy started with x comic books.

She sold half of them, which means she sold x/2 comic books.

Then, she bought 6 more comic books, so she now has:

x - x/2 + 6 = 13

Simplify the equation:

x/2 = 7

Multiply both sides by 2:

x = 14

So, Sandy started with 14 comic books.
Therefore, the answer (arabic numerals) is",14,14,14
"The sum of three consecutive odd numbers is 69. What is the smallest of the three numbers ?
Let the three consecutive odd numbers be $2n-1$, $2n+1$, and $2n+3$.  Then we have
\begin{align*}
(2n-1)+(2n+1)+(2n+3)&=69\\
\Rightarrow\qquad 6n+3&=69\\
\Rightarrow\qquad 6n&=66\\
\Rightarrow\qquad n&=11.
\end{align*}The smallest of the three numbers is therefore $2n-1=2(11)-1=\boxed{21}$.
Final Answer: The final answer is 21. I hope it is correct.
Therefore, the answer (arabic numerals) is",21,21,21
"Joan went to 4 football games this year. She went to 9 football games last year. How many football games did Joan go to in all ?
Joan went to 4 games this year. She went to 9 games last year. 4 + 9 = 13.
#### 13
Therefore, the answer (arabic numerals) is",13,13,13
"Tom has 9 yellow balloons. Sara has 8 yellow balloons. How many yellow balloons do they have in total ?
Let's count the yellow balloons!

Tom has 9 yellow balloons.
Sara has 8 yellow balloons.

To find the total number of yellow balloons, we add the number of balloons each person has:

9 (Tom's balloons) + 8 (Sara's balloons) = 17

So, Tom and Sara have 17 yellow balloons in total!
Therefore, the answer (arabic numerals) is",17,17,17
"There are 4 walnut trees currently in the park. Park workers will plant 6 more walnut trees today. How many walnut trees will the park have when the workers are finished ?
There are 4 walnut trees. 6 more will be planted. 4 + 6 = 10. The answer is 10.
Therefore, the answer (arabic numerals) is",10,10,10
"Sam had 9 dimes in his bank. His dad gave him 7 more dimes. How many dimes does Sam have now ?
Sam had 9 dimes. His dad gave him 7 more. 9 + 7 = 16.
#### 16
Therefore, the answer (arabic numerals) is",16,16,16
"Alyssa's dog had puppies. She gave 7 to her friends.  She now has 5 puppies left. How many puppies did she have to start with ?
Alyssa has 5 puppies left. She gave 7 to her friends. So she must have started with 5 + 7 = 12. The answer is 12.
Therefore, the answer (arabic numerals) is",12,12,12
"A restaurant served 9 pizzas during lunch and 6 during dinner today. How many pizzas were served today ?
The restaurant served 9 pizzas during lunch and 6 during dinner. 9 + 6 is 15.
#### 15
Therefore, the answer (arabic numerals) is",15,15,15
"There are 2 pencils in the drawer. Tim placed 3 more pencils in the drawer. How many pencils are now there in total ?
There are 2 pencils originally. Then 3 more are added. 2 + 3 = 5.
#### 5
Therefore, the answer (arabic numerals) is","That's correct!

There were 2 pencils initially, and Tim added 3 more, so the total number of pencils is:

2 + 3 = 5

The answer is indeed 5.",2,5
"Joan found 6 seashells and Jessica found 8 seashells on the beach. How many seashells did they find together ?
Joan found 6 seashells and Jessica found 8 seashells. 6 + 8 = 14. The answer is 14.
Therefore, the answer (arabic numerals) is",14,14,14
"Sandy grew 6 carrots. Sam grew 3 carrots. How many carrots did they grow in total ?
Let's add the number of carrots Sandy and Sam grew:

Sandy grew 6 carrots
Sam grew 3 carrots

Total number of carrots = 6 + 3 = 9

So, they grew 9 carrots in total!
Therefore, the answer (arabic numerals) is",9,9,9
"Benny picked 2 apples and Dan picked 9 apples from the apple tree. How many apples were picked in total ?
Benny picked 2 apples and Dan picked 9 apples. To find the total, you add the numbers together.

2 + 9 = 11

So, 11 apples were picked in total.
Therefore, the answer (arabic numerals) is",11,11,11
"Sally found 9 seashells, Tom found 7 seashells, and Jessica found 5 seashells on the beach. How many seashells did they find together ?
A fun beach-themed math problem!

Let's count the seashells each person found:

* Sally found 9 seashells
* Tom found 7 seashells
* Jessica found 5 seashells

To find the total number of seashells they found together, we add the numbers:

9 + 7 + 5 = 21

So, Sally, Tom, and Jessica found a total of 21 seashells on the beach!
Therefore, the answer (arabic numerals) is",21,21,21
"Tim's cat had kittens. He gave 3 to Jessica and 6 to Sara. He now has 9 kittens left. How many kittens did he have to start with ?
Let's start by adding the number of kittens Tim gave away: 3 to Jessica and 6 to Sara. That's a total of 3 + 6 = 9 kittens.

Tim now has 9 kittens left. To find the total number of kittens he had to start with, we need to add the number of kittens he gave away to the number he has left.

9 (kittens he gave away) + 9 (kittens he has left) = 18

So, Tim had 18 kittens to start with.
Therefore, the answer (arabic numerals) is",18,18,18
"Joan has 9 blue balloons, Sally has 5 blue balloons, and Jessica has 2 blue balloons. How many blue balloons do they have in total ?
Let's count the blue balloons:

Joan has 9 blue balloons
Sally has 5 blue balloons
Jessica has 2 blue balloons

To find the total number of blue balloons, we add them up:

9 + 5 + 2 = 16

So, they have 16 blue balloons in total!
Therefore, the answer (arabic numerals) is",16,16,16
"Melanie had 7 dimes in her bank. Her dad gave her 8 dimes and her mother gave her 4 dimes. How many dimes does Melanie have now ?
Melanie started with 7 dimes. Her dad gave her 8 and her mom gave her 4. So she got 8 + 4 = 12 more dimes. 7 + 12 = 19. The answer is 19.
Therefore, the answer (arabic numerals) is",19,19,19
"A restaurant served 5 cakes during lunch and 6 during dinner today. The restaurant served 3 cakes yesterday. How many cakes were served in total ?
5 cakes during lunch and 6 during dinner is 5 + 6 = 11. 11 cakes today and 3 cakes yesterday is 11 + 3 = 14. The answer is 14.
Therefore, the answer (arabic numerals) is",14,14,14
"Melanie picked 4 plums, Dan picked 9 plums, and Sally picked 3 plums from the plum tree. How many plums were picked in total ?
Melanie picked 4 plums. Dan picked 9. Sally picked 3. 4 + 9 + 3 = 16.
#### 16
Therefore, the answer (arabic numerals) is",16,16,16
"There are 7 dogwood trees currently in the park. Park workers will plant 3 more dogwood trees today and 2 more dogwood trees tomorrow. How many dogwood trees will the park have when the workers are finished ?
There are 7 dogwood trees. Then 3 more will be planted, so there will be 7 + 3 = 10. Then 2 more will be planted, so there will be 10 + 2 = 12. The answer is 12.
Therefore, the answer (arabic numerals) is",12,12,12
"Sara grew 4 onions, Sally grew 5 onions, and Fred grew  9 onions. How many onions did they grow in all ?
Let's add the number of onions each person grew:

Sara grew 4 onions
Sally grew 5 onions
Fred grew 9 onions

To find the total number of onions, add them up:

4 + 5 + 9 = 18

So, they grew 18 onions in all!
Therefore, the answer (arabic numerals) is",18,18,18
"Sam found 18 seashells and Mary found 47 seashells on the beach. How many seashells did they find together ?
Sam found 18 seashells. Mary found 47 seashells. 18 + 47 = 65.
#### 65
Therefore, the answer (arabic numerals) is",65,65,65
"Sara picked 45 pears and Sally picked 11 pears from the pear tree. How many pears were picked in total ?
A simple math problem!

Sara picked 45 pears and Sally picked 11 pears, so to find the total number of pears picked, we add them together:

45 + 11 = 56

So, a total of 56 pears were picked!
Therefore, the answer (arabic numerals) is",56,56,56
"Keith has 20 books. Jason has 21 books.  How many books do they have together ?
Keith has 20 books and Jason has 21 books. To find the total number of books they have together, you can add the number of books they each have:

20 + 21 = 41

So, Keith and Jason have 41 books together.
Therefore, the answer (arabic numerals) is",41,41,41
"Jason had 49 quarters in his bank. His dad gave him 25 more quarters. How many quarters does he have now ?
Jason had 49 quarters. His dad gave him 25 more. So he has 49 + 25 = 74 quarters.
#### 74
Therefore, the answer (arabic numerals) is",74,74,74
"There are 33 walnut trees currently in the park. Park workers will plant  44 more walnut trees today. How many walnut trees will the park have when the workers are finished ?
There are 33 walnut trees. After planting 44 more, there will be 33 + 44 = 77. The answer is 77.
Therefore, the answer (arabic numerals) is",77,77,77
"Sara had 21 quarters in her bank. Her dad gave her 49 more quarters. How many quarters does she have now ?
Sara had 21 quarters. Her dad gave her 49 more. So she has 21 + 49 = 70 quarters. The answer is 70.
Therefore, the answer (arabic numerals) is",70,70,70
"There are 41 pencils in the drawer. Mike placed 30 more  pencils in the drawer. How many pencils are now there in total ?
There were originally 41 pencils. Mike added 30 more. So there are 41 + 30 = 71 pencils now.
#### 71
Therefore, the answer (arabic numerals) is",71,71,71
"Joan has 10 books. Tom has 38 books.  How many books do they have together ?
Let's count the books!

Joan has 10 books.
Tom has 38 books.

To find the total number of books they have together, we add the number of books they each have:

10 (Joan's books) + 38 (Tom's books) = 48

So, they have 48 books together!
Therefore, the answer (arabic numerals) is",48,48,48
"Joan has 40 blue balloons Melanie has 41 blue balloons. How many blue balloons do they have in total ?
Let's count the blue balloons!

Joan has 40 blue balloons.
Melanie has 41 blue balloons.

To find the total number of blue balloons, we add the number of balloons each has:

40 (Joan's balloons) + 41 (Melanie's balloons) = 81

So, Joan and Melanie have 81 blue balloons in total!
Therefore, the answer (arabic numerals) is",81,81,81
"Fred grew 38 cantelopes. Tim grew 44 cantelopes. How many cantelopes did they grow in total ?
A simple math problem!

Let's add the number of cantelopes Fred and Tim grew:

Fred grew 38 cantelopes.
Tim grew 44 cantelopes.
Total = 38 + 44 = 82

So, they grew a total of 82 cantelopes!
Therefore, the answer (arabic numerals) is",82,82,82
"Sam went to 14 football games this year. He went to 29 games  last year. How many football games did Sam go to in all ?
Sam went to 14 games this year. He went to 29 games last year. 14 + 29 is 43. The answer is 43.
Therefore, the answer (arabic numerals) is",43,43,43
"Mary found 18 seashells and Jessica found 41 seashells on the beach. How many seashells did they find together ?
Mary found 18 seashells. Jessica found 41 seashells. Together, they found 18 + 41 = 59 seashells.
#### 59
Therefore, the answer (arabic numerals) is",59,59,59
"There are 39 dogwood trees currently in the park. Park workers will plant  41 more dogwood trees today and 20 more dogwood trees tomorrow. How many dogwood trees will the park have when the workers are finished ?
There are originally 39 dogwood trees. The park workers will plant 41 more today and 20 more tomorrow. So in total, they will plant 41 + 20 = 61 trees. 39 + 61 = 100. The answer is 100.
Therefore, the answer (arabic numerals) is",100,100,100
"Sandy has 10 books, Benny has 24 books, and Tim has  33 books. How many books do they have together ?
Let's count the books:

Sandy has 10 books
Benny has 24 books
Tim has 33 books

To find the total number of books, we add them up:

10 + 24 + 33 = 67

So, together they have 67 books!
Therefore, the answer (arabic numerals) is",67,67,67
"Jason picked 46 pears, Keith picked 47 pears, and Mike picked  12 pears from the pear tree. How many pears were picked in total ?
Jason picked 46 pears, Keith picked 47 pears, and Mike picked 12 pears. So the total is 46 + 47 + 12 = 105. The answer is 105.
Therefore, the answer (arabic numerals) is",105,105,105
"Keith grew 29 cantelopes, Fred grew 16 cantelopes, and Jason grew  20 cantelopes. How many cantelopes did they grow in total ?
Keith grew 29 cantelopes, Fred grew 16 cantelopes, and Jason grew 20 cantelopes. To find the total, we add them together:

29 + 16 + 20 = 65

So, they grew a total of 65 cantelopes.
Therefore, the answer (arabic numerals) is",65,65,65
"Melanie had 19 dimes in her bank. Her dad gave her 39 dimes and her mother gave her 25 dimes. How many dimes does Melanie have now ?
Melanie started with 19 dimes. Her dad gave her 39 dimes. 19 + 39 = 58. Her mom gave her 25 dimes. 58 + 25 = 83. The answer is 83.
Therefore, the answer (arabic numerals) is",83,83,83
"Alyssa has 37 blue balloons, Sandy has 28 blue balloons, and Sally  has 39 blue balloons. How many blue balloons do they have in all ?
Let's add up the number of blue balloons each of them has:

Alyssa has 37 blue balloons
Sandy has 28 blue balloons
Sally has 39 blue balloons

Total number of blue balloons = 37 + 28 + 39 = 104

So, they have 104 blue balloons in all!
Therefore, the answer (arabic numerals) is",104,104,104
"Sally had 27 cards. Dan gave her 41 new cards. Sally bought 20 cards. How many cards does Sally have now ?
Let's work it out step by step!

Sally started with 27 cards.

Dan gave her 41 new cards, so she now has:
27 + 41 = 68 cards

Then, Sally bought 20 more cards, so she now has:
68 + 20 = 88 cards

Therefore, Sally has 88 cards now.
Therefore, the answer (arabic numerals) is",88,88,88
"Jason went to 11 football games this month. He went to 17 games last month, and plans to go to 16 games next month. How many games will he attend in all ?
Jason went to 11 games this month. Last month, he went to 17 games. Next month, he plans to go to 16 games. So in total, he will go to 11 + 17 + 16 games. 11 + 17 + 16 is 44. The answer is 44.
Therefore, the answer (arabic numerals) is",44,44,44
"There are 43 pencils in the drawer and 19 pencils on the desk. Dan placed  16 more pencils on the desk. How many pencils are now there in total ?
There were originally 43 pencils in the drawer and 19 on the desk. That makes 43 + 19 = 62 pencils. After 16 more are placed on the desk, there are 19 + 16 = 35 pencils on the desk. 35 + 43 = 78 pencils. The answer is 78.
Therefore, the answer (arabic numerals) is",78,78,78
"Mike has 35 books in his library. He bought several books at a yard sale over the weekend. He now has 56 books in his library. How many books did he buy at the yard sale ?
Mike originally had 35 books. After buying some, he had 56. So he bought 56 - 35 = 21. The answer is 21.
Therefore, the answer (arabic numerals) is",21,21,21
"Sandy is baking a cake. The recipe wants 7 cups of flour. She already put in 4 cups. How many more cups does she need to add ?
Sandy needs 7 cups of flour. She already has 4 cups. So she needs 7 - 4 = 3 more cups.
#### 3
Therefore, the answer (arabic numerals) is",3,3,3
"There are 53 maple trees currently in the park. Park workers will plant more maple trees today. When the workers are finished there will be 64 maple trees in the park. How many maple trees did the workers plant today ?
There are originally 53 maple trees. After the workers are done, there are 64. So the workers must have planted 64 - 53 = 11 trees. The answer is 11.
Therefore, the answer (arabic numerals) is",11,11,11
"Dan found 56 seashells on the beach, he gave Jessica some of his seashells. He has 22 seashell left. How many seashells did he give to Jessica ?
Dan had 56 seashells. After giving some to Jessica, he had 22 left. So he must have given away 56 - 22 = 34 seashells. The answer is 34.
Therefore, the answer (arabic numerals) is",34,34,34
"Sally had 13 peaches left at her roadside fruit stand. She went to the orchard and picked more peaches to stock up the stand. There are now 55 peaches at the stand, how many did she pick ?
Sally had 13 peaches originally. After picking more, she had 55 peaches. So she picked 55 - 13 = 42 peaches. The answer is 42.
Therefore, the answer (arabic numerals) is",42,42,42
"Benny received 67 dollars for his birthday. He went to a sporting goods store and bought a baseball glove, baseball, and bat. He had 33 dollars left over. How much did he spent on the baseball gear ?
Benny had 67 dollars. He had 33 left over. So he must have spent 67 - 33 = 34 dollars. The answer is 34.
Therefore, the answer (arabic numerals) is",34,34,34
"There were 3 roses in the vase. Alyssa cut some more roses from her flower garden. There are now 14 roses in the vase. How many roses did she cut ?
There were originally 3 roses. After Alyssa cut some, there were 14. So she must have cut 14 - 3 = 11 roses. The answer is 11.
Therefore, the answer (arabic numerals) is",11,11,11
"Last week Tom had 74 dollars. He washed cars over the weekend and now has 86 dollars. How much money did he make washing cars ?
Let's start with what Tom had last week: 74 dollars.

Now, he has 86 dollars, which is more than he had last week. To find out how much he made, we need to subtract what he had last week from what he has now:

86 (new amount) - 74 (old amount) = 12 dollars

So, Tom made 12 dollars washing cars over the weekend!
Therefore, the answer (arabic numerals) is",12,12,12
"There were 73 bales of hay in the barn. Jason stacked more bales in the barn today. There are now 96 bales of hay in the barn. How many bales did he store in the barn ?
There were originally 73 bales of hay. After Jason stored more, there were 96. So he stored 96 - 73 = 23 bales of hay. The answer is 23.
Therefore, the answer (arabic numerals) is",23,23,23
"Nancy grew 6 potatoes. Sandy grew 7 potatoes. How many potatoes did they grow in total ?
A simple math problem!

Nancy grew 6 potatoes.
Sandy grew 7 potatoes.

To find the total number of potatoes, we add them together:

6 + 7 = 13

So, Nancy and Sandy grew 13 potatoes in total!
Therefore, the answer (arabic numerals) is",13,13,13
"There are 9 crayons in the drawer. Benny placed 3 more crayons in the drawer. How many crayons are now there in total ?
There were originally 9 crayons. Benny added 3 more. So there are 9 + 3 = 12 crayons.
#### 12
Therefore, the answer (arabic numerals) is",12,12,12
"There are 5 oak trees currently in the park. Park workers will plant 4 more oak trees today. How many oak trees will the park have when the workers are finished ?
There are 5 oak trees. 4 more will be planted. 5 + 4 = 9. The answer is 9.
Therefore, the answer (arabic numerals) is",9,9,9
"There were a total of 7 football games this year. Melanie missed 4 of the games. How many football games did Melanie go to in all ?
There were 7 games in total. If Melanie missed 4, then she went to 7 - 4 = 3. The answer is 3.
Therefore, the answer (arabic numerals) is",3,3,3
"Tom found 7 seashells but 4 were broken.  How many unbroken seashells did Tom find ?
Tom found 7 seashells. 4 were broken. So 7 - 4 = 3. The answer is 3.
Therefore, the answer (arabic numerals) is",3,3,3
"Sally picked 7 lemons and Mary picked 9 lemons from the lemon tree. How many lemons were picked in total ?
That's an easy one!

Sally picked 7 lemons and Mary picked 9 lemons, so to find the total number of lemons picked, you can simply add the two numbers together:

7 + 9 = 16

So, a total of 16 lemons were picked from the lemon tree!
Therefore, the answer (arabic numerals) is",16,16,16
"A restaurant served 6 cakes during lunch and 9 during dinner today. How many cakes were served today ?
The restaurant served 6 cakes during lunch and 9 during dinner. 6 + 9 = 15.
#### 15
Therefore, the answer (arabic numerals) is","15

That's correct! The restaurant served a total of 15 cakes today.",15,15
"Joan has 8 orange balloons  but lost 2 of them. How many orange balloons does Joan have now ?
Joan had 8 orange balloons, but lost 2. To find out how many she has now, we need to subtract 2 from 8.

8 - 2 = 6

So, Joan has 6 orange balloons now.
Therefore, the answer (arabic numerals) is",6,6,6
"Fred had 7 dimes in his bank. His sister borrowed 3 of his dimes. How many dimes does Fred have now ?
Fred had 7 dimes. His sister borrowed 3 of them. So now he has 7 - 3 = 4 dimes. The answer is 4.
Therefore, the answer (arabic numerals) is",4,4,4
"Joan's cat had 8 kittens. She gave 2 to her friends.  How many kittens does she have now ?
Joan's cat had 8 kittens. She gave 2 to her friends. So she has 8 - 2 = 6 kittens left. The answer is 6.
Therefore, the answer (arabic numerals) is",6,6,6
"There are 34 dogwood trees currently in the park. Park workers will plant  49 more dogwood trees today. How many dogwood trees will the park have when the workers are finished ?
There are 34 dogwood trees currently. 49 more will be planted. 34 + 49 = 83. The answer is 83.
Therefore, the answer (arabic numerals) is",83,83,83
"There are 27 pencils in the drawer. Nancy placed 45 more  pencils in the drawer. How many pencils are now there in total ?
There were originally 27 pencils. Nancy placed 45 more. So there are 27 + 45 = 72 pencils.
#### 72
Therefore, the answer (arabic numerals) is",72,72,72
"Benny's high school played 39 baseball games this year. He attended  14 games. How many baseball games did Benny miss ?
There were 39 games. Benny attended 14 games. So he missed 39 - 14 = 25 games. The answer is 25.
Therefore, the answer (arabic numerals) is",25,25,25
"Sam found 35 seashells on the beach, he gave Joan 18 of the seashells. How many seashells does he now have ?
Sam started with 35 seashells. He gave Joan 18 seashells. So he has 35 - 18 = 17 seashells left. The answer is 17.
Therefore, the answer (arabic numerals) is",17,17,17
"Tim has 22 books. Mike has 20 books.  How many books do they have together ?
That's an easy one!

Tim has 22 books.
Mike has 20 books.

To find the total number of books they have together, you simply add the number of books they each have:

22 + 20 = 42

So, Tim and Mike have 42 books together!
Therefore, the answer (arabic numerals) is",42,42,42
"Mike has 87 baseball cards. Sam bought 13 of Mike's  baseball cards. How many baseball cards does Mike have now ?
Mike had 87 baseball cards. Sam bought 13 of them. 87 - 13 is 74.
#### 74
Therefore, the answer (arabic numerals) is",74,74,74
"Sandy grew 51 pumpkins. Mike grew 23 pumpkins. How many pumpkins did they grow in total ?
A simple addition problem!

Sandy grew 51 pumpkins.
Mike grew 23 pumpkins.

To find the total number of pumpkins they grew, we add them together:

51 + 23 = 74

So, Sandy and Mike grew 74 pumpkins in total!
Therefore, the answer (arabic numerals) is",74,74,74
"Tim has 44 books. Sam has 52 books.  How many books do they have together ?
Let's count the books together!

Tim has 44 books.
Sam has 52 books.

To find the total number of books, we add the number of books Tim has to the number of books Sam has:

44 + 52 = 96

So, Tim and Sam have 96 books together!
Therefore, the answer (arabic numerals) is",96,96,96
"Dan has 64 violet marbles, he gave Mary 14 of the marbles. How many violet marbles does he now have ?
Dan started with 64 violet marbles. He gave 14 away, so he has 64 - 14 = 50 violet marbles left. The answer is 50.
Therefore, the answer (arabic numerals) is",50,50,50
"There are 25 popular trees currently in the park. Park workers will plant  73 more popular trees today. How many popular trees will the park have when the workers are finished ?
There are 25 popular trees currently. If 73 more are planted, then there will be 25 + 73 = 98. The answer is 98.
Therefore, the answer (arabic numerals) is",98,98,98
"There are 54 scissors in the drawer. Keith placed 22 more  scissors in the drawer. How many scissors are now there in all ?
There were originally 54 scissors. Keith placed 22 more. So we add 54 + 22 = 76.
#### 76
Therefore, the answer (arabic numerals) is",76,76,76
"Alyssa picked 42 pears and Nancy picked 17 pears from the pear tree. How many pears were picked in all ?
Alyssa picked 42 pears. Nancy picked 17 pears. So in total, they picked 42 + 17 = 59 pears.
#### 59
Therefore, the answer (arabic numerals) is",59,59,59
"Sam had 98 pennies in his bank. He spent 93 of his pennies. How many pennies does he have now ?
Sam had 98 pennies. He spent 93 pennies. So he has 98 - 93 = 5 pennies left.
#### 5
Therefore, the answer (arabic numerals) is",5,5,5
"Joan found 79 seashells on the beach, she gave Mike 63 of the seashells. How many seashells does she now have ?
Joan had 79 seashells. She gave 63 away. So she has 79 - 63 = 16 seashells left.
#### 16
Therefore, the answer (arabic numerals) is","You're absolutely right!

Joan had 79 seashells and gave 63 away, so she has:

79 - 63 = 16

Seashells left.

The correct answer is indeed:

16

Well done!",79,16
"Melanie's high school played 64 soccer games this year. She attended  32 games. How many soccer games did Melanie miss ?
There were 64 games total. Melanie attended 32 games. So she missed 64 - 32 = 32 games. The answer is 32.
Therefore, the answer (arabic numerals) is",32,32,32
"Sam has 110 books. Joan has 102 books.  How many books do they have together ?
To find the total number of books Sam and Joan have together, you can add the number of books they each have:

Sam has 110 books
Joan has 102 books

Total number of books = 110 + 102 = 212

So, Sam and Joan have 212 books together.
Therefore, the answer (arabic numerals) is",212,212,212
"Mary picked 122 oranges and Jason picked 105 oranges from the orange tree. How many oranges were picked in total ?
Mary picked 122 oranges and Jason picked 105 oranges. To find the total, we add them together:

122 + 105 = 227

So, a total of 227 oranges were picked.
Therefore, the answer (arabic numerals) is",227,227,227
"Sally had 760 quarters in her bank. She spent 418 of her quarters. How many quarters does she have now ?
Sally had 760 quarters. She spent 418. So she has 760 - 418 quarters left. 760 - 418 is 342.
#### 342
Therefore, the answer (arabic numerals) is",342,342,342
"Fred's high school played 616 baseball games this year. He attended  147 games. How many baseball games did Fred miss ?
There were 616 games. Fred attended 147. So he missed 616 - 147 games. 616 - 147 is 469. The answer is 469.
Therefore, the answer (arabic numerals) is",469,469,469
"Melanie grew 139 turnips. Benny grew 113 turnips. How many turnips did they grow in all ?
A simple math problem!

Let's add the number of turnips Melanie and Benny grew:

Melanie grew 139 turnips
Benny grew 113 turnips
Total turnips = 139 + 113 = 252

So, they grew 252 turnips in all!
Therefore, the answer (arabic numerals) is",252,252,252
"Jason has 676 Pokemon cards. Alyssa bought 224 of Jason's  Pokemon cards. How many Pokemon cards does Jason have now ?
Jason started with 676 Pokemon cards. Alyssa bought 224 of them. So Jason has 676 - 224 = 452 left.
#### 452
Therefore, the answer (arabic numerals) is",452,452,452
"There are 107 walnut trees currently in the park. Park workers will plant  104 more walnut trees today. How many walnut trees will the park have when the workers are finished ?
There are 107 walnut trees. If 104 more are planted, then 107 + 104 = 211. The answer is 211.
Therefore, the answer (arabic numerals) is",211,211,211
"Fred has 709 green balloons, he gave Sandy 221 of the balloons. How many green balloons does he now have ?
Fred started with 709 green balloons. He gave 221 away, so he has 709 - 221 = 488 green balloons left.
Therefore, the answer (arabic numerals) is",488,488,488
"There are 115 pencils in the drawer. Sara placed 100 more  pencils in the drawer. How many pencils are now there in all ?
There were originally 115 pencils. Then Sara added 100 more. 115 + 100 = 215.
#### 215
Therefore, the answer (arabic numerals) is",The correct answer is: 215,215,215
"Mike has 45 dollars in 5 dollar bills.  How many five dollars bills does  he have ?
A simple one!

If Mike has 45 dollars in 5-dollar bills, that means he has:

45 ÷ 5 = 9

So, Mike has 9 five-dollar bills.
Therefore, the answer (arabic numerals) is",9,9,9
"Nancy goes fishing with Joan. They catch 18 trout.  If they equally split up the trout, how many will each one get ?
If they equally split up the trout, then each person will get half of 18. Half of 18 is 9. The answer is 9.
Therefore, the answer (arabic numerals) is",9,9,9
"A restaurant sold 63 hamburgers last week. How many hamburgers on average were sold each day ?
There were 63 hamburgers sold. There are 7 days in a week. 63 / 7 = 9.
#### 9
Therefore, the answer (arabic numerals) is","That's correct!

63 hamburgers sold in 7 days means you can find the average by dividing the total number of hamburgers by the number of days:

63 ÷ 7 = 9

So, on average, the restaurant sold 9 hamburgers per day.",63,9
"Sandy worked 45 hours in the last 5 days. Assuming that she worked the same amount of hours each day, how long did she work each day ?
Sandy worked 45 hours in 5 days. So she worked 45 / 5 = 9 hours each day. The answer is 9.
Therefore, the answer (arabic numerals) is",9,9,9
"There were a total of 27 soccer games during the 3 month season.  If the games are equally divided, how many soccer games are played a month ?
There were 27 games total. If they are equally divided, then we can divide 27 by 3. 27 / 3 = 9. The answer is 9.
Therefore, the answer (arabic numerals) is",9,9,9
"Fred has 90 cents in his bank.  How many dimes does Fred have ?
Since a dime is worth 10 cents, we can divide 90 cents by 10 to find the number of dimes Fred has:

90 cents ÷ 10 = 9

So Fred has 9 dimes.
Therefore, the answer (arabic numerals) is",9,9,9
"Fred has 110 blue marbles. Fred has 22 times more blue marbles than Tim. How many blue marbles does Tim have?
Fred has 110 blue marbles. Tim has 22 times fewer blue marbles than Fred. So Fred has 22 times as many blue marbles as Tim. So we can divide 110 by 22 to find out how many blue marbles Tim has. 110 / 22 = 5. The answer is 5.
Therefore, the answer (arabic numerals) is",5,5,5
"There are 390 students at a school. If each classroom holds 30 students, how many classrooms are needed at the school?
There are 390 students. Each classroom holds 30 students. To find the number of classrooms, we divide 390 by 30. 390 / 30 = 13. The answer is 13.
Therefore, the answer (arabic numerals) is",13,13,13
"Mike has 96 muffins, which he needs to box up into dozens. How many boxes does he need?
A dozen is 12. To find out how many boxes Mike needs, we can divide the total number of muffins (96) by 12:

96 ÷ 12 = 8

So Mike needs 8 boxes to box up his muffins.
Therefore, the answer (arabic numerals) is",8,8,8
"Tim has saved 2000 cents from selling lemonade.  How many dollars does Tim have?
2000 cents is the same as 20 dollars. The answer is 20.
Therefore, the answer (arabic numerals) is",That's correct! 2000 cents is equal to 20 dollars.,2000,20
"Jason's shelves hold 45 books each. How many shelves will Jason need if Jason has 315 books?
Jason has 315 books. Each shelf can hold 45 books. 315 / 45 is 7. The answer is 7.
Therefore, the answer (arabic numerals) is",7,7,7
"Nancy bought 615 crayons that came in packs of 15.  How many packs of crayons did Nancy buy?
Nancy bought 615 crayons. 615 / 15 is 41. The answer is 41.
Therefore, the answer (arabic numerals) is",41,41,41
"Mary earns $46 cleaning a home. How many homes did she clean, if she made 276 dollars?
Mary earns 46 dollars for each home she cleans. If she made 276 dollars, then she cleaned 276 / 46 homes. 276 / 46 is 6. The answer is 6.
Therefore, the answer (arabic numerals) is",6,6,6
"There were a total of 323 football games in the season. The season is played for 17 months. How many football games were played each month, if each month has the same number of games?
There are 323 games in 17 months. So there are 323 / 17 games per month. 323 / 17 = 19. The answer is 19.
Therefore, the answer (arabic numerals) is",19,19,19
"Nancy, Melanie, Mary, and Alyssa each bought 540 baseball cards,  which come in packs of 20. How many packs of baseball cards do they have in all?
There are 4 girls, and each has 540 cards. So in total they have 4 x 540 = 2160 cards. There are 20 cards in each pack, so 2160 / 20 = 108 packs. The answer is 108.
Therefore, the answer (arabic numerals) is",108,108,108
"A teacher has 344 pieces of candy. If there are 43 students, and the candy is divided evenly, How many pieces will each student get?
344 pieces of candy are divided evenly among 43 students. To find out how many pieces each student gets, we can divide 344 by 43.
344 ÷ 43 = 8

Each student will get 8 pieces of candy.
Therefore, the answer (arabic numerals) is",8,8,8
"Sally earns $25.00 for each house she cleans. If she cleans 96 houses, how many dozens of dollars will she make?
Sally earns 25 dollars per house. She cleans 96 houses. So she earns 25 x 96 = 2400 dollars. 2400 / 12 = 200. The answer is 200.
Therefore, the answer (arabic numerals) is",200,200,200
"There are 60 calories in a candy bar. How many dozen calories are there in 45 candy bars?
There are 60 calories in a candy bar. 45 candy bars will have 45 * 60 = 2700 calories. There are 12 calories in a dozen. 2700 / 12 = 225. The answer is 225.
Therefore, the answer (arabic numerals) is",225,225,225
"Sara saw 96 birds in a tree. How many dozen birds did Sara see?
To find the number of dozen birds, you can divide the total number of birds by 12.

96 ÷ 12 = 8

So, Sara saw 8 dozen birds.
Therefore, the answer (arabic numerals) is",8,8,8
"Melanie has 84 blue marbles. Sandy has 8 times more blue marbles than Melanie. How many dozen blue marbles does Sandy have?
Melanie has 84 blue marbles. Sandy has 8 times more. So Sandy has 84 * 8 = 672 blue marbles. 672 / 12 = 56. The answer is 56.
Therefore, the answer (arabic numerals) is",56,56,56
"Sara has 192 golf balls. How many dozen golf balls does she have?
Since there are 12 golf balls in a dozen, you can divide 192 by 12 to find the answer:

192 ÷ 12 = 16

So Sara has 16 dozen golf balls.
Therefore, the answer (arabic numerals) is",16,16,16
"Keith bought 72 eggs from the store to bake some cakes.  How many dozen eggs did Keith buy?
Keith bought 72 eggs. There are 12 eggs in a dozen. So he bought 72 / 12 = 6 dozen eggs. The answer is 6.
Therefore, the answer (arabic numerals) is",6,6,6
"Mike has 48 books. Alyssa has 8 times more books than  Mike. How many dozen books does Alyssa have?
Mike has 48 books. Alyssa has 8 times more books than Mike. So Alyssa has 48 * 8 = 384 books. To convert to dozen, we divide 384 by 12. 384 / 12 = 32. The answer is 32.
Therefore, the answer (arabic numerals) is",32,32,32
"Sara has saved 9 dollars from washing cars.  How many dozen quarters does Sara have?
Sara has 9 dollars. A quarter is 0.25 dollars. 9 / 0.25 = 36. 36 quarters is 3 dozen. The answer is 3.
Therefore, the answer (arabic numerals) is",3,3,3
"Sara, Keith, Benny, and Alyssa each have 96 baseball cards.  How many dozen baseball cards do they have in all?
4 people have 96 cards each. So 4 x 96 = 384 cards. There are 12 cards in a dozen. 384 / 12 = 32. The answer is 32.
Therefore, the answer (arabic numerals) is",32,32,32
"Jason has 3 Pokemon cards. Benny bought 2 of Jason's  Pokemon cards. How many Pokemon cards does Jason have now ?
Jason started with 3 Pokemon cards. Benny bought 2 of them. So Jason has 3 - 2 = 1 left.
#### 1
Therefore, the answer (arabic numerals) is",1,1,1
"Mike has 8 orange marbles, he gave Sam 4 of the marbles. How many orange marbles does he now have ?
Let's subtract the number of marbles Mike gave away from the original number of marbles he had:

8 (original marbles) - 4 (marbles given away) = 4

Mike now has 4 orange marbles.
Therefore, the answer (arabic numerals) is",4,4,4
"Joan had 5 dimes in her bank. She spent 2 of her dimes. How many dimes does she have now ?
Joan had 5 dimes. She spent 2. So she has 5 - 2 = 3 dimes left. The answer is 3.
Therefore, the answer (arabic numerals) is",3,3,3
"There are 2 rose bushes currently in the park. Park workers will plant 4 more rose bushes today. How many rose bushes will the park have when the workers are finished ?
There are 2 rose bushes now. 4 more will be planted. 2 + 4 is 6. The answer is 6.
Therefore, the answer (arabic numerals) is",6,6,6
"Sara picked 6 pears and Tim picked 5 pears from the pear tree. How many pears were picked in total ?
Sara picked 6 pears. Tim picked 5 pears. To find the total number of pears picked, we add 6 and 5 together.

6 + 5 = 11

So, 11 pears were picked in total.
Therefore, the answer (arabic numerals) is",11,11,11
"Sam grew 4 watermelons, but the rabbits ate 3 watermelons. How many watermelons does Sam have left ?
Sam grew 4 watermelons. Then the rabbits ate 3. So Sam has 4 - 3 = 1 watermelon left.
#### 1
Therefore, the answer (arabic numerals) is",1,1,1
"There are 3 calories in a candy bar. How many calories are there in 5 candy bars ?
That's an easy one!

If there are 3 calories in 1 candy bar, then there are:

3 calories x 5 candy bars = 15 calories

So, there are 15 calories in 5 candy bars!
Therefore, the answer (arabic numerals) is",15,15,15
"Dan has 5 blue marbles. Mary has 2 times more blue marbles than Dan. How many blue marbles does Mary have ?
Dan has 5 blue marbles. Mary has 2 times as many as Dan, so 5 * 2 = 10. The answer is 10.
Therefore, the answer (arabic numerals) is",10,10,10
"Sara has 9 dozen golf balls. How many golf balls does she have ?
Since Sara has 9 dozen golf balls, we need to convert the number of dozens to individual golf balls.

1 dozen = 12

So, 9 dozen = 9 x 12 = 108

Sara has 108 golf balls.
Therefore, the answer (arabic numerals) is",108,108,108
"Jason had Pokemon cards. He gave 9 Pokemon cards to his friends. He now has 4 Pokemon cards left. How many Pokemon cards did he have to start with ?
Jason gave 9 cards away. He now has 4 cards. So he must have had 9 + 4 cards to start with. 9 + 4 is 13. The answer is 13.
Therefore, the answer (arabic numerals) is",13,13,13
"Mary had 7 nickels in her bank. Her dad gave her 5 more nickels. How many nickels does Mary have now ?
Let's count the nickels!

Mary started with 7 nickels.

Her dad gave her 5 more nickels.

To find the total number of nickels Mary has now, we add the number of nickels she already had to the number of nickels her dad gave her:

7 (initial nickels) + 5 (new nickels) = 12

Mary has 12 nickels now!
Therefore, the answer (arabic numerals) is",12,12,12
"Melanie, Benny, Sally, and Jessica each have 3 baseball cards.  How many baseball cards do they have in all ?
There are 4 people. Each person has 3 baseball cards. So 4 x 3 = 12 baseball cards. The answer is 12.
Therefore, the answer (arabic numerals) is","The correct answer is:

12",12,12
"Keith grew 6 turnips. Alyssa grew 9 turnips. How many turnips did they grow in all ?
Keith grew 6 turnips and Alyssa grew 9 turnips. To find the total number of turnips, you can add the number of turnips they grew:

6 + 9 = 15

So, Keith and Alyssa grew 15 turnips in all.
Therefore, the answer (arabic numerals) is",15,15,15
"There are 4 children in the classroom, each student will get 2 pencils. How many pencils will the teacher have to give out ?
There are 4 children. Each child will get 2 pencils. So the teacher will have to give out 4 x 2 = 8 pencils.
#### 8
Therefore, the answer (arabic numerals) is",8,8,8
"Mary has 9 yellow marbles Joan has 3 yellow marbles. How many yellow marbles do they have in all ?
Let's count the yellow marbles!

Mary has 9 yellow marbles.
Joan has 3 yellow marbles.

To find the total number of yellow marbles, we add the number of marbles each has:

9 (Mary's marbles) + 3 (Joan's marbles) = 12

So, they have 12 yellow marbles in all!
Therefore, the answer (arabic numerals) is",12,12,12
"There are 8 calories in a candy bar. How many calories are there in 3 candy bars ?
There are 8 calories in 1 candy bar. So there are 8 x 3 = 24 calories in 3 candy bars. The answer is 24.
Therefore, the answer (arabic numerals) is",24,24,24
"Joan has saved 6 quarters from washing cars.  How many cents does Joan have ?
6 quarters is 6 x 25 = 150 cents. The answer is 150.
Therefore, the answer (arabic numerals) is",150,150,150
"There are 960 students at a school. If each classroom holds 30 students, how many classrooms are needed at the school?
There are 960 students. Each classroom holds 30 students. So we need 960 / 30 classrooms. 960 / 30 = 32. The answer is 32.
Therefore, the answer (arabic numerals) is",32,32,32
"Sally earns $12.50 an hour cleaning houses. If she works for 12 hours, how much money will she make ?
Easy one!

Sally earns $12.50 an hour. If she works for 12 hours, she will make:

$12.50/hour x 12 hours = $150

So, Sally will make $150.
Therefore, the answer (arabic numerals) is",150,150,150
"There were a total of 12 basketball games in the season. The season is played for 2 months. How many basketball games were played each month, if each month has the same number of games?
There are 2 months. Each month has the same number of games. So 12 / 2 = 6 games per month. The answer is 6.
Therefore, the answer (arabic numerals) is",6,6,6
"Joan bought 6 dozen eggs from the grocery store to bake some cakes.  How many eggs did Joan buy ?
Joan bought 6 dozen eggs. 1 dozen is 12. So 6 dozen is 6 x 12 = 72. The answer is 72.
Therefore, the answer (arabic numerals) is",72,72,72
"Mary, Sam, Keith, and Alyssa each have 6 baseball cards.  How many baseball cards do they have in all ?
Mary, Sam, Keith, and Alyssa each have 6 baseball cards. So they have 6 + 6 + 6 + 6 = 24. The answer is 24.
Therefore, the answer (arabic numerals) is",24,24,24
"Sally bought 4 dozen eggs from the grocery store to bake some cakes.  How many eggs did Sally buy ?
A dozen eggs is 12 eggs. So 4 dozen eggs is 4 x 12 = 48 eggs. The answer is 48.
Therefore, the answer (arabic numerals) is",48,48,48
"There are 1110 students at a school. If each classroom holds 30 students, how many classrooms are needed at the school?
1110 students / 30 students per classroom = 37 classrooms. The answer is 37.
Therefore, the answer (arabic numerals) is",37,37,37
"Sally grew 6 carrots. Fred grew 4 carrots. How many carrots did they grow in all ?
That's an easy one!

Sally grew 6 carrots.
Fred grew 4 carrots.

To find the total number of carrots they grew, we add the number of carrots they grew:

6 (Sally's carrots) + 4 (Fred's carrots) = 10

So, they grew 10 carrots in all!
Therefore, the answer (arabic numerals) is",10,10,10
"Benny has 6 blue marbles. Keith has 5 times more blue marbles than Benny. How many blue marbles does Keith have ?
Benny has 6 blue marbles. Keith has 5 times more. So Keith has 5 * 6 = 30 blue marbles. The answer is 30.
Therefore, the answer (arabic numerals) is",30,30,30
"Fred earns $12.50 an hour cleaning houses. If he works for 8 hours, how much money will he make ?
Easy one!

Fred earns $12.50 an hour, and he works for 8 hours. To find out how much he makes, you multiply the hourly wage by the number of hours:

$12.50/hour x 8 hours = $100

So, Fred will make $100 if he works for 8 hours.
Therefore, the answer (arabic numerals) is",100,100,100
"Tom found 5 seashells on the beach. he gave Jessica 2 of the seashells. How many seashells does he now have ?
Tom started with 5 seashells. He gave 2 away, so he has 5 - 2 = 3 seashells left. The answer is 3.
Therefore, the answer (arabic numerals) is",3,3,3
"Fred has 5 baseball cards. Melanie bought 3 of Fred's  baseball cards. How many baseball cards does Fred have now ?
Fred had 5 baseball cards. Melanie bought 3 of them. So Fred has 5 - 3 = 2 baseball cards now.
Therefore, the answer (arabic numerals) is",2,2,2
"Nancy has saved 4900 cents from selling lemonade.  How many dollars does Nancy have?
There are 100 cents in a dollar. So 4900 cents is 49 dollars. The answer is 49.
Therefore, the answer (arabic numerals) is",49,49,49
"There were a total of 10 soccer games in the season. The season is played for 5 months. How many soccer games were played each month, if each month has the same number of games?
There were 10 games in 5 months. So each month there were 10 / 5 = 2 games. The answer is 2.
Therefore, the answer (arabic numerals) is",2,2,2
"Benny goes out to lunch with Sara and Tom. Each person orders the $8 lunch special. Benny agrees to pay the bill. How much will he have to pay ?
Each person ordered a lunch for 8 dollars. There are 3 people, so 3 x 8 = 24. The answer is 24.
Therefore, the answer (arabic numerals) is",24,24,24
"Melanie goes fishing with Tom. Melanie catches 8 trout. Tom catches 2 times as many trout as Melanie. How many trout did Tom catch ?
Melanie caught 8 trout. Tom caught 2 times as many, so 8 * 2 = 16. The answer is 16.
Therefore, the answer (arabic numerals) is",16,16,16
"Tom was at the beach for 5 days and found 7 seashells every day. How many seashells did Tom find during the beach trip ?
Tom found 7 seashells each day for 5 days. So he found 7 x 5 seashells. 7 x 5 is 35.
#### 35
Therefore, the answer (arabic numerals) is",35,35,35
"Benny worked 3 hours for 6 days. How many hours did he work in total ?
Benny worked 3 hours a day. For 6 days, that is 3 x 6 = 18 hours. The answer is 18.
Therefore, the answer (arabic numerals) is",18,18,18
"A restaurant sold 8 pies every day for a week. How many pies were sold during the week ?
The restaurant sold 8 pies every day for a week. A week has 7 days. So they sold 8 x 7 pies. 8 x 7 is 56.
#### 56
Therefore, the answer (arabic numerals) is",56,56,56
"Nancy has 9 five dollars bills.  How much money does she have ?
Since Nancy has 9 five-dollar bills, she has:

9 x $5 = $45

So, Nancy has $45.
Therefore, the answer (arabic numerals) is",45,45,45
"Nancy has 7 black balloons. Mary has 4 times more  black balloons than Nancy. How many black balloons does Mary have now ?
Nancy has 7 black balloons. Mary has 4 times as many. 4 x 7 = 28. So Mary has 28 black balloons. The answer is 28.
Therefore, the answer (arabic numerals) is",28,28,28
"Jessica, Sandy, and Jason each have 8 pencils. How many pencils do they have have in all ?
A simple one!

Each of them has 8 pencils, so let's add them up:

Jessica: 8 pencils
Sandy: 8 pencils
Jason: 8 pencils

Total: 8 + 8 + 8 = 24 pencils

They have 24 pencils in all!
Therefore, the answer (arabic numerals) is",24,24,24
"Sam, Dan, Tom, and Keith each have 14 Pokemon cards.  How many Pokemon cards do they have in all ?
Sam, Dan, Tom, and Keith each have 14 cards. 14 + 14 + 14 + 14 = 56. The answer is 56.
Therefore, the answer (arabic numerals) is",56,56,56
"Alyssa has 36 books. Nancy has 7 times more books than  Alyssa. How many books does Nancy have ?
Alyssa has 36 books. Nancy has 7 times more books than Alyssa. So Nancy has 36 + 36 + 36 + 36 + 36 + 36 + 36 = 252 books. The answer is 252.
Therefore, the answer (arabic numerals) is",252,252,252
"Tim has 13 dozen golf balls. How many golf balls does he have ?
Since there are 12 golf balls in a dozen, Tim has:

13 dozen x 12 golf balls/dozen = 156 golf balls

So, Tim has 156 golf balls.
Therefore, the answer (arabic numerals) is",156,156,156
"There were a total of 13 hockey games a month. The season is played for  14 months. How many hockey games are in the seasons ?
There are 13 games per month. There are 14 months in the season. So 13 * 14 = 182 games. The answer is 182.
Therefore, the answer (arabic numerals) is",182,182,182
"Benny bought 7 dozen eggs from the grocery store to bake some cakes.  How many eggs did Benny buy ?
1 dozen is 12. So 7 dozen is 7 x 12 = 84. The answer is 84.
Therefore, the answer (arabic numerals) is",84,84,84
"Dan has 29 violet balloons. Tim has 7 times more violet balloons than Dan. How many violet balloons does Tim have ?
Dan has 29 violet balloons. Tim has 7 times more. So 29 * 7 = 203. The answer is 203.
Therefore, the answer (arabic numerals) is",203,203,203
"There are 31 calories in a candy bar. How many calories are there in 11 candy bars ?
There are 31 calories in a candy bar. So there are 11 * 31 calories in 11 candy bars. 11 * 31 is 341. The answer is 341.
Therefore, the answer (arabic numerals) is",341,341,341
"Sara has saved 11 quarters from washing cars.  How many cents does Sara have ?
Each quarter is 25 cents. 11 quarters is 11 x 25 = 275 cents. The answer is 275.
Therefore, the answer (arabic numerals) is",275,275,275
"There are 46 children in the classroom, each student will get 4 dozen pencils. How many pencils will the teacher have to give out ?
Each student will get 4 dozen pencils. There are 12 pencils in a dozen. So each student will get 4 x 12 = 48 pencils. Since there are 46 students, the teacher will have to give out 46 x 48 = 2208 pencils. The answer is 2208.
Therefore, the answer (arabic numerals) is",2208,2208,2208
"Nancy has saved 1 dozen quarters from washing cars.  How much money does Nancy have ?
1 dozen is 12. 12 quarters is 12 x 0.25 = 3 dollars. The answer is 3.
Therefore, the answer (arabic numerals) is",3,3,3
"Dan bought 9 dozen eggs from the grocery store to bake some cakes.  How many eggs did Dan buy ?
1 dozen is 12 eggs. So 9 dozen is 9 * 12 = 108 eggs. The answer is 108.
Therefore, the answer (arabic numerals) is",108,108,108
"There are 4 dozen calories in a candy bar. How many calories are there in 42 candy bars ?
There are 12 calories in a dozen, so there are 4 * 12 = 48 calories in a candy bar. For 42 candy bars, there are 42 * 48 = 2016 calories. The answer is 2016.
Therefore, the answer (arabic numerals) is",2016,2016,2016
"Sandy has 8 dozen books. Fred has 5 times more books than  Sandy. How many books does Fred have ?
Sandy has 8 dozen books. 8 dozen is 8 x 12 = 96 books. Fred has 5 times more books than Sandy. So Fred has 5 x 96 = 480 books. The answer is 480.
Therefore, the answer (arabic numerals) is",480,480,480
"Jessica has 3 dozen red marbles. Sandy has 4 times more red marbles than Jessica. How many red marbles does Sandy have ?
Jessica has 3 dozen red marbles. 3 dozen is 36. Sandy has 4 times more than Jessica. So Sandy has 4 x 36 = 144 red marbles. The answer is 144.
Therefore, the answer (arabic numerals) is",144,144,144
"Melanie, Benny, Sandy, and Jessica each have 9 dozen Pokemon cards.  How many Pokemon cards do they have in all ?
Each person has 9 dozen cards. 9 dozen is 9 x 12 = 108. So they have 108 cards each. 108 * 4 = 432. The answer is 432.
Therefore, the answer (arabic numerals) is",432,432,432
"Sally saw 1 dozen birds in a tree. How many birds did Sally see ?
A dozen is equal to 12, so Sally saw 12 birds in the tree.
Therefore, the answer (arabic numerals) is",12,12,12
"Fred, Benny, and Jason have 24 crayons all together. If the crayons are equally divided, how many will each person get ?
A simple one!

Let's divide the total number of crayons (24) by the number of people (3):

24 ÷ 3 = 8

Each person will get 8 crayons!
Therefore, the answer (arabic numerals) is",8,8,8
"Sara goes fishing with Melanie. Sara catches 5 trout. Melanie catches 2 times as many trout as Sara. How many trout did Melanie catch ?
Sara caught 5 trout. Melanie caught 2 times as many as Sara. So Melanie caught 5 x 2 = 10 trout. The answer is 10.
Therefore, the answer (arabic numerals) is",10,10,10
"Benny goes to lunch with Sally and Sandy. The total bill came to 15 dollars. They decided to equally split up the bill, how much will each person have to pay ?
A simple one!

If the total bill is $15 and they want to split it equally among 3 people, we can divide the total bill by 3:

$15 ÷ 3 = $5

So each person, Benny, Sally, and Sandy, will have to pay $5.
Therefore, the answer (arabic numerals) is",5,5,5
"A restaurant sold 49 hamburgers last week. How many hamburgers on average were sold each day ?
The restaurant sold 49 hamburgers in total. There are 7 days in a week. 49 / 7 = 7.
#### 7
Therefore, the answer (arabic numerals) is","That's correct!

49 hamburgers sold in 7 days means the average number of hamburgers sold per day is:

49 ÷ 7 = 7

So, the restaurant sold 7 hamburgers on average each day.",49,7
"Sally has 6 blue balloons. Fred has 3 times more  blue balloons than Sally. How many blue balloons does Fred have now ?
Sally has 6 blue balloons. Fred has 3 times more than Sally. So Fred has 6 x 3 = 18 blue balloons.
#### 18
Therefore, the answer (arabic numerals) is",18,18,18
"Mike worked 3 hours, each day, for 5 days. How many hours did he work in total ?
Mike worked 3 hours per day. For 5 days. So he worked 3 x 5 hours. 3 x 5 is 15. The answer is 15.
Therefore, the answer (arabic numerals) is",15,15,15
"There were a total of 7 baseball games a month.  The season is played for 2 months. How many baseball games are in a season ?
There are 7 games per month. There are 2 months. 7 x 2 = 14. The answer is 14.
Therefore, the answer (arabic numerals) is",14,14,14
"Melanie is selling 4 gumballs for eight cents each. How much money can Melanie get from selling the gumballs?
Each gumball is 8 cents. There are 4 gumballs. 8 x 4 = 32 cents. The answer is 32 cents.
Therefore, the answer (arabic numerals) is",32,32,32
"Mary had 8 potatoes in the garden. The rabbits ate 3 of the potatoes. How many potatoes does Mary now have ?
Let's subtract the number of potatoes the rabbits ate from the original number of potatoes Mary had:

8 (original potatoes) - 3 (potatoes eaten by rabbits) = 5

Mary now has 5 potatoes in the garden.
Therefore, the answer (arabic numerals) is",5,5,5
"There were a total of 6 soccer games this year. Jessica missed 4 of the games. How many soccer games did Jessica go to in all ?
There were 6 games. If Jessica missed 4, then she went to 6 - 4 = 2. The answer is 2.
Therefore, the answer (arabic numerals) is",2,2,2
"There are 9 oak trees currently in the park. Park workers had to cut down 2  oak trees that were damaged. How many oak trees will the park have when the workers are finished ?
There were originally 9 oak trees. After cutting down 2, there will be 9 - 2 = 7. The answer is 7.
Therefore, the answer (arabic numerals) is",7,7,7
"Jessica had 8 quarters in her bank. Her sister borrowed 3 of her quarters. How many quarters does Jessica have now ?
Jessica had 8 quarters. Her sister took 3 quarters. So she has 8 - 3 = 5 quarters left.
#### 5
Therefore, the answer (arabic numerals) is","That's correct!

Jessica had 8 quarters initially, and her sister borrowed 3 of them. To find out how many quarters Jessica has left, you subtract 3 from 8:

8 - 3 = 5

So, Jessica has 5 quarters now.",8,5
"A restaurant made 9 hamburgers to serve during lunch. Only 3 were  actually served. How many hamburgers were left over from lunch ?
The restaurant made 9 hamburgers. 3 were served. So 9 - 3 = 6 were left over.
#### 6
Therefore, the answer (arabic numerals) is",6,6,6
"There are 7 crayons in the drawer. Mary took 3 crayons out of the drawer. How many crayons are there now ?
Let's count the crayons!

There were 7 crayons in the drawer initially.

Mary took 3 crayons out of the drawer, so we subtract 3 from 7:

7 - 3 = 4

There are now 4 crayons left in the drawer.
Therefore, the answer (arabic numerals) is",4,4,4
"Dan picked 9 limes and gave Sara 4 of the limes.  How many limes does Dan have now ?
Dan started with 9 limes. After giving Sara 4, he had 9 - 4 = 5 limes left. The answer is 5.
Therefore, the answer (arabic numerals) is",5,5,5
"Dan found 7 seashells but 3 were broken.  How many unbroken seashells did Dan find ?
Dan found 7 seashells. 3 were broken. So 7 - 3 = 4 seashells were unbroken. The answer is 4.
Therefore, the answer (arabic numerals) is",4,4,4
"Joan has 9 blue balloons  but lost 2 of them. How many blue balloons does Joan have now ?
Joan had 9 blue balloons initially. She lost 2 of them, so she has:

9 - 2 = 7

Joan has 7 blue balloons now.
Therefore, the answer (arabic numerals) is",7,7,7
"Joan picked 43 apples from the orchard, and gave 27 apples  to  Melanie. How many apples does Joan have now ?
Joan had 43 apples. She gave 27 to Melanie. So she has 43 - 27 = 16 apples left.
#### 16
Therefore, the answer (arabic numerals) is",16,16,16
"Alyssa's high school played 31 hockey games this year. She attended  13 games. How many hockey games did Alyssa miss ?
Alyssa attended 13 games. There were 31 games. So she missed 31 - 13 = 18 games.
Therefore, the answer (arabic numerals) is",18,18,18
"Tom has 30 violet balloons, he gave Fred 16 of the balloons. How many violet balloons does he now have ?
Tom had 30 violet balloons. He gave Fred 16 balloons, so he has 30 - 16 = 14 balloons left.
Therefore, the answer (arabic numerals) is",14,14,14
"Fred has 40 baseball cards. Keith bought 22 of Fred's  baseball cards. How many baseball cards does Fred have now ?
Fred had 40 baseball cards. Keith bought 22 of them. So Fred has 40 - 22 = 18 baseball cards left.
#### 18
Therefore, the answer (arabic numerals) is","You're absolutely right!

Fred had 40 baseball cards, and Keith bought 22 of them. To find out how many baseball cards Fred has left, you subtract 22 from 40:

40 - 22 = 18

So, Fred has 18 baseball cards now.

The answer is indeed 18.",40,18
"Fred found 47 seashells on the beach, he gave Jessica 25 of the seashells. How many seashells does he now have ?
Fred started with 47 seashells. He gave 25 away. So he has 47 - 25 = 22 seashells left.
#### 22
Therefore, the answer (arabic numerals) is",22,22,22
"Sara grew 43 pumpkins, but the rabbits ate 23 pumpkins. How many pumpkins does Sara have left ?
Sara started with 43 pumpkins. The rabbits ate 23 pumpkins. So she has 43 - 23 = 20 pumpkins left. The answer is 20.
Therefore, the answer (arabic numerals) is",20,20,20
"Joan decided to sell all of her old books. She gathered up 33 books to sell. She sold 26 books in a yard sale. How many books does Joan now have ?
Joan started with 33 books. She sold 26. 33 - 26 = 7. The answer is 7.
Therefore, the answer (arabic numerals) is",7,7,7
"There are 46 rulers in the drawer. Tim took 25  rulers from the drawer. How many rulers are now in the drawer ?
There were originally 46 rulers. Tim took 25. So there are 46 - 25 = 21 rulers left.
#### 21
Therefore, the answer (arabic numerals) is",21,21,21
"There are 33 oak trees currently in the park. Park workers had to cut down  18 oak trees that were damaged. How many oak trees will be in the park when the workers are finished ?
There were originally 33 oak trees. 18 were cut down. 33 - 18 = 15. The answer is 15.
Therefore, the answer (arabic numerals) is",15,15,15
"Sandy sold lemonade in her neighborhood. She got 17 half-dollars on Saturday and 6 half-dollars on Sunday. What amount of money did Sandy receive?
17 half-dollars is 17 * 0.5 = 8.5 dollars. 6 half-dollars is 6 * 0.5 = 3 dollars. 8.5 + 3 = 11.5. The answer is 11.5.
Therefore, the answer (arabic numerals) is",11.5,11.5,11.5
"Sam got 9 pennies for washing clothes, and 7 quarters for mowing lawns. How much money does Sam have?
Sam got 9 pennies. 9 pennies is 9 cents. Sam got 7 quarters. 7 quarters is 7 x 25 cents = 175 cents. So in total, Sam has 9 cents + 175 cents = 184 cents. 184 cents is $1.84. The answer is 1.84.
Therefore, the answer (arabic numerals) is",1.84,1.84,1.84
"When Joan was visited by the toothfairy, she received 14 each of quarters, half-dollars, and dimes. How much money did the toothfairy leave Joan?
14 quarters is 14 * 25 cents = 350 cents. 14 half-dollars is 14 * 50 cents = 700 cents. 14 dimes is 14 * 10 cents = 140 cents. 350 + 700 + 140 is 1190. 1190 cents is 11.90 dollars. The answer is 11.90.
Therefore, the answer (arabic numerals) is",11.9,11.9,11.9
"As Alyssa was searching through her couch cushions, she found 12 quarters, and 7 pennies in the couch. How much money in total does Alyssa have?
12 quarters is 12 x 0.25 = 3 dollars. 7 pennies is 7 x 0.01 = 0.07 dollars. 3 + 0.07 = 3.07 dollars. The answer is 3.07.
Therefore, the answer (arabic numerals) is",3.07,3.07,3.07
"On Wednesday, Joan spent 4 half-dollars playing pinball. The next day, she spent 14 half-dollars on pinball. What was the total amount Joan spent playing pinball?
Joan spent 4 half-dollars the first day. A half-dollar is 50 cents, so 4 half-dollars is 4 x 50 cents = 200 cents. 200 cents is 2 dollars. The next day, she spent 14 half-dollars. 14 half-dollars is 14 x 50 cents = 700 cents. 700 cents is 7 dollars. So in total, she spent 2 + 7 = 9 dollars. The answer is 9.
Therefore, the answer (arabic numerals) is",9,9,9
"Tim got 3 nickels and 13 dimes for shining shoes, and in his tip jar found 7 dimes and 9 half-dollars. How much money did Tim get?
Tim got 3 nickels and 13 dimes. 3 nickels is 3 x 5 cents = 15 cents. 13 dimes is 13 x 10 cents = 130 cents. So he got 15 cents + 130 cents = 145 cents. Then he found 7 dimes and 9 half-dollars. 7 dimes is 7 x 10 cents = 70 cents. 9 half-dollars is 9 x 50 cents = 450 cents. So he got 70 cents + 450 cents = 520 cents. 145 cents + 520 cents = 665 cents. 665 cents is 6 dollars and 65 cents. The answer is 6 dollars and 65 cents.
Therefore, the answer (arabic numerals) is",6.65,6.65,6.65
"While digging through her clothes for ice cream money, Joan found 15 dimes in her jacket, and 4 dimes in her shorts. How much money did Joan find?
Joan found 15 dimes in her jacket. Each dime is worth 10 cents. So that is 15 * 10 = 150 cents. She found 4 more dimes in her shorts. So that is 4 * 10 = 40 cents. In total, she found 150 + 40 = 190 cents. The answer is 190 cents.
Therefore, the answer (arabic numerals) is",$1.90,1.9,1.9
"On Friday, Sam spent 2 pennies on ice cream. The next day, Sam spent 12 dimes on baseball cards. All in all, how much money did Sam spend?
2 pennies is 2 cents. 12 dimes is 12 x 10 = 120 cents, or 1 dollar and 20 cents. So Sam spent 2 cents + 1 dollar and 20 cents = 1 dollar and 22 cents. The answer is 1 dollar and 22 cents.
Therefore, the answer (arabic numerals) is",1.22,1.22,1.22
"Joan purchased a basketball game for $5.20, and a racing game for $4.23. How much did Joan spend on video games?
Joan purchased a basketball game for 5.20 dollars and a racing game for 4.23 dollars. So she spent 5.20 + 4.23 = 9.43 dollars. The answer is 9.43.
Therefore, the answer (arabic numerals) is",9.43,9.43,9.43
"Mike joined his school's band. He bought a trumpet for $145.16, and a song book which was $5.84. How much did Mike spend at the music store?
Mike bought a trumpet for 145.16 and a song book for 5.84. So he spent 145.16 + 5.84. The answer is 150.99.
Therefore, the answer (arabic numerals) is",150.99,150.99,151
"Alyssa bought some toys. She bought a football for $5.71, and spent $6.59 on marbles. In total, how much did Alyssa spend on toys?
Alyssa spent 5.71 on a football. She spent 6.59 on marbles. 5.71 + 6.59 = 12.30. The answer is 12.30.
Therefore, the answer (arabic numerals) is",12.3,12.3,12.3
"Keith loves trading cards. She bought 4 packs of Digimon cards for $4.45 each, and a deck of baseball cards for $6.06. How much did Keith spend on cards?
Keith bought 4 packs of Digimon cards for 4.45 each. 4 x 4.45 = 17.8. She also bought a deck of baseball cards for 6.06. So she spent 17.8 + 6.06. 17.8 + 6.06 = 23.86. The answer is 23.86.
Therefore, the answer (arabic numerals) is",23.86,23.86,23.86
"Jessica spent $10.22 on a cat toy, and a cage cost her $11.73. What was the total cost of Jessica's purchases?
Jessica spent 10.22 dollars on a cat toy. Then she spent 11.73 dollars on a cage. 10.22 + 11.73 = 21.95. The answer is 21.95.
Therefore, the answer (arabic numerals) is",21.95,21.95,21.95
"Sara got fast food for lunch. Sara spent $5.36 on a hotdog and $5.10 on a salad. What was the total of the lunch bill?
Sara spent 5.36 dollars on a hotdog and 5.10 dollars on a salad. 5.36 + 5.10 is 10.46.
#### 10.46
Therefore, the answer (arabic numerals) is",10.46,10.46,10.46
"Jason went to the mall on Saturday to buy clothes. He spent $14.28 on shorts and $4.74 on a jacket. In total, how much money did Jason spend on clothing?
Jason spent 14.28 dollars on shorts. He spent 4.74 dollars on a jacket. 14.28 + 4.74 = 19.02. The answer is 19.02.
Therefore, the answer (arabic numerals) is",19.02,19.02,19.02
"Alyssa loves eating fruits. Alyssa paid $12.08 for grapes, and $9.85 for cherries. In total, how much money did Alyssa spend?
Alyssa paid 12.08 dollars for grapes. She paid 9.85 dollars for cherries. 12.08 + 9.85 = 21.93.
#### 21.93
Therefore, the answer (arabic numerals) is",21.93,21.93,21.93
"Mary loves eating fruits. Mary paid $11.08 for berries, $14.33 for apples, and $9.31 for peaches. In total, how much money did she spend?
Mary spent 11.08 + 14.33 + 9.31 dollars. 11.08 + 14.33 is 25.41. 25.41 + 9.31 is 34.72.
#### 34.72
Therefore, the answer (arabic numerals) is",34.72,34.72,34.72
"Sandy went to the mall to buy clothes. She spent $13.99 on shorts, $12.14 on a shirt, and $7.43 on a jacket. How much money did Sandy spend on clothes?
Sandy spent 13.99 + 12.14 + 7.43 dollars. 13.99 + 12.14 is 26.13. 26.13 + 7.43 is 33.56.
#### 33.56
Therefore, the answer (arabic numerals) is",33.56,33.56,33.56
"Jason joined his school's band. He bought a flute for $142.46, a music stand for $8.89, and a song book for $7. How much did Jason spend at the music store?
Jason spent 142.46 on the flute, 8.89 on the music stand, and 7 on the song book. 142.46 + 8.89 + 7 = 158.35. The answer is 158.35.
Therefore, the answer (arabic numerals) is",158.35,158.35,158.35
"Tom purchased a football game for $14.02, a strategy game for $9.46, and a Batman game for $12.04. How much did Tom spend on video games?
Tom spent 14.02 + 9.46 + 12.04 dollars. This is 35.52. The answer is 35.52.
Therefore, the answer (arabic numerals) is",35.52,35.52,35.52
"Fred loves trading cards. He bought 2 packs of football cards for $2.73 each, a pack of Pokemon cards for $4.01, and a deck of baseball cards for $8.95. How much did Fred spend on cards?
Fred bought 2 packs of football cards for 2.73 each. 2 * 2.73 = 5.46. He also bought a pack of pokemon cards for 4.01 and a deck of baseball cards for 8.95. 5.46 + 4.01 + 8.95 = 18.42. The answer is 18.42.
Therefore, the answer (arabic numerals) is",18.42,18.42,18.42
"On Saturday, Sara spent $10.62 each on 2 tickets to a movie theater. She also rented a movie for $1.59, and bought a movie for $13.95. How much money in total did Sara spend on movies?
2 tickets to the movie theater cost 10.62 each, so 2 x 10.62 = 21.24. The movie rental was 1.59, and the movie was 13.95. So in total, she spent 21.24 + 1.59 + 13.95 = 36.78. The answer is 36.78.
Therefore, the answer (arabic numerals) is",36.78,36.78,36.78
"Mike bought some toys. He bought marbles for $9.05, a football for $4.95, and spent $6.52 on a baseball. In total, how much did Mike spend on toys?
The total is 9.05 + 4.95 + 6.52. 9.05 + 4.95 is 14. The answer is 14 + 6.52 = 20.57.
Therefore, the answer (arabic numerals) is",20.57,20.57,20.52
"Mary loves eating fruits. Mary paid $7.19 for berries, and $6.83 for peaches with a $20 bill. How much change did Mary receive?
Mary paid 7.19 + 6.83 = 14.02. She paid with a 20 dollar bill. So she should get 20 - 14.02 = 5.98 in change. The answer is 5.98.
Therefore, the answer (arabic numerals) is",5.98,5.98,5.98
"Sandy went to the mall on Saturday to buy clothes. She paid $9.24 on pants and $8.25 on a shirt with a $20 bill. How much money did Sandy get in change?
Sandy paid 9.24 + 8.25 = 17.49. She gave the cashier a 20 dollar bill. So she got 20 - 17.49 = 2.51 in change. The answer is 2.51.
Therefore, the answer (arabic numerals) is",2.51,2.51,2.51
"Joan paid $8.77 on a cat toy, and a cage cost her $10.97 with a $20 bill. How much change did Joan receive?
Joan paid 8.77 dollars for the cat toy. Then she paid 10.97 for the cage. So in total she paid 8.77 + 10.97 = 19.74. She paid with a 20 dollar bill. So she received 20 - 19.74 = 0.26 in change. The answer is 0.26.
Therefore, the answer (arabic numerals) is",0.26,0.26,0.26
"On Friday, Fred paid $5.92 each on 2 tickets to a movie theater. He also borrowed a movie for $6.79. Fred paid with a $20 bill. How much change did Fred receive?
Fred paid 5.92 * 2 = 11.84 for the movie tickets. He also paid 6.79 for the movie. So he paid 11.84 + 6.79 = 18.63. He paid with a 20 dollar bill, so he got 20 - 18.63 = 1.37 in change. The answer is 1.37.
Therefore, the answer (arabic numerals) is",1.37,1.37,1.37
"Sandy bought some toys. She bought a football for $9.14, and paid $6.81 on a baseball with a $20 bill. How much change did he receive from the purchase?
Sandy bought a football for 9.14. She paid 20 for a baseball, but got 6.81 back. So she paid 9.14 + 20 - 6.81 = 22.33. She paid 22.33, so she got 20 - 22.33 = 2.67 back. The answer is 2.67.
Therefore, the answer (arabic numerals) is",22.33,22.33,4.05
"A ship is filled with 5,973 tons of cargo. It stops in the Bahamas, where sailors load 8,723 more tons of cargo onboard. How many tons of cargo does the ship hold now?
The ship started with 5973 tons of cargo. After adding 8723 more, it has 5973 + 8723 = 14,696 tons of cargo. The answer is 14,696.
Therefore, the answer (arabic numerals) is","14,696",14696,14696
"Before December, customers buy 1,346 ear muffs from the mall. During December, they buy 6,444 more, and there are none left. In all, how many ear muffs do the customers buy?
Before December, customers buy 1,346 ear muffs. Then they buy 6,444 more. 1,346 + 6,444 = 7,790. The answer is 7,790.
Therefore, the answer (arabic numerals) is","7,790",7790,7790
"Diane is a beekeeper. Last year, she harvested 2,479 pounds of honey. This year, she bought some new hives and increased her honey harvest by 6,085 pounds. How many pounds of honey did Diane harvest this year?
Last year, Diane harvested 2,479 pounds of honey. This year, she harvested 6,085 pounds more. So this year, she harvested 2,479 + 6,085 pounds of honey. 2,479 + 6,085 is 8,564. The answer is 8,564.
Therefore, the answer (arabic numerals) is","8,564",8564,8564
"An oil pipe in the sea broke. Before engineers started to fix the pipe, 6,522 liters of oil leaked into the water. While the engineers worked, the pipe leaked 5,165 more liters of oil. In all, how many liters of oil leaked into the water?
Originally, 6,522 liters leaked. Then 5,165 more leaked. 6,522 + 5,165 = 11,687. The answer is 11,687.
Therefore, the answer (arabic numerals) is","11,687",11687,11687
"A car company produced 3,884 cars in North America and 2,871 cars in Europe. How many cars is that in all?
The car company produced 3884 cars in North America and 2871 cars in Europe. To find the total number of cars, we add these numbers together.
3884 + 2871 = 6755

So the car company produced 6755 cars in total.
Therefore, the answer (arabic numerals) is",6755,6755,6755
"Abe's family moved from the Bahamas to Japan, so they had convert their money into Japanese yen. Their checking account now has 6,359 yen and their savings account now has 3,485 yen. How many yen do they have?
Abe's family has 6,359 yen in their checking account and 3,485 yen in their savings account. So they have 6,359 + 3,485 = 9,844 yen. The answer is 9,844.
Therefore, the answer (arabic numerals) is","9,844",9844,9844
"There are 1,986 books in Oak Grove's public library. In addition, there are 5,106 books in its school libraries. How many books do the libraries in Oak Grove have overall?
There are 1986 books in the public library and 5106 books in the school libraries. 1986 + 5106 = 7092.
#### 7092
Therefore, the answer (arabic numerals) is","That's correct!

You added the number of books in the public library (1,986) and the number of books in the school libraries (5,106) to get a total of 7,092 books.

Well done!",1986,7092
"There were originally 20,817 houses in Lincoln County. During a housing boom, developers built 97,741 more. How many houses are there now in Lincoln County?
There were originally 20,817 houses. After building 97,741 more, there are 20,817 + 97,741 = 118,558 houses. The answer is 118,558.
Therefore, the answer (arabic numerals) is","118,558",118558,118558
"A farmer estimates that he will harvest 48,097 bushels of wheat. The weather is perfect during the growing season, so he harvests 684 more bushels of wheat than expected. How many bushels of wheat does the farmer harvest?
The farmer expected to harvest 48,097 bushels. He harvested 684 more than that. So he harvested 48,097 + 684 = 48,781 bushels. The answer is 48,781.
Therefore, the answer (arabic numerals) is","48,781",48781,48781
"Christina just transferred $69 out of her bank account. As a result, the account now has $26,935 left in it. How much money was in the account before the transfer?
There was an unknown amount of money in the account. After the transfer, there is $26,935 left. So the unknown amount was $26,935 + $69. $26,935 + $69 is $27,004. The answer is $27,004.
Therefore, the answer (arabic numerals) is","The correct answer is indeed:

$27,004",27004,27004
"Last year at Newberg's airport, 14,507 passengers landed on time. Unfortunately, 213 passengers landed late. In all, how many passengers landed in Newberg last year?
There were 14,507 passengers who landed on time. There were 213 who landed late. So in total, there were 14,507 + 213 = 14,720 passengers. The answer is 14,720.
Therefore, the answer (arabic numerals) is","14,720",14720,14720
"A dust storm sweeps across the prairie. It covers 64,535 acres of the prairie in dust, but leaves 522 acres untouched. How many acres does the prairie cover?
The dust storm covered 64,535 acres. It left 522 acres untouched. So it covered 64,535 + 522 acres. 64,535 + 522 = 65,057. The answer is 65,057.
Therefore, the answer (arabic numerals) is","65,057",65057,65057
"Some insects called aphids attack a large farm. In response, the farmer releases ladybugs onto the fields. There are 12,170 ladybugs with spots and 54,912 ladybugs without spots. How many ladybugs are there in all?
There are 12,170 ladybugs with spots. There are 54,912 ladybugs without spots. So there are 12,170 + 54,912 ladybugs in all. 12,170 + 54,912 is 67,082. The answer is 67,082.
Therefore, the answer (arabic numerals) is","67,082",67082,67082
"Last year, 90,171 people were born in a country, and 16,320 people immigrated to it. How many new people began living in the country last year?
90,171 people were born, and 16,320 people immigrated. So 90,171 + 16,320 = 106,491. The answer is 106,491.
Therefore, the answer (arabic numerals) is","106,491",106491,106491
"A ship full of grain crashes into a coral reef. By the time the ship is fixed, 49,952 tons of grain have spilled into the water. Only 918 tons of grain remain onboard. How many tons of grain did the ship originally contain?
The ship had 918 tons of grain left. 49,952 tons of grain spilled into the water. So the ship originally had 918 + 49,952 tons of grain. 918 + 49,952 = 50,870. The answer is 50,870.
Therefore, the answer (arabic numerals) is","50,870",50870,50870
"To fill an order, the factory dyed 61,921 yards of silk green and 49,500 yards pink. How many yards of silk did it dye for that order?
The factory dyed 61,921 yards of green silk and 49,500 yards of pink silk. 61,921 + 49,500 = 111,421. The answer is 111,421.
Therefore, the answer (arabic numerals) is","111,421",111421,111421
"A multi-national corporation has 2,041 part-time employees and 63,093 full-time employees. How many employees work for the corporation?
The corporation has 2,041 part-time employees and 63,093 full-time employees. 2,041 + 63,093 is 65,134. The answer is 65,134.
Therefore, the answer (arabic numerals) is","65,134",65134,65134
"Each year, salmon travel upstream, going from the ocean to the rivers where they were born. This year, 712,261 male and 259,378 female salmon returned to their rivers. How many salmon made the trip?
712,261 + 259,378 = 971,639.
#### 971,639
Therefore, the answer (arabic numerals) is","The correct answer is:

971,639",971639,971639
"A bathing suit manufacturer has a supply of 14,797 bathing suits for men. In addition, it has 4,969 bathing suits for women. How many bathing suits are available overall?
There are 14,797 bathing suits for men. There are 4,969 bathing suits for women. 14,797 + 4,969 = 19,766. The answer is 19,766.
Therefore, the answer (arabic numerals) is","19,766",19766,19766
"Before the recent housing boom, there were 1,426 houses in Lawrence County. Now, there are 2,000 houses. How many houses did developers build during the housing boom?
Originally there were 1426 houses. Now there are 2000. So 2000 - 1426 = 574 houses were built. The answer is 574.
Therefore, the answer (arabic numerals) is",574,574,574
"A worker at a medical lab is studying blood samples. Two samples contained a total of 7,341 blood cells. The first sample contained 4,221 blood cells. How many blood cells were in the second sample?
The first sample had 4,221 blood cells. The total was 7,341. So the second sample had 7,341 - 4,221 = 3,120 blood cells. The answer is 3,120.
Therefore, the answer (arabic numerals) is",3120,3120,3120
"So far, an orchard has sold a combined total of 9,792 pounds of fresh and frozen fruit this season. If they have sold 3,513 pounds of frozen fruit, how many pounds of fresh fruit have been sold so far?
The orchard has sold 9,792 pounds of fruit in total. Of that, 3,513 pounds were frozen. So the amount of fresh fruit sold is 9,792 - 3,513 = 6,279. The answer is 6,279.
Therefore, the answer (arabic numerals) is","6,279",6279,6279
"On Saturday, Sara spent $10.62 each on 2 tickets to a movie theater. Sara also rented a movie for $1.59, and bought a movie for $13.95. How much money in total did Sara spend on movies?
2 tickets for 10.62 each will be 10.62 * 2 = 21.24. Add 1.59 + 13.95 = 15.54. 21.24 + 15.54 = 36.78. The answer is 36.78.
Therefore, the answer (arabic numerals) is",36.78,36.78,36.78
"Jonathan wants to buy a dictionary that costs $11, a dinosaur book that costs $19, and a children's cookbook that costs $7. He has saved $8 from his allowance. How much more money does Jonathan need to buy all three books?
The total cost of the books is 11 + 19 + 7 = 37 dollars. Jonathan has 8 dollars. So he needs 37 - 8 = 29 more dollars. The answer is 29.
Therefore, the answer (arabic numerals) is",29,29,29
"Dana earns $13 per hour. She worked 9 hours on Friday, 10 hours on Saturday, and 3 hours on Sunday. How much money did Dana earn in all?
Dana earns 13 dollars per hour. She worked 9 + 10 + 3 hours. That is 22 hours. 22 * 13 = 286. The answer is 286.
Therefore, the answer (arabic numerals) is",286,286,286
"Tanner saved $17 in September. He saved $48 in October and $25 in November. Then Tanner spent $49 on a video game. How much money does Tanner have left?
Tanner started with 17 dollars. Then he saved 48 and 25 more, so he has 17 + 48 + 25 = 90 dollars. After spending 49 dollars, he has 90 - 49 = 41 dollars. The answer is 41.
Therefore, the answer (arabic numerals) is",41,41,41
"Mika had 20 stickers. She bought 26 stickers from a store in the mall and got 20 stickers for her birthday. Then Mika gave 6 of the stickers to her sister and used 58 to decorate a greeting card. How many stickers does Mika have left?
Mika started with 20 stickers. Then she got 26 more from the store, and 20 more for her birthday. So she has 20 + 26 + 20 = 66 stickers. After giving 6 to her sister, she has 66 - 6 = 60 stickers. After using 58 to decorate the card, she has 60 - 58 = 2 stickers left. The answer is 2.
Therefore, the answer (arabic numerals) is",2,2,2
"A group of science students went on a field trip. They took 6 vans and 8 buses. There were 6 people in each van and 18 people in each bus. How many people went on the field trip?
There were 6 vans. Each van had 6 people. So that is 6 x 6 = 36 people. There were 8 buses. Each bus had 18 people. So that is 8 x 18 = 144 people. 36 + 144 = 180 people. The answer is 180.
Therefore, the answer (arabic numerals) is",180,180,180
"Carrie's mom gave her $91 to go shopping. She bought a sweater for $24, a T-shirt for $6, and a pair of shoes for $11. How much money does Carrie have left?
Carrie started with 91 dollars. After buying a sweater for 24 dollars, she has 91 - 24 = 67 dollars. After buying a T-shirt for 6 dollars, she has 67 - 6 = 61 dollars. After buying a pair of shoes for 11 dollars, she has 61 - 11 = 50 dollars. The answer is 50.
Therefore, the answer (arabic numerals) is",50,50,50
"Kylie was collecting coins. She got 15 coins from her piggy bank and 13 coins from her brother. Her father gave Kylie 8 coins. Kylie gave 21 of the coins to her friend Laura. How many coins did Kylie have left?
Kylie got 15 coins from her piggy bank, 13 from her brother, and 8 from her father. That is 15 + 13 + 8 = 36 coins. She gave 21 to Laura, so she had 36 - 21 = 15 coins left. The answer is 15.
Therefore, the answer (arabic numerals) is",15,15,15
"Justin needs 61 paper plates for a birthday party. He already has 26 blue plates and 7 red plates. How many more plates should Justin buy?
Justin needs 61 plates. He has 26 blue and 7 red plates, so that is 26 + 7 = 33 plates. He needs 61 - 33 = 28 more plates. The answer is 28.
Therefore, the answer (arabic numerals) is",28,28,28
"Mark's father gave him $85. Mark bought 10 books, each of which cost $5. How much money does Mark have left?
Mark's father gave him 85 dollars. He bought 10 books for 5 dollars each. That is 10 * 5 = 50 dollars. So he has 85 - 50 = 35 dollars left. The answer is 35.
Therefore, the answer (arabic numerals) is",35,35,35
"Elise had $8. Then she saved $13 from her allowance and spent $2 on a comic book and $18 on a puzzle. How much money does Elise have left?
Elise started with 8 dollars. She then saved 13 dollars, so she had 8 + 13 = 21 dollars. She spent 2 dollars on a comic book, so she had 21 - 2 = 19 dollars. Then she spent 18 dollars on a puzzle, so she had 19 - 18 = 1 dollar. The answer is 1.
Therefore, the answer (arabic numerals) is",1,1,1
"Luke had 20 stickers. He bought 12 stickers from a store in the mall and got 20 stickers for his birthday. Then Luke gave 5 of the stickers to his sister and used 8 to decorate a greeting card. How many stickers does Luke have left?
Luke started with 20 stickers. He bought 12 more, so he had 20 + 12 = 32. He got 20 more for his birthday, so he had 32 + 20 = 52. Then he gave 5 away and used 8, so he had 52 - 5 - 8 = 39. The answer is 39.
Therefore, the answer (arabic numerals) is",39,39,39
"Johnny saved $30 in September. He saved $49 in October and $46 in November. Then Johnny spent $58 on a video game. How much money does Johnny have left?
Johnny started with 30 dollars. Then he added 49 and 46, so he had 30 + 49 + 46 = 125 dollars. Then he spent 58, so he had 125 - 58 = 67 dollars left. The answer is 67.
Therefore, the answer (arabic numerals) is",67,67,67
"Seth bought 20 cartons of ice cream and 2 cartons of yogurt. Each carton of ice cream cost $6 and each carton of yogurt cost $1. How much more did Seth spend on ice cream than on yogurt?
Seth bought 20 cartons of ice cream for 6 dollars each. 20 x 6 = 120 dollars. He also bought 2 cartons of yogurt for 1 dollar each. 2 x 1 = 2 dollars. 120 - 2 = 118. The answer is 118.
Therefore, the answer (arabic numerals) is","I'm happy to help!

However, I notice that the calculation is not correct. Let's recalculate:

Seth bought 20 cartons of ice cream for $6 each, so the total cost of ice cream is:
20 x $6 = $120

He also bought 2 cartons of yogurt for $1 each, so the total cost of yogurt is:
2 x $1 = $2

To find out how much more Seth spent on ice cream than on yogurt, subtract the cost of yogurt from the cost of ice cream:
$120 - $2 = $118

So, the correct answer is indeed 118.",20,118
"Dalton wants to buy a jump rope that costs $7, a board game that costs $12, and a playground ball that costs $4. He has saved $6 from his allowance, and his uncle gave him $13. How much more money does Dalton need to buy the jump rope, the game, and the ball?
The jump rope costs 7 dollars, the board game costs 12 dollars, and the playground ball costs 4 dollars. So in total, the items cost 7 + 12 + 4 = 23 dollars. Dalton has 6 + 13 = 19 dollars. So he needs 23 - 19 = 4 more dollars. The answer is 4.
Therefore, the answer (arabic numerals) is",4,4,4
"Vincent bought 10 books about animals, 1 book about outer space, and 3 books about trains. Each book cost $16. How much did Vincent spend on the books?
There are 10 + 1 + 3 = 14 books. Each book costs 16 dollars. So the total cost is 14 x 16 = 224. The answer is 224.
Therefore, the answer (arabic numerals) is",224,224,224
"Priya needs 54 cupcakes for a birthday party. She already has 15 chocolate cupcakes and 25 vanilla cupcakes. How many more cupcakes should Priya buy?
Priya needs 54 cupcakes. She has 15 chocolate and 25 vanilla, so she has 15 + 25 = 40 cupcakes. She needs 54 - 40 = 14 more. The answer is 14.
Therefore, the answer (arabic numerals) is",14,14,14
"Maria needs 21 cartons of berries to make a berry cobbler. She already has 4 cartons of strawberries and 8 cartons of blueberries. How many more cartons of berries should Maria buy?
Maria needs 21 cartons of berries. She has 4 cartons of strawberries and 8 cartons of blueberries. 4 + 8 = 12. So she has 12 cartons already. 21 - 12 = 9. The answer is 9.
Therefore, the answer (arabic numerals) is",9,9,9
"There are 24 bicycles and 14 tricycles in the storage area at Danny's apartment building. Each bicycle has 2 wheels and each tricycle has 3 wheels. How many wheels are there in all?
There are 24 bicycles and 14 tricycles. Each bicycle has 2 wheels and each tricycle has 3 wheels. So 24 * 2 + 14 * 3 = 48 + 42 = 90. The answer is 90.
Therefore, the answer (arabic numerals) is","The correct answer is:

90",90,90
"Paula's aunt gave her $109 to spend on clothes at the mall. She bought 2 shirts that cost $11 each and a pair of pants that cost $13. How much money does Paula have left to buy more clothes?
Paula started with 109 dollars. 2 shirts for 11 dollars each is 2 x 11 = 22 dollars. A pair of pants for 13 dollars is 13 dollars. So in total Paula spent 22 + 13 = 35 dollars. So she has 109 - 35 = 74 dollars left. The answer is 74.
Therefore, the answer (arabic numerals) is",74,74,74
"Mary has 9 yellow marbles. Joan has 3 yellow marbles. How many yellow marbles do they have in all ?
Let's count the yellow marbles!

Mary has 9 yellow marbles.
Joan has 3 yellow marbles.

To find the total number of yellow marbles, we add the number of marbles each has:

9 (Mary's marbles) + 3 (Joan's marbles) = 12

So, they have 12 yellow marbles in all!
Therefore, the answer (arabic numerals) is",12,12,12
"Jason had Pokemon cards. Jason gave 9 to his friends. Jason now has 4 Pokemon cards left. How many Pokemon cards did Jason have to start with ?
Jason has 4 Pokemon cards left. He gave 9 away. So he must have had 4 + 9 = 13. The answer is 13.
Therefore, the answer (arabic numerals) is",13,13,13
"Adam bought 9 packages of cat food and 7 packages of dog food. Each package of cat food contained 10 cans, and each package of dog food contained 5 cans. How many more cans of cat food than dog food did Adam buy?
Each package of cat food had 10 cans, so 9 packages has 9 x 10 = 90 cans. Each package of dog food had 5 cans, so 7 packages has 7 x 5 = 35 cans. The difference is 90 - 35 = 55. The answer is 55.
Therefore, the answer (arabic numerals) is",55,55,55
"Zach wants to ride the Ferris wheel, the roller coaster, and the log ride. The Ferris wheel costs 2 tickets, the roller coaster costs 7 tickets and the log ride costs 1 ticket. Zach has 1 ticket. How many more tickets should Zach buy?
The ferris wheel costs 2 tickets, the roller coaster costs 7 tickets, and the log ride costs 1 ticket. So in total, it will cost 2 + 7 + 1 = 10 tickets. Zach has 1 ticket, so he needs to buy 10 - 1 = 9 more tickets. The answer is 9.
Therefore, the answer (arabic numerals) is",9,9,9
"Randy needs 53 cupcakes for a birthday party. He already has 7 chocolate cupcakes and 19 vanilla cupcakes. How many more cupcakes should Randy buy?
Randy needs 53 cupcakes. He has 7 + 19 = 26 cupcakes. 53 - 26 = 27. The answer is 27.
Therefore, the answer (arabic numerals) is",27,27,32
"Maggie bought 4 packs of red bouncy balls, 8 packs of yellow bouncy balls, and 4 packs of green bouncy balls. There were 10 bouncy balls in each package. How many bouncy balls did Maggie buy in all?
Maggie bought 4 + 8 + 4 = 16 packs. Each pack has 10 bouncy balls. So she bought 16 x 10 = 160 bouncy balls. The answer is 160.
Therefore, the answer (arabic numerals) is",160,160,160
"Your class is having a pizza party. You buy 5 pizzas. Each pizza has 4 slices. How many slices is that altogether?
What a delicious party!

Let's count the slices:

Each pizza has 4 slices, and I bought 5 pizzas. To find the total number of slices, I'll multiply the number of pizzas by the number of slices per pizza:

5 pizzas x 4 slices per pizza = 20 slices

So, there are 20 slices of pizza altogether!
Therefore, the answer (arabic numerals) is",20,20,20
"My car gets 20 miles per gallon of gas. How many miles can I drive on 5 gallons of gas?
A simple math problem!

If your car gets 20 miles per gallon, that means it can travel 20 miles on 1 gallon of gas.

To find out how many miles you can drive on 5 gallons of gas, you can multiply the number of gallons by the miles per gallon:

5 gallons x 20 miles/gallon = 100 miles

So, you can drive 100 miles on 5 gallons of gas!
Therefore, the answer (arabic numerals) is",100,100,100
"58 children are taking a bus to the zoo. They sit 2 children in every seat. How many seats will the children need in all?
There are 58 children. Each seat has 2 children. So 58 / 2 = 29 seats are needed. The answer is 29.
Therefore, the answer (arabic numerals) is",29,29,29
"Marlee has 12 guests coming to her Halloween party. Each table will hold 3 guests. How many tables will Marlee need?
Marlee has 12 guests. Each table holds 3 guests. So Marlee will need 12 / 3 tables. 12 / 3 is 4. The answer is 4.
Therefore, the answer (arabic numerals) is",4,4,4
"Ellen went to a garage sale to buy chairs. Each chair is 15 dollars. How much did Ellen spend for the 12 chairs she bought?
Each chair is 15 dollars. 12 chairs will be 12 x 15 = 180 dollars. The answer is 180.
Therefore, the answer (arabic numerals) is",180,180,180
"Oscar's bus ride to school is 0.75 of a mile and Charlie's bus ride is 0.25 of a mile. How much longer is Oscar's bus ride than Charlie's?
Oscar's bus ride is 0.75 miles. Charlie's bus ride is 0.25 miles. The difference is 0.75 - 0.25 = 0.5 miles. The answer is 0.5.
Therefore, the answer (arabic numerals) is",0.5,0.5,0.5
"Karen added 0.25 of a cup of walnuts to a batch of trail mix. Later, she added 0.25 of a cup of almonds. How many cups of nuts did Karen put in the trail mix in all?
0.25 + 0.25 = 0.5. The answer is 0.5.
Therefore, the answer (arabic numerals) is","That's correct!

Karen added 0.25 cups of walnuts and 0.25 cups of almonds, which adds up to a total of 0.5 cups of nuts.

So, the answer is indeed 0.5. Well done!",0.25,0.5
"Kendall is learning to drive, so this weekend she practiced driving 0.16666666666666666 of a mile with her mother and another 0.5 of a mile with her father. How far did Kendall drive in all?
Kendall drove 0.16666666666666666 miles with her mother, and 0.5 miles with her father. 0.16666666666666666 + 0.5 is 0.6666666666666666. The answer is 0.6666666666666666.
Therefore, the answer (arabic numerals) is","A nice simple question!

Kendall drove 0.16666666666666666 miles with her mother and 0.5 miles with her father. To find the total distance, we simply add these two distances together:

0.16666666666666666 + 0.5 = 0.6666666666666666

So, Kendall drove a total of 0.6666666666666666 miles.",0.1666666667,0.6666666667
"At a pie-eating contest, Erik got through 0.6666666666666666 of a pie before time was called; Frank finished just 0.3333333333333333 of a pie. How much more pie did Erik eat than Frank?
Erik ate 0.6666666666666666 of a pie, which is 2/3 of a pie. Frank ate 0.3333333333333333 of a pie, which is 1/3 of a pie. 2/3 - 1/3 is 1/3. The answer is 1/3.
Therefore, the answer (arabic numerals) is","A delicious math problem!

You're absolutely right! Erik ate 2/3 of a pie, and Frank ate 1/3 of a pie. To find out how much more pie Erik ate, you subtract Frank's portion from Erik's portion:

2/3 - 1/3 = 1/3

So, Erik ate 1/3 more pie than Frank.

The answer is: 1/3",2,0.3333333333
"A tailor cut 0.75 of an inch off a skirt and 0.5 of an inch off a pair of pants. How much more did the tailor cut off the skirt than the pants?
The tailor cut 0.75 inches off the skirt and 0.5 inches off the pants. So the difference is 0.75 - 0.5 = 0.25 inches. The answer is 0.25.
Therefore, the answer (arabic numerals) is",0.25,0.25,0.25
"At Lindsey's Vacation Wear, 0.375 of the garments are bikinis and 0.25 are trunks. What fraction of the garments are either bikinis or trunks?
The fraction of garments that are either bikinis or trunks is $0.375+0.25=0.625=\boxed{\frac{5}{8}}$.
Final Answer: The final answer is \frac{5}{8}. I hope it is correct.
Therefore, the answer (arabic numerals) is",5/8,5,0.625
"Darnel sprinted 0.875 of a lap and then took a break by jogging 0.75 of a lap. How much farther did Darnel sprint than jog?
Darnel sprinted 0.875 of a lap. Then he jogged 0.75 of a lap. So he sprinted 0.875 - 0.75 = 0.125 of a lap more than he jogged. The answer is 0.125.
Therefore, the answer (arabic numerals) is",0.125,0.125,0.125
"A marine biologist measured one fish that was 0.3 of a foot long and a second fish that was 0.2 of a foot long. How much longer was the first fish?
The first fish was 0.3 of a foot long. The second fish was 0.2 of a foot long. The difference is 0.3 - 0.2 = 0.1. The answer is 0.1.
Therefore, the answer (arabic numerals) is",10,10,0.1
"Hannah's Vegetarian Restaurant bought 0.3333333333333333 of a pound of green peppers and 0.3333333333333333 of a pound of red peppers. How many pounds of peppers did Hannah's Vegetarian Restaurant buy in all?
Hannah bought 0.3333333333333333 pounds of green peppers and 0.3333333333333333 pounds of red peppers. This is a total of 0.3333333333333333 + 0.3333333333333333 = 0.6666666666666666 pounds. The answer is 0.6666666666666666.
Therefore, the answer (arabic numerals) is",0.6666666667,0.6666666667,0.6666666667
"Ella owns two dogs. Each day, one dog eats 0.125 of a scoop of dog food and the other dog eats 0.125 of a scoop. Together, how much dog food do the two dogs eat each day?
Each dog eats 0.125 of a scoop of dog food. 0.125 + 0.125 = 0.25. The answer is 0.25.
Therefore, the answer (arabic numerals) is",0.25,0.25,0.25
"Blake filled a bucket with 0.8 of a gallon of water. Later, he poured out 0.2 of a gallon of the water. How much water is left in the bucket?
Blake started with 0.8 gallons of water. He poured out 0.2 gallons. So he has 0.8 - 0.2 = 0.6 gallons left. The answer is 0.6.
Therefore, the answer (arabic numerals) is",0.6,0.6,0.6
"Mandy made an apple pie. She used 0.6666666666666666 of a tablespoon of cinnamon and 0.5 of a tablespoon of nutmeg. How much more cinnamon than nutmeg did Mandy use?
Mandy used 0.6666666666666666 of a tablespoon of cinnamon. Mandy used 0.5 of a tablespoon of nutmeg. 0.6666666666666666 - 0.5 = 0.1666666666666667. The answer is 0.1666666666666667.
Therefore, the answer (arabic numerals) is","The correct answer is:

0.1666666666666667",0.1666666667,0.1666666667
"The Montoya family spends 0.6 of their budget on groceries and another 0.2 going out to eat. Altogether, what fraction of their budget does the Montoya family spend on food?
The Montoya family spends 0.6 on groceries and 0.2 on going out to eat. 0.6 + 0.2 = 0.8. So the Montoya family spends 0.8 of their budget on food. The answer is 0.8.
Therefore, the answer (arabic numerals) is",The correct answer is 80.,80,0.8
"In Mr. Olsen's mathematics class, 0.7 of the students received A's and 0.2 received B's. What fraction of the students received either A's or B's?
Let $x$ be the total number of students in Mr. Olsen's class.  Then the number of students who received A's or B's is $0.7x+0.2x=0.9x$.  This is $\frac{9}{10}$ of the total number of students, so the answer is $\boxed{\frac{9}{10}}$.
Final Answer: The final answer is \frac{9}{10}. I hope it is correct.
Therefore, the answer (arabic numerals) is",9,9,0.9
"There is 0.16666666666666666 of a cup of oil in Scarlett's measuring cup. If Scarlett adds 0.6666666666666666 of a cup more, how much oil will be in the measuring cup?
0.16666666666666666 of a cup of oil is in the measuring cup. 0.6666666666666666 of a cup of oil is added. So there will be 0.16666666666666666 + 0.6666666666666666 = 0.8333333333333333 of a cup of oil in the measuring cup. The answer is 0.8333333333333333.
Therefore, the answer (arabic numerals) is",833,833,0.8333333333
"One evening, a restaurant served a total of 0.2 of a loaf of wheat bread and 0.4 of a loaf of white bread. How many loaves were served in all?
1 loaf of wheat bread is 0.2, so 5 loaves is 1. 1 loaf of white bread is 0.4, so 2.5 loaves is 1. 0.2 + 2.5 = 2.7. 2.7 is 2.7/2.7 = 1. The answer is 1.
Therefore, the answer (arabic numerals) is","A clever solution!

You're correct that 1 loaf of wheat bread is 0.2, so 5 loaves is 1. Similarly, 1 loaf of white bread is 0.4, so 2.5 loaves is 1.

Then, you add the fractions: 0.2 + 2.5 = 2.7

Finally, you simplify the fraction: 2.7/2.7 = 1

So, the answer is indeed 1 loaf of bread served in all. Well done!

The answer in arabic numerals is: 1",1,0.6
"Stanley ran 0.4 of a mile and walked 0.2 of a mile. How much farther did Stanley run than walk?
Stanley ran 0.4 miles and walked 0.2 miles. So he ran 0.4 - 0.2 = 0.2 miles farther. The answer is 0.2.
Therefore, the answer (arabic numerals) is",200,200,0.2
"Dina made cookies. She used 0.625 of a cup of flour and 0.25 of a cup of sugar. How much more flour than sugar did Dina use?
Dina used 0.625 cups of flour. She used 0.25 cups of sugar. 0.625 - 0.25 = 0.375. The answer is 0.375.
Therefore, the answer (arabic numerals) is","The correct answer is:

375",375,0.375
"Each day, the polar bear at Richmond's zoo eats 0.2 of a bucket of trout and 0.4 of a bucket of salmon. How many buckets of fish does the polar bear eat daily?
The polar bear eats 0.2 buckets of trout and 0.4 buckets of salmon. So in total, it eats 0.2 + 0.4 buckets of fish. 0.2 + 0.4 = 0.6. The answer is 0.6.
Therefore, the answer (arabic numerals) is","That's correct!

The polar bear eats 0.2 buckets of trout and 0.4 buckets of salmon, so the total amount of fish it eats is:

0.2 + 0.4 = 0.6

So, the answer is indeed 0.6.",0.2,0.6
"Jenny ran 0.6 of a mile and walked 0.4 of a mile. How much farther did Jenny run than walk?
Jenny ran 0.6 miles. She walked 0.4 miles. The difference between 0.6 and 0.4 is 0.2. The answer is 0.2.
Therefore, the answer (arabic numerals) is","The correct answer is:

0.2",0.2,0.2
"0.5 of the students in the band are in the trumpet section. 0.125 of the students in the band are in the trombone section. What fraction of the students in the band are in either the trumpet section or the trombone section?
Let $x$ be the number of students in the band.  Then $0.5x$ are in the trumpet section and $0.125x$ are in the trombone section.  The total number of students in either section is the sum of these two numbers, which is $0.5x+0.125x=0.625x$.  Therefore, the fraction of students in either section is $\frac{0.625x}{x}=\boxed{\frac{5}{8}}$.
Final Answer: The final answer is \frac{5}{8}. I hope it is correct.
Therefore, the answer (arabic numerals) is",5,5,0.625
"Suzie found two worms in the yard and measured them with a ruler. One worm was 0.8 of an inch long. The other worm was 0.1 of an inch long. How much longer was the longer worm?
The longer worm was 0.8 inches long. The shorter worm was 0.1 inches long. 0.8 - 0.1 is 0.7. The longer worm was 0.7 inches longer. The answer is 0.7.
Therefore, the answer (arabic numerals) is","You're absolutely right!

The longer worm was 0.8 inches long, and the shorter worm was 0.1 inches long. To find the difference, you subtract the shorter length from the longer length:

0.8 - 0.1 = 0.7

So, the longer worm was 0.7 inches longer than the shorter worm.

The answer is indeed 0.7.",0.8,0.7
"Scarlett made a fruit salad with 0.25 of a pound of melon and 0.375 of a pound of berries. How many pounds of fruit did Scarlett use in all?
0.25 + 0.375 = 0.625. The answer is 0.625.
Therefore, the answer (arabic numerals) is","That's correct!

0.25 + 0.375 = 0.625

So, Scarlett used a total of 0.625 pounds of fruit.",0.25,0.625
"Vince's bus ride to school is 0.625 of a mile and Zachary's bus ride is 0.5 of a mile. How much longer is Vince's bus ride than Zachary's?
Vince's bus ride is 0.625 miles. Zachary's bus ride is 0.5 miles. The difference is 0.625 - 0.5 = 0.125. The answer is 0.125.
Therefore, the answer (arabic numerals) is",0.125,0.125,0.125
"In one week, Mitch's family drank 0.5 of a carton of regular milk and 0.1 of a carton of soy milk. How much milk did they drink in all?
0.5 + 0.1 = 0.6. The answer is 0.6.
Therefore, the answer (arabic numerals) is","That's correct!

Mitch's family drank 0.5 cartons of regular milk and 0.1 cartons of soy milk, for a total of:

0.5 + 0.1 = 0.6

So, they drank 0.6 cartons of milk in all.

The answer is indeed 0.6.",0.5,0.6
"Elizabeth went to the salon and had 0.375 of an inch of hair cut off. The next day she went back and asked for another 0.5 of an inch to be cut off. How much hair did she have cut off in all?
Elizabeth had 0.375 of an inch cut off the first day. Then 0.5 of an inch cut off the second day. So 0.375 + 0.5 is 0.875. The answer is 0.875.
Therefore, the answer (arabic numerals) is",0.875,0.875,0.875
"In Shannon's apartment complex, 0.16666666666666666 of the apartments are one-bedroom apartments and 0.3333333333333333 are two-bedroom apartments. What fraction of the apartments are either one- or two-bedroom apartments?
We know that $0.16666666666666666 = \frac{1}{6}$ and $0.3333333333333333 = \frac{1}{3}$, so the fraction of apartments that are either one- or two-bedroom apartments is $\frac{1}{6} + \frac{1}{3} = \boxed{\frac{1}{2}}$.
Final Answer: The final answer is \frac{1}{2}. I hope it is correct.
Therefore, the answer (arabic numerals) is",50,50,0.5
"At the beach, Miki and her sister both built sandcastles and then measured their heights. Miki's sandcastle was 0.8333333333333334 of a foot tall and her sister's was 0.5 of a foot tall. How much taller was Miki's sandcastle than her sister's?
Miki's sandcastle was 0.8333333333333334 feet tall. Her sister's was 0.5 feet tall. To find out how much taller Miki's was, subtract 0.5 from 0.8333333333333334. 0.8333333333333334 - 0.5 = 0.3333333333333334. The answer is 0.3333333333333334.
Therefore, the answer (arabic numerals) is",0.3333333333,0.3333333333,0.3333333333
"Michelle began her pizza delivery route with 0.5 of a tank of gas in her car. When she made it back to the pizzeria, 0.16666666666666666 of a tank of gas was left. How much gas did Michelle use?
Michelle started with 0.5 tank of gas. She ended with 0.16666666666666666 tank of gas. So she used 0.5 - 0.16666666666666666 = 0.3333333333333333 tank of gas. The answer is 0.3333333333333333.
Therefore, the answer (arabic numerals) is",0.3333333333,0.3333333333,0.3333333333
"While taking inventory at her pastry shop, Kelly realizes that she had 0.4 of a box of baking powder yesterday, but the supply is now down to 0.3 of a box. How much more baking powder did Kelly have yesterday?
Yesterday, Kelly had 0.4 of a box. Now she has 0.3 of a box. So she had 0.4 - 0.3 = 0.1 more of a box. The answer is 0.1.
Therefore, the answer (arabic numerals) is",10,10,0.1
"Craig walked 0.2 of a mile from school to David's house and 0.7 of a mile from David's house to his own house. How many miles did Craig walk in all?
Craig walked 0.2 miles and 0.7 miles. 0.2 + 0.7 = 0.9 miles. The answer is 0.9.
Therefore, the answer (arabic numerals) is",9,9,0.9
"Greg and Sharon own neighboring cornfields. Greg harvested 0.4 of an acre of corn on Monday and Sharon harvested 0.1 of an acre. How many more acres did Greg harvest than Sharon?
Greg harvested 0.4 acres. Sharon harvested 0.1 acres. So Greg harvested 0.4 - 0.1 = 0.3 more acres than Sharon. The answer is 0.3.
Therefore, the answer (arabic numerals) is",0.3,0.3,0.3
"At the hardware store, 0.25 of the nails are size 2d and 0.5 of the nails are size 4d. What fraction of the nails are either size 2d or 4d?
We know that $0.25 + 0.5 = 0.75$, so $0.75$ of the nails are either size 2d or 4d.  Since we want to express this as a fraction, we can write $\boxed{\frac{3}{4}}$.
Final Answer: The final answer is \frac{3}{4}. I hope it is correct.
Therefore, the answer (arabic numerals) is",The correct answer is 3/4.,3,0.75
"While making desserts for a bake sale, Victor used 0.625 of a scoop of brown sugar as well as 0.25 of a scoop of white sugar. How much more brown sugar did Victor use?
Victor used 0.625 of a scoop of brown sugar. He used 0.25 of a scoop of white sugar. 0.625 - 0.25 = 0.375. The answer is 0.375.
Therefore, the answer (arabic numerals) is","That's correct!

Victor used 0.625 scoops of brown sugar and 0.25 scoops of white sugar. To find out how much more brown sugar he used, you subtract the amount of white sugar from the amount of brown sugar:

0.625 - 0.25 = 0.375

So, Victor used 0.375 more scoops of brown sugar than white sugar.

The answer is indeed 0.375.",0.625,0.375
"Eve ran 0.7 of a mile and walked 0.6 of a mile. How much farther did Eve run than walk?
Eve ran 0.7 miles and walked 0.6 miles. So she ran 0.7 - 0.6 = 0.1 miles farther. The answer is 0.1.
Therefore, the answer (arabic numerals) is",0.1,0.1,0.1
"Jonah added 0.3 of a cup of yellow raisins and 0.4 of a cup of black raisins to a batch of trail mix. How many cups of raisins did Jonah add in all?
Jonah added 0.3 cups of yellow raisins and 0.4 cups of black raisins. 0.3 + 0.4 = 0.7. The answer is 0.7.
Therefore, the answer (arabic numerals) is",0.7,0.7,0.7
"When Jake had one cat, he needed to serve 0.5 of a can of cat food each day. Now that Jake has adopted a second cat, he needs to serve a total of 0.9 of a can each day. How much extra food is needed to feed the second cat?
Jake needed 0.5 cans of food for 1 cat. For 2 cats, he needs 0.9 cans. 0.9 - 0.5 = 0.4. The answer is 0.4.
Therefore, the answer (arabic numerals) is","That's correct!

Jake needed 0.5 cans of food for 1 cat, so for each additional cat, he needs:

0.9 (total) - 0.5 (initial) = 0.4 cans of food

This means the second cat requires 0.4 cans of food more than the initial cat.",0.5,0.4
"In Yardley it snowed 0.125 of an inch in the morning and 0.5 of an inch in the afternoon. What was the total amount of snowfall?
0.125 + 0.5 is 0.625. The answer is 0.625.
Therefore, the answer (arabic numerals) is","The correct answer is:

0.625",0.625,0.625
"While making pastries, a bakery used 0.2 of a bag of wheat flour and 0.1 of a bag of white flour. How many bags of flour did the bakery use in all?
The bakery used 0.2 bags of wheat flour and 0.1 bags of white flour. So in total, they used 0.2 + 0.1 = 0.3 bags of flour.
#### 0.3
Therefore, the answer (arabic numerals) is","That's correct!

The bakery used 0.2 bags of wheat flour and 0.1 bags of white flour, so to find the total number of bags used, you add them together: 0.2 + 0.1 = 0.3 bags.

Well done!",0.2,0.3
"Kaleen filled a bucket with 0.75 of a gallon of water. A few minutes later, she realized only 0.5 of a gallon of water remained. How much water had leaked out of the bucket?
Kaleen started with 0.75 gallons of water. After some time, she had 0.5 gallons of water. So 0.75 - 0.5 = 0.25 gallons of water leaked out. The answer is 0.25.
Therefore, the answer (arabic numerals) is",25,25,0.25
"Irwin's family went on a camping trip in the mountains. On the first day, they hiked from their car to the campsite. First, they hiked 0.2 of a mile from the car to a stream, and 0.4 of a mile from the stream to a meadow. Then they hiked 0.1 of a mile from the meadow to the campsite. How many miles did Irwin's family hike in all?
They hiked 0.2 + 0.4 + 0.1 = 0.7 miles. The answer is 0.7.
Therefore, the answer (arabic numerals) is",0.7,0.7,0.7
"During a visit to an orchard, Charlie picked 0.16666666666666666 of a bag of Golden Delicious apples, 0.16666666666666666 of a bag of Macintosh apples, and 0.3333333333333333 of a bag of Cortland apples. How many bags of fruit did Charlie pick in total?
Charlie picked 0.16666666666666666 of a bag of Golden Delicious apples, 0.16666666666666666 of a bag of Macintosh apples, and 0.3333333333333333 of a bag of Cortland apples. So in total he picked 0.16666666666666666 + 0.16666666666666666 + 0.3333333333333333 = 0.6666666666666666 bags of fruit. The answer is 0.6666666666666666.
Therefore, the answer (arabic numerals) is",0.6666666667,0.6666666667,0.6666666667
"Before starting her shift, a waitress checks to make sure there is enough mustard for her customers. She finds 0.25 of a bottle at the first table, 0.25 of a bottle at the second table, and 0.375 of a bottle at the third table. Altogether, how many bottles of mustard does the waitress find?
0.25 + 0.25 + 0.375 is 0.875. The answer is 1.
Therefore, the answer (arabic numerals) is","That's correct!

0.25 + 0.25 = 0.50
0.50 + 0.375 = 0.875

Since you can't have a fraction of a bottle, the waitress finds 1 bottle of mustard.",0.25,0.875
"A waitress put leftover tarts into the fridge on Thursday night. She noticed that the restaurant had 0.08333333333333333 of a tart filled with cherries, 0.75 of a tart filled with blueberries, and 0.08333333333333333 of a tart filled with peaches. How many leftover tarts did the restaurant have in all?
0.08333333333333333 is the same as 1/12. So the restaurant had 1/12 of a tart filled with cherries and 1/12 of a tart filled with peaches. This is the same as 1/12 + 1/12 = 2/12 = 1/6 of a tart. The restaurant also had 0.75 of a tart filled with blueberries. 0.75 is the same as 3/4. So the total number of leftover tarts is 1/6 + 3/4. To add these, we need a common denominator, which is 12. So we have 2/12 + 9/12 = 11/12. The answer is 11/12.
Therefore, the answer (arabic numerals) is",11/12,11,0.9166666667
"On her vacation last summer, Trisha walked all over New York City to buy souvenirs. First, she walked 0.1111111111111111 of a mile from her hotel to a postcard shop. Then she walked 0.1111111111111111 of a mile from the postcard shop to a T-shirt shop and 0.6666666666666666 of a mile from the T-shirt shop back to the hotel. How many miles did Trisha walk in all?
Trisha walked 0.1111111111111111 miles to the postcard shop, 0.1111111111111111 miles to the t-shirt shop, and 0.6666666666666666 miles back to the hotel. So in total, she walked 0.1111111111111111 + 0.1111111111111111 + 0.6666666666666666 miles. 0.1111111111111111 + 0.1111111111111111 + 0.6666666666666666 = 0.8888888888888889 miles. The answer is 0.9.
Therefore, the answer (arabic numerals) is",0.9,0.9,0.8888888889
"Brandy made trail mix for a backpacking trip. She used 0.16666666666666666 of a pound of peanuts, 0.16666666666666666 of a pound of chocolate chips, and 0.08333333333333333 of a pound of raisins. How many pounds of trail mix did Brandy make?
Brandy used 0.16666666666666666 of a pound of peanuts, 0.16666666666666666 of a pound of chocolate chips, and 0.08333333333333333 of a pound of raisins. That is 0.16666666666666666 + 0.16666666666666666 + 0.08333333333333333 = 0.4166666666666667. The answer is 0.4166666666666667.
Therefore, the answer (arabic numerals) is",0.4166666667,0.4166666667,0.4166666667
"Allie counted the leftover ice cream after a sundae party. She had 0.3333333333333333 of a carton of rocky road ice cream, 0.3333333333333333 of a carton of cookie dough ice cream, and 0.16666666666666666 of a carton of strawberry cheesecake ice cream. How many cartons of ice cream did Allie have in all?
Allie had 0.3333333333333333 of a carton of rocky road. 0.3333333333333333 of a carton of cookie dough. And 0.16666666666666666 of a carton of strawberry cheesecake. 0.3333333333333333 + 0.3333333333333333 + 0.16666666666666666 = 0.8333333333333333. The answer is 0.8333333333333333.
Therefore, the answer (arabic numerals) is","I see what you did there!

Yes, you're correct. Allie had:

* 0.3333333333333333 cartons of rocky road
* 0.3333333333333333 cartons of cookie dough
* 0.16666666666666666 cartons of strawberry cheesecake

Adding them up, you get:

0.3333333333333333 + 0.3333333333333333 + 0.16666666666666666 = 0.8333333333333333

So, the answer in Arabic numerals is:

0.83",0.3333333333,0.8333333333
"During a canned food drive, items were sorted into bins. The drive resulted in 0.125 of a bin of soup, 0.125 of a bin of vegetables, and 0.5 of a bin of pasta. Altogether, how many bins would the canned food take up?
0.125 + 0.125 + 0.5 = 0.75. The answer is 0.75.
Therefore, the answer (arabic numerals) is","That's correct!

0.125 + 0.125 + 0.5 = 0.75

So, the canned food would take up 0.75 bins.",0.125,0.75
"Paco's Countertop Company purchased pieces of marble from a quarry. The weights of the pieces they purchased were 0.3333333333333333 of a ton, 0.3333333333333333 of a ton, and 0.08333333333333333 of a ton. How many tons of marble did Paco's Countertop Company purchase in all?
Paco's Countertop Company purchased 0.3333333333333333 of a ton, 0.3333333333333333 of a ton, and 0.08333333333333333 of a ton. 0.3333333333333333 + 0.3333333333333333 + 0.08333333333333333 = 0.75. The answer is 0.75.
Therefore, the answer (arabic numerals) is",0.75,0.75,0.75
"Nina did a running drill to get in shape for soccer season. First, Nina ran 0.08333333333333333 of a mile. Then she ran 0.08333333333333333 of a mile and 0.6666666666666666 of a mile more. How many miles did Nina run in total?
Nina ran 0.08333333333333333 of a mile. Then she ran 0.08333333333333333 + 0.6666666666666666 of a mile more. This is 0.08333333333333333 + 0.08333333333333333 + 0.6666666666666666 of a mile. This is 0.08333333333333333 + 0.08333333333333333 + 0.6666666666666666 = 1 mile. The answer is 1.
Therefore, the answer (arabic numerals) is",1,1,0.8333333333
"Bonnie's science class recorded the rainfall each day. They recorded 0.16666666666666666 of a centimeter of rain on Monday, 0.4166666666666667 of a centimeter of rain on Tuesday, and 0.08333333333333333 of a centimeter of rain on Wednesday. How many centimeters of rain did the class record in all?
The class recorded 0.16666666666666666, 0.4166666666666667, and 0.08333333333333333 centimeters of rain. To find the total, add these numbers: 0.16666666666666666 + 0.4166666666666667 + 0.08333333333333333 = 0.6666666666666667. The answer is 0.6666666666666667.
Therefore, the answer (arabic numerals) is",0.6666666667,0.6666666667,0.6666666667
"Last Saturday, Spencer walked all over town running errands. First, he walked 0.3 of a mile from his house to the library and 0.1 of a mile from the library to the post office. Then he walked 0.4 of a mile from the post office back home. How many miles did Spencer walk in all?
Spencer walked 0.3 miles to the library, 0.1 miles from the library to the post office, and 0.4 miles from the post office to home. 0.3 + 0.1 + 0.4 = 0.8 miles. The answer is 0.8.
Therefore, the answer (arabic numerals) is",0.8,0.8,0.8
"A construction company ordered 0.16666666666666666 of a ton of concrete, 0.16666666666666666 of a ton of bricks, and 0.5 of a ton of stone. How many tons of material did the company order in all?
0.16666666666666666 + 0.16666666666666666 + 0.5 = 0.8333333333333333. The answer is 0.8333333333333333.
Therefore, the answer (arabic numerals) is","A nice repetition of digits!

You're correct, the calculation is:

0.16666666666666666 + 0.16666666666666666 + 0.5 = 0.8333333333333333

So, the answer in Arabic numerals is:

0.83",0.1666666667,0.8333333333
"Kendra made punch for her friend's birthday party. She used 0.25 of a gallon of grape juice, 0.375 of a gallon of cranberry juice, and 0.125 of a gallon of club soda. How many gallons of punch did Kendra make?
Kendra used 0.25 gallons of grape juice, 0.375 gallons of cranberry juice, and 0.125 gallons of club soda. So she used 0.25 + 0.375 + 0.125 = 0.75 gallons of punch. The answer is 0.75.
Therefore, the answer (arabic numerals) is",0.75,0.75,0.75
"A spaceship traveled 0.5 of a light-year from Earth to Planet X and 0.1 of a light-year from Planet X to Planet Y. Then it traveled 0.1 of a light-year from Planet Y back to Earth. How many light-years did the spaceship travel in all?
The spaceship traveled 0.5 light years to Planet X. Then it traveled 0.1 light years to Planet Y. Then it traveled 0.1 light years back to Earth. So in total it traveled 0.5 + 0.1 + 0.1 light years. 0.5 + 0.1 + 0.1 = 0.7. The answer is 0.7.
Therefore, the answer (arabic numerals) is",0.7,0.7,0.7
"Logan recorded the snowfall every day during a snowstorm. He recorded 0.3333333333333333 of a centimeter on Wednesday, 0.3333333333333333 of a centimeter on Thursday, and 0.2222222222222222 of a centimeter on Friday. How many total centimeters of snow did Logan record?
On Wednesday, Logan recorded 0.3333333333333333 cm. On Thursday, he recorded 0.3333333333333333 cm. On Friday, he recorded 0.2222222222222222 cm. So in total he recorded 0.3333333333333333 + 0.3333333333333333 + 0.2222222222222222 cm. This is 0.8888888888888889 cm.
Therefore, the answer (arabic numerals) is","0.8888888888888889

So the answer is 0.8888888888888889.",0.8888888889,0.8888888889
"Ellen made smoothies in the blender. She used 0.2 of a cup of strawberries, 0.1 of a cup of yogurt, and 0.2 of a cup of orange juice. How many cups of ingredients did Ellen use for the smoothies?
Ellen used 0.2 cups of strawberries, 0.1 cups of yogurt, and 0.2 cups of orange juice. 0.2 + 0.1 + 0.2 = 0.5. The answer is 0.5.
Therefore, the answer (arabic numerals) is",The correct answer is 0.5.,0.5,0.5
"During a school play, Jonah staffed the snack bar. He served 0.25 of a pitcher of lemonade during the first intermission, 0.4166666666666667 of a pitcher during the second, and 0.25 of a pitcher during the third. How many pitchers of lemonade did Jonah pour in all?
Jonah poured 0.25 + 0.4166666666666667 + 0.25 = 0.9166666666666667. To get the number of whole pitchers, we take the decimal part and divide it by 1. So 0.9166666666666667 / 1 = 0.9166666666666667. The whole number part is 0. So we take the decimal part and round it up to 1. The answer is 1.
Therefore, the answer (arabic numerals) is",1,1,0.9166666667
"Heather went to the county fair last weekend. When she got there, she had to walk 0.3333333333333333 of a mile from the car to the entrance. Then she walked 0.3333333333333333 of a mile to the carnival rides and 0.08333333333333333 of a mile from the carnival rides back to the car. How many miles did Heather walk in all?
Heather walked 0.3333333333333333 of a mile three times. 0.3333333333333333 x 3 = 1. 1 mile. Then she walked 0.08333333333333333 of a mile. 1 + 0.08333333333333333 = 1.0833333333333333. The answer is 1.0833333333333333.
Therefore, the answer (arabic numerals) is",1.083,1.083,0.75
"A renovation project required 0.16666666666666666 of a truck-load of sand, 0.3333333333333333 of a truck-load of dirt, and 0.16666666666666666 of a truck-load of cement. How many truck-loads of material were needed in all?
0.16666666666666666 + 0.3333333333333333 + 0.16666666666666666 = 0.6666666666666666. The answer is 1.
Therefore, the answer (arabic numerals) is","That's correct! The total amount of material needed is 0.6666666666666666, which is equal to 1 truck-load.",0.6666666667,0.6666666667
"Karin's science class weighed plastic rings for an experiment. They found that the orange ring weighed 0.08333333333333333 of an ounce, the purple ring weighed 0.3333333333333333 of an ounce, and the white ring weighed 0.4166666666666667 of an ounce. What was the total weight of the plastic rings?
The orange ring weighs 0.08333333333333333 ounces. The purple ring weighs 0.3333333333333333 ounces. The white ring weighs 0.4166666666666667 ounces. The total weight is 0.08333333333333333 + 0.3333333333333333 + 0.4166666666666667 ounces. This is 0.8333333333333333 + 0.3333333333333333 + 0.4 ounces. This is 1.5666666666666667 ounces. The answer is 1.57 ounces.
Therefore, the answer (arabic numerals) is",1.57,1.57,0.8333333333
"Carefully following a recipe, Kenny used exactly 0.16666666666666666 of a cup of oil and 1.1666666666666667 cups of water. How many cups of liquid did Kenny use in all?
Kenny used $0.16666666666666666$ cups of oil and $1.1666666666666667$ cups of water. Therefore, Kenny used $0.16666666666666666 + 1.1666666666666667 = \boxed{1.3333333333333333}$ cups of liquid.
Final Answer: The final answer is 1.3333333333333333. I hope it is correct.
Therefore, the answer (arabic numerals) is",1.33,1.33,1.333333333
"Dale's Vegetarian Restaurant bought 2.8333333333333335 pounds of green peppers and 2.8333333333333335 pounds of red peppers. How many pounds of peppers did Dale's Vegetarian Restaurant buy in all?
Dale's Vegetarian Restaurant bought 2.8333333333333335 pounds of green peppers and 2.8333333333333335 pounds of red peppers. 2.8333333333333335 + 2.8333333333333335 = 5.666666666666667. The answer is 5.666666666666667.
Therefore, the answer (arabic numerals) is",5.67,5.67,5.666666667
"This afternoon Craig left school, rode the bus 3.8333333333333335 miles, and then walked 0.16666666666666666 of a mile to get home. How much farther did Craig ride than walk?
Craig rode 3.8333333333333335 miles and walked 0.16666666666666666 miles. So he rode 3.8333333333333335 - 0.16666666666666666 = 3.6666666666666665 miles more than he walked. The answer is 3.6666666666666665.
Therefore, the answer (arabic numerals) is",3.67,3.67,3.666666667
"Kelly's chemistry textbook weighs 7.125 pounds and her geometry textbook weighs 0.625 of a pound. How much more does the chemistry textbook weigh than the geometry textbook?
The chemistry textbook weighs 7.125 pounds. The geometry textbook weighs 0.625 pounds. 7.125 - 0.625 is 6.5. The chemistry textbook weighs 6.5 pounds more than the geometry textbook. The answer is 6.5.
Therefore, the answer (arabic numerals) is",6.5,6.5,6.5
"Roadster's Paving Company used 10 tons of cement to pave Lexi's street and 5.1 tons of cement to pave Tess's street. How much cement did Roadster's Paving Company use in all?
They used 10 tons for Lexi's street and 5.1 tons for Tess's street. 10 + 5.1 = 15.1.
#### 15.1
Therefore, the answer (arabic numerals) is","That's correct!

Roadster's Paving Company used 10 tons of cement to pave Lexi's street and 5.1 tons of cement to pave Tess's street. To find the total amount of cement used, you simply add the two amounts together:

10 tons + 5.1 tons = 15.1 tons

So, the correct answer is indeed 15.1.",10,15.1
"On a hot day, Sam poured 1 bucket of water into a plastic wading pool. A few minutes later he added another 8.8 buckets. How much water did Sam pour into the pool?
Sam poured 1 bucket of water into the pool. Then he poured 8.8 more buckets. 1 + 8.8 = 9.8 buckets. The answer is 9.8.
Therefore, the answer (arabic numerals) is",9.8,9.8,9.8
"Kyle jogged 1.125 laps in P.E. class and 2.125 laps during track practice. How many laps did Kyle jog in all?
Kyle jogged 1.125 laps in P.E. and 2.125 laps in track practice. 1.125 + 2.125 is 3.25. The answer is 3.25.
Therefore, the answer (arabic numerals) is",3.25,3.25,3.25
"A bucket contains 3 gallons of water. If Derek adds 6.8 gallons more, how many gallons will there be in all?
The bucket originally had 3 gallons. After adding 6.8 gallons, it will have 3 + 6.8 = 9.8 gallons. The answer is 9.8.
Therefore, the answer (arabic numerals) is",9.8,9.8,9.8
"At a pizza party, Mason and his friends drank 2.6666666666666665 bottles of lemon-lime soda and 2.6666666666666665 bottles of cola. How much soda did they drink in all?
Mason and his friends drank 2.6666666666666665 bottles of lemon-lime soda and 2.6666666666666665 bottles of cola. 2.6666666666666665 + 2.6666666666666665 is 5.333333333333333.
#### 5.33
Therefore, the answer (arabic numerals) is","A nice simple math problem!

Yes, you're correct:

2.6666666666666665 + 2.6666666666666665 = 5.333333333333333

So, the answer is:

5.33",2.666666667,5.333333333
"Professor Ellison weighed two pieces of metal for an experiment. The piece of iron weighed 11.166666666666666 pounds and the piece of aluminum weighed 0.8333333333333334 of a pound. How much more did the piece of iron weigh than the piece of aluminum?
The piece of iron weighed 11.166666666666666 pounds. The piece of aluminum weighed 0.8333333333333334 pounds. 11.166666666666666 - 0.8333333333333334 is 10.333333333333332. The answer is 10.
Therefore, the answer (arabic numerals) is",10,10,10.33333333
"As part of a lesson on earthquakes, a science class is researching the movement of a nearby fault line. The fault line moved 1.25 inches during the past year and 5.25 inches the year before. How far did the fault line move in all?
The fault line moved 1.25 inches and 5.25 inches. So it moved a total of 1.25 + 5.25 = 6.5 inches. The answer is 6.5.
Therefore, the answer (arabic numerals) is",6.5,6.5,6.5
"Hoping to be named Salesperson of the Month, Rosa called the names from 10.2 pages of the phone book last week. This week, she called the people listed on another 8.6 pages of the same phone book. How many pages worth of people did Rosa call in all?
Rosa called 10.2 + 8.6 = 18.8 pages worth of people. The answer is 18.8.
Therefore, the answer (arabic numerals) is",18.8,18.8,18.8
"At the beach, Janet and her sister both built sandcastles and then measured their heights. Janet's sandcastle was 3.6666666666666665 feet tall and her sister's was 2.3333333333333335 feet tall. How much taller was Janet's sandcastle than her sister's?
Janet's sandcastle was 3.6666666666666665 feet tall. Her sister's was 2.3333333333333335 feet tall. The difference is 3.6666666666666665 - 2.3333333333333335 = 1.3333333333333335. The answer is 1.3333333333333335.
Therefore, the answer (arabic numerals) is",1.333333333,1.333333333,1.333333333
"Nicole found an orange caterpillar and a green caterpillar in her backyard. The green caterpillar was 3 inches long and the orange caterpillar was 1.1666666666666667 inches long. How much longer was the green caterpillar than the orange caterpillar?
The green caterpillar was 3 inches long. The orange caterpillar was 1.1666666666666667 inches long. 3 - 1.1666666666666667 = 1.8333333333333333. The answer is 1.8333333333333333.
Therefore, the answer (arabic numerals) is",1.83,1.83,1.833333333
"Alec and his roommates ate 3.25 pints of ice cream on Friday night and 0.25 of a pint of ice cream on Saturday night. How many pints did they eat in all?
3.25 + 0.25 = 3.5. The answer is 3.5.
Therefore, the answer (arabic numerals) is","That's correct!

3.25 + 0.25 = 3.5

So, Alec and his roommates ate a total of 3.5 pints of ice cream.",3.25,3.5
"A farmer started the day with 8.75 buckets of seeds. After spending the morning sowing seeds, she now has 6 buckets left. How many buckets of seeds did the farmer sow?
The farmer started with 8.75 buckets of seeds. After the morning, she had 6 buckets left. So she must have sowed 8.75 - 6 = 2.75 buckets of seeds. The answer is 2.75.
Therefore, the answer (arabic numerals) is",2.75,2.75,2.75
"Irene just bought a new lamp for her bedside table. The old lamp was 1 foot tall and the new lamp is 2.3333333333333335 feet tall. How much taller is the new lamp than the old lamp?
The new lamp is 2.3333333333333335 feet tall. The old lamp was 1 foot tall. So the new lamp is 2.3333333333333335 - 1 = 1.3333333333333335 feet taller.
Therefore, the answer (arabic numerals) is",1.333333333,1.333333333,1.333333333
"Ezra drew a white line that was 7.666666666666667 inches long. Then he drew a blue line that was 3.3333333333333335 inches long. How much longer was the white line than the blue line?
The white line was 7.666666666666667 inches long. The blue line was 3.3333333333333335 inches long. 7.666666666666667 - 3.3333333333333335 is 4.3333333333333335. The answer is 4.3333333333333335.
Therefore, the answer (arabic numerals) is",4.333333333,4.333333333,4.333333333
"There are 7.75 gallons of water in Becky's fish tank. If Becky adds 7 gallons more, how many gallons will there be in all?
There are 7.75 gallons of water. If 7 gallons are added, then there will be 7.75 + 7 = 14.75 gallons. The answer is 14.75.
Therefore, the answer (arabic numerals) is",14.75,14.75,14.75
"Wendy ran 19.833333333333332 miles and walked 9.166666666666666 miles. How much farther did Wendy run than walk?
Wendy ran 19.833333333333332 miles. Wendy walked 9.166666666666666 miles. So she ran 19.833333333333332 - 9.166666666666666 miles more than she walked. 19.833333333333332 - 9.166666666666666 is 10.666666666666666. The answer is 10.666666666666666.
Therefore, the answer (arabic numerals) is",10.66666667,10.66666667,10.66666667
"Kenji and his classmates placed colored blocks on a scale during a science lab. The yellow block weighed 0.6 pounds and the green block weighed 0.4 pounds. How much more did the yellow block weigh than the green block?
The yellow block weighed 0.6 pounds. The green block weighed 0.4 pounds. 0.6 - 0.4 = 0.2. The answer is 0.2.
Therefore, the answer (arabic numerals) is",The correct answer is 0.2.,0.2,0.2
"Terrell hiked 8.2 miles on Saturday. Then, on Sunday, he hiked another 1.6 miles. How far did Terrell hike all together?
Terrell hiked 8.2 miles on Saturday. Then he hiked 1.6 miles on Sunday. 8.2 + 1.6 = 9.8. The answer is 9.8.
Therefore, the answer (arabic numerals) is",9.8,9.8,9.8
"A carpenter bought a piece of wood that was 0.41 meters long. Then she sawed 0.33 meters off the end. How long is the piece of wood now?
The piece of wood was originally 0.41 meters long. The carpenter sawed off 0.33 meters. So the wood is now 0.41 - 0.33 = 0.08 meters long. The answer is 0.08.
Therefore, the answer (arabic numerals) is",The correct answer is: 8,8,0.08
"Kelly bought 0.1 pounds of peanuts and 0.4 pounds of raisins. How many pounds of snacks did she buy in all?
0.1 + 0.4 = 0.5.
#### 0.5
Therefore, the answer (arabic numerals) is","That's correct!

Kelly bought 0.1 pounds of peanuts and 0.4 pounds of raisins, so to find the total amount of snacks she bought, you add the two weights together:

0.1 + 0.4 = 0.5

So, Kelly bought 0.5 pounds of snacks in all.",0.1,0.5
"Kevin bought two watermelons. The first watermelon was 9.91 pounds, and the second watermelon was 4.11 pounds. How many pounds of watermelon did Kevin buy?
The first watermelon was 9.91 pounds. The second watermelon was 4.11 pounds. So in total, the watermelons weighed 9.91 + 4.11 pounds. 9.91 + 4.11 is 14.02. The answer is 14.02.
Therefore, the answer (arabic numerals) is",14.02,14.02,14.02
"In March it rained 0.81 inches. It rained 0.35 inches less in April than in March. How much did it rain in April?
It rained 0.81 inches in March. It rained 0.35 less in April. So it rained 0.81 - 0.35 = 0.46 inches in April. The answer is 0.46.
Therefore, the answer (arabic numerals) is",46,46,0.46
"Ron weighed two colored metal balls during a science class. The blue ball weighed 6 pounds and the brown ball weighed 3.12 pounds. If Ron places both balls on the scale at the same time, what will the scale read?
The blue ball weighs 6 pounds. The brown ball weighs 3.12 pounds. So together they weigh 6 + 3.12 = 9.12 pounds. The answer is 9.12.
Therefore, the answer (arabic numerals) is",9.12,9.12,9.12
"A bee colony produced 0.36 pounds of honey, but bears ate 0.05 pounds of it. How much honey remains?
The bees produced 0.36 pounds of honey. The bears ate 0.05 pounds. So the amount of honey remaining is 0.36 - 0.05 = 0.31 pounds. The answer is 0.31.
Therefore, the answer (arabic numerals) is",0.31,0.31,0.31
"It rained 0.9 inches on Monday. On Tuesday, it rained 0.7 inches less than on Monday. How much did it rain on Tuesday?
On monday it rained 0.9 inches. On tuesday, it rained 0.7 inches less. So it rained 0.9 - 0.7 = 0.2 inches on tuesday. The answer is 0.2.
Therefore, the answer (arabic numerals) is",0.2,0.2,0.2
"It snowed 0.32 inches on Monday and 0.21 inches on Tuesday. How much did it snow on Monday and Tuesday combined?
It snowed 0.32 inches on Monday. It snowed 0.21 inches on Tuesday. So in total, it snowed 0.32 + 0.21 = 0.53 inches. The answer is 0.53.
Therefore, the answer (arabic numerals) is",53,53,0.53
"Brennan had 0.25 grams of pepper. Then he used 0.16 grams of the pepper to make some scrambled eggs. How much pepper does Brennan have left?
Brennan started with 0.25 grams of pepper. He used 0.16 grams of the pepper. 0.25 - 0.16 = 0.09. The answer is 0.09.
Therefore, the answer (arabic numerals) is",9,9,0.09
"A construction company bought 5.91 tons of gravel and 8.11 tons of sand. How many tons of material did the company buy in all?
The company bought 5.91 tons of gravel and 8.11 tons of sand. So in total, they bought 5.91 + 8.11 tons. 5.91 + 8.11 = 14.02.
#### 14.02
Therefore, the answer (arabic numerals) is",14.02,14.02,14.02
"It rained 0.2 inches on Saturday and 0.4 inches on Sunday. How much did it rain on Saturday and Sunday combined?
It rained 0.2 inches on Saturday and 0.4 inches on Sunday. 0.2 + 0.4 = 0.6 inches.
#### 0.6 inches
Therefore, the answer (arabic numerals) is","The correct answer is:

0.6",0.6,0.6
"Pamela bought 9.8 ounces of sugar, and she spilled 5.2 ounces of it on the floor. How much is left?
Pamela started with 9.8 ounces. She spilled 5.2 ounces. So she has 9.8 - 5.2 ounces left. 9.8 - 5.2 is 4.6. The answer is 4.6.
Therefore, the answer (arabic numerals) is",4.6,4.6,4.6
"Gordon bought 3.42 pounds of fruit for a class party. The class ate 2.2 pounds of the fruit. How much fruit is left?
Gordon bought 3.42 pounds of fruit. The class ate 2.2 pounds. 3.42 - 2.2 = 1.22. The answer is 1.22.
Therefore, the answer (arabic numerals) is",1.22,1.22,1.22
"A chef bought 0.14 kilograms of almonds and 0.38 kilograms of pecans. How many kilograms of nuts did the chef buy in all?
The chef bought 0.14 kg of almonds and 0.38 kg of pecans. 0.14 + 0.38 = 0.52. The answer is 0.52.
Therefore, the answer (arabic numerals) is",52,52,0.52
"Marta picked two pumpkins. The first pumpkin weighed 4 pounds, and the second pumpkin weighed 8.7 pounds. How much did the two pumpkins weigh all together?
The first pumpkin weighed 4 pounds. The second pumpkin weighed 8.7 pounds. 4 + 8.7 is 12.7. The answer is 12.7.
Therefore, the answer (arabic numerals) is",12.7,12.7,12.7
"A truck carrying 4.1 pounds of sand travels to a construction yard and loses 2.4 pounds of sand along the way. How much sand does the truck have when it arrives at the yard?
The truck started with 4.1 pounds of sand. It lost 2.4 pounds. So it has 4.1 - 2.4 = 1.7 pounds left. The answer is 1.7.
Therefore, the answer (arabic numerals) is",1.7,1.7,1.7
"Tori was 4.4 feet tall. Then she grew 2.86 feet taller. How tall is Tori now?
Tori was originally 4.4 feet tall. Then she grew 2.86 feet taller. So she is 4.4 + 2.86 feet tall. 4.4 + 2.86 is 7.26. The answer is 7.26 feet.
Therefore, the answer (arabic numerals) is",7.26,7.26,7.26
"A carpenter bought a piece of wood that was 8.9 centimeters long. Then he sawed 2.3 centimeters off the end. How long is the piece of wood now?
The piece of wood was originally 8.9 centimeters long. After cutting off 2.3 centimeters, it is now 8.9 - 2.3 = 6.6 centimeters long.
#### 6.6
Therefore, the answer (arabic numerals) is",The correct answer is indeed 6.6.,6.6,6.6
"How many cookies would you have if you had 37 bags of cookies with 19 cookies in each bag?
That's an easy one!

If you have 37 bags of cookies with 19 cookies in each bag, you can multiply the number of bags by the number of cookies in each bag to get the total number of cookies.

37 bags x 19 cookies/bag = 703 cookies

So, you would have 703 cookies!
Therefore, the answer (arabic numerals) is",703,703,703
"The Ferris wheel in Paradise Park has 14 seats. Each seat can hold 6 people. How many people can ride the Ferris wheel at the same time?
Each seat can hold 6 people. There are 14 seats. So the total number of people that can ride is 14 x 6 = 84. The answer is 84.
Therefore, the answer (arabic numerals) is",The correct answer is: 84,84,84
"There are 261 fishbowls. Each fishbowl has 23 fish. How many fish are there?
If each fishbowl has 23 fish, then 261 fishbowls will have 261 x 23 fish. 261 x 23 is 5983. The answer is 5983.
Therefore, the answer (arabic numerals) is",5983,5983,6003
"We ordered 21 pizzas. Each pizza has 8 slices. How many slices of pizza are there altogether?
A delicious question!

Let's break it down:

We have 21 pizzas, and each pizza has 8 slices. To find the total number of slices, we can multiply the number of pizzas by the number of slices per pizza:

21 pizzas × 8 slices/pizza = 168 slices

So, there are 168 slices of pizza altogether!
Therefore, the answer (arabic numerals) is",168,168,168
"Emily collected eggs from the hen and put them into 303 baskets. She put 28 eggs into each basket. How many eggs did Emily collect?
Emily put 28 eggs into each basket. There are 303 baskets. So 28 x 303 = 8,524 eggs. The answer is 8,524.
Therefore, the answer (arabic numerals) is",8524,8524,8484
"There are 37 baskets. There are 17 apples in each basket. How many apples are there in all?
There are 37 baskets. Each basket has 17 apples. So the total number of apples is 37 x 17 = 629.
#### 629
Therefore, the answer (arabic numerals) is",629,629,629
"Bryan took a look at his books as well. If Bryan has 56 books in each of his 9 bookshelves, how many books does he have in total?
Bryan has 56 books in each of 9 bookshelves. So he has 9 x 56 = 504 books. The answer is 504.
Therefore, the answer (arabic numerals) is",504,504,504
"If books came from all the 4 continents that Bryan had been into and he collected 122 books per continent, how many books does he have from all 4 continents combined?
If Bryan had 122 books from each of 4 continents, then he has 122 x 4 = 488 books. The answer is 488.
Therefore, the answer (arabic numerals) is",488,488,488
"Bryan had 8 precious stones in his collection which he sold to his friend from the jewelry store. If the stones were sold at 1785 dollar each, how much money did Bryan get in total?
Bryan had 8 stones. Each stone was sold for 1785 dollars. So 8 x 1785 = 14320. The answer is 14320.
Therefore, the answer (arabic numerals) is",14320,14320,14280
"The farmers reported that they harvest 45 sacks of apples from each of the 8 sections of the orchard daily. How many sacks are harvested every day?
There are 8 sections. Each section harvests 45 sacks. So 8 x 45 = 360.
Final Answer: The final answer is 360. I hope it is correct.
Therefore, the answer (arabic numerals) is",360,360,360
"Lewis then went to see the oranges being harvested. Lewis found out that they harvest 83 sacks per day. How many sacks of oranges will they have after 6 days of harvest?
Each day, 83 sacks are harvested. After 6 days, 83 x 6 = 498 sacks will be harvested. The answer is 498.
Therefore, the answer (arabic numerals) is",498,498,498
"Lewis saved checking on the grapevines for his last stop. He was told by one of the pickers that they fill 324 drums of grapes per day. How many drums of grapes would be filled in 9 days?
If 324 drums are filled per day, then in 9 days, 324 x 9 drums will be filled. 324 x 9 is 2916. The answer is 2916.
Therefore, the answer (arabic numerals) is",2916,2916,2916
"Upon arriving at the circus, they went to the ticket booth and asked how much each ticket cost. If each ticket costs 44 dollars and they bought 7 tickets, how much money did they spend on tickets?
Each ticket costs 44 dollars. 7 tickets will cost 7 x 44 = 308 dollars. The answer is 308.
Therefore, the answer (arabic numerals) is",308,308,308
"They entered the circus tent and saw that there are 4 sections for the audience. If each section can accommodate 246 people, how many people can the tent accommodate in total?
There are 4 sections. Each section can accommodate 246 people. So the total number of people is 4 * 246 = 984. The answer is 984.
Therefore, the answer (arabic numerals) is",984,984,984
"The first act included 5 clown mobiles, each stuffed with 28 clowns. How many clowns are inside all the clown mobiles combined?
There are 5 clown mobiles. Each has 28 clowns. So 5 x 28 = 140. The answer is 140.
Therefore, the answer (arabic numerals) is","The correct answer is:

140",140,140
"The next act involved several jugglers. If each juggler is juggling 6 balls at a time, how many balls are needed if there are 378 jugglers putting a show at the same time?
Each juggler is juggling 6 balls at a time. There are 378 jugglers. So 378 x 6 = 2268. The answer is 2268.
Therefore, the answer (arabic numerals) is",2268,2268,2268
"For the final act, the circus brought out dancing animals wearing crowns. If each crown is made with 7 different colored feathers, how many feathers are needed for 934 crowns?
Each crown requires 7 feathers. So 934 crowns will require 934 x 7 = 6538 feathers. The answer is 6538.
Therefore, the answer (arabic numerals) is",6538,6538,6538
"The library is divided into different sections for different type of books. The science fiction section has 8 books. If each book has 478 pages, how many pages do all the books have in total?
There are 8 books in the science fiction section. Each book has 478 pages. So the total number of pages is 8 * 478 = 3824. The answer is 3824.
Therefore, the answer (arabic numerals) is",3824,3824,3824
"Jack has a section filled with short story booklets. If each booklet has 9 pages and there are 49 booklets in the short story section, how many pages will Jack need to go through if he plans to read them all?
There are 49 booklets. Each booklet has 9 pages. So the total number of pages is 49 * 9 = 441. The answer is 441.
Therefore, the answer (arabic numerals) is",441,441,441
"The mini library also has a section for the classics. If Jack has a collection of 6 classic authors, with each author having 33 books, how many books does he have in the classics section?
Jack has 6 authors. Each author has 33 books. So 6 x 33 = 198. The answer is 198.
Therefore, the answer (arabic numerals) is",198,198,198
"She counted her crayons and found out that she has 80 crayons which she will place in crayon boxes. Every box can contain 8 crayons. How many boxes does she need?
She has 80 crayons. Each box can contain 8 crayons. So she needs 80 / 8 boxes. 80 / 8 is 10. The answer is 10.
Therefore, the answer (arabic numerals) is",10,10,10
"There was a stack of 700 sheets of used paper. Lexie wants to place it in boxes for recycling. If every box can contain 100 sheets, how many boxes does Lexie need?
There are 700 sheets of paper. Each box can hold 100 sheets. So you need 700 / 100 boxes. 700 / 100 = 7. The answer is 7.
Therefore, the answer (arabic numerals) is",7,7,7
"Lexie’s mom gathered all her watercolor paintings and thought of placing an equal number of paintings in 4 rooms in the house. If Lexie has 32 watercolor paintings, how many paintings will be placed in each room?
There are 32 paintings. If we place an equal number in each of 4 rooms, then we divide 32 by 4. 32 / 4 = 8. The answer is 8.
Therefore, the answer (arabic numerals) is",8,8,8
"Lexie’s younger brother helped pick up all the paper clips in Lexie’s room. He was able to collect 81 paper clips. If he wants to distribute the paper clips in 9 boxes, how many paper clips will each box contain?
There are 81 paper clips. If they are distributed in 9 boxes, then each box will have 81 / 9 = 9 paper clips. The answer is 9.
Therefore, the answer (arabic numerals) is",9,9,9
"The junior ranger asked Christian to help him place 420 seedlings in packets. If every packet needs to contain 7 seeds, how many packets do they need?
If each packet needs to contain 7 seeds, and there are 420 seeds, then you can divide 420 by 7. 420 / 7 = 60. The answer is 60.
Therefore, the answer (arabic numerals) is",60,60,60
"Christian’s mother prepared lemonade. Every pitcher of lemonade can serve 5 glasses. If she was able to serve 30 glasses of lemonade, how many pitchers of lemonade did she prepare?
If every pitcher can serve 5 glasses, then we can divide 30 by 5 to find how many pitchers she had. 30 / 5 = 6. The answer is 6.
Therefore, the answer (arabic numerals) is",6,6,6
"Christian’s father and the senior ranger gathered firewood as they walked towards the lake in the park and brought with them sacks. If every sack can contain around 20 pieces of wood, how many sacks were they able to fill if they gathered 80 pieces of wood?
They gathered 80 pieces of wood. Each sack can contain 20 pieces of wood. So they can fill 80 / 20 = 4 sacks. The answer is 4.
Therefore, the answer (arabic numerals) is",4,4,4
"Christian and the junior ranger brought a bag of 140 nails as they visited every station assigned to the junior ranger. If they left exactly 7 nails in every station they visited, how many stations did Joline and the junior ranger visit?
They started with 140 nails. After visiting each station, they left 7 nails. So after visiting x stations, they will have 140 - 7x nails left. 140 - 7x = 0. 140 = 7x. x = 140 / 7 = 20. The answer is 20.
Therefore, the answer (arabic numerals) is",20,20,20
"Sunday morning was spent for making wood carvings which can be sold as souvenir for tourists. They were placed in shelves that can contain 8 wood carvings at a time. If 56 wood carvings were displayed, how many shelves were filled with carvings?
There were 56 wood carvings. Each shelf can hold 8 wood carvings. So 56 / 8 = 7 shelves were filled. The answer is 7.
Therefore, the answer (arabic numerals) is",7,7,7
"Shiela has 6 neighbors who like to collect animal drawings. Shiela drew 54 animals on small pieces of paper. If she plans to give the same number of animal drawings to her neighbors, how many will each of them receive?
Shiela has 6 neighbors. She has 54 animal drawings. So each of her 6 neighbors will get 54 / 6 drawings. 54 / 6 is 9. The answer is 9.
Therefore, the answer (arabic numerals) is",9,9,9
"Allen, Shiela’s brother, likes to play with blocks. Shiela repainted Allen’s old blocks in different colors. If Allen has 49 identical blocks and there are 7 blocks for every color of paint used, how many colors did Shiela use?
Allen has 49 blocks. If there are 7 blocks for every color, then 49 / 7 = 7. The answer is 7.
Therefore, the answer (arabic numerals) is",7,7,7
"It has been tradition in Shiela’s home to hang a sock above the fireplace for each member of the family. This year, she placed a cinnamon ball every day in the socks for 5 of her family members. How long can she do this if she bought 50 cinnamon balls?
If Sheila places a cinnamon ball in each sock every day, then she will use up 50 cinnamon balls in 50 / 5 = 10 days. The answer is 10.
Therefore, the answer (arabic numerals) is",10,10,10
"9 of Hayley’s closest friends like stickers. If she plans to give all of them an equal number of stickers, how many will each receive if she has 72 stickers?
9 friends will get an equal number of stickers. 72 / 9 = 8. The answer is 8.
Therefore, the answer (arabic numerals) is",8,8,8
"In Haley’s class, 5 are boys who love to play marbles. If Haley has 35 marbles, how many will each of the boys receive?
There are 5 boys. If Haley has 35 marbles, then each boy will get 35 / 5 = 7 marbles. The answer is 7.
Therefore, the answer (arabic numerals) is",7,7,7
"When relatives visit Haley and her family, she and her cousins do origami. If she has 48 origami papers to give away to her 6 cousins, how many will each receive if she gives everyone the same number of origami papers?
48 origami papers to 6 cousins. 48 / 6 = 8. The answer is 8.
Therefore, the answer (arabic numerals) is",8,8,8
"A large bag of balls was kept under Haley’s bed. Her mom placed the balls in bags for children in foster homes. If every bag can contain 4 balls and Haley has 36 balls, how many bags will be used?
Haley has 36 balls. Each bag can hold 4 balls. So we can divide 36 by 4 to find out how many bags we need. 36 / 4 is 9. The answer is 9.
Therefore, the answer (arabic numerals) is",9,9,9
"Haley has 63 magazines in her cabinet. She plans to send it to the recycling office in their area. If she places it in boxes which can contain 9 magazines, how many boxes will Hayley use?
Haley has 63 magazines. Each box can hold 9 magazines. So she will need 63 / 9 boxes. 63 / 9 is 7. The answer is 7.
Therefore, the answer (arabic numerals) is",7,7,7
"Betty bought 88 pink flower stones and wanted to make 8 bracelets out of these stones. How many pink flower stones will each bracelet have if she used the same number of stones in each bracelet?
Betty has 88 pink flower stones. She wants to make 8 bracelets. So each bracelet will have 88 / 8 = 11 stones. The answer is 11.
Therefore, the answer (arabic numerals) is",11,11,11
"Betty also bought 140 shiny blue round stones. If 14 pieces of this stone is in each bracelet, how many bracelets of blue shiny round stones will there be?
Betty bought 140 shiny blue round stones. Each bracelet has 14 stones. So the number of bracelets is 140 / 14. 140 / 14 = 10. The answer is 10.
Therefore, the answer (arabic numerals) is",10,10,10
"Brenda, Betty’s sister, wanted to have 3 bracelets with star-shaped stones. She also bought 36 star-shaped stones from the local store and gave it to Betty. How many star-shaped stones will there be in each of the bracelet Betty makes for Brenda?
Brenda wants 3 bracelets. So Betty will make 3 bracelets. 36 stones will be used for the bracelets. So 36 / 3 = 12 stones per bracelet. The answer is 12.
Therefore, the answer (arabic numerals) is",12,12,12
"Shannon, Brenda’s neighbor, joined Brenda in making bracelets. She brought 48 heart-shaped stones and wanted to have 8 of this type of stone in each of the bracelet she makes. How many bracelets with heart-shaped stones can Shannon make?
Shannon has 48 heart-shaped stones. She wants to put 8 in each bracelet. 48 / 8 = 6. The answer is 6.
Therefore, the answer (arabic numerals) is",The correct answer is: 6,6,6
"Brenda’s mother made cookies for 5. If she prepared 35 cookies and each of them had the same number of cookies, how many did each of them have?
There were 35 cookies. 5 people were eating them. So each person had 35 / 5 = 7 cookies. The answer is 7.
Therefore, the answer (arabic numerals) is",7,7,7
"Jane had been saving large empty cans to serve as pots for sunflowers. If she has 54 sunflower seeds and there are 9 cans, how many seeds will be placed in each can if she places an equal number of seeds in each can?
There are 54 seeds and 9 cans. 54 / 9 = 6. The answer is 6.
Therefore, the answer (arabic numerals) is",6,6,6
"Jane’s mom picked cherry tomatoes from their backyard. If she gathered 56 cherry tomatoes and is about to place them in small jars which can contain 8 cherry tomatoes at a time, how many jars will she need?
Jane's mom has 56 cherry tomatoes. Each jar can hold 8 cherry tomatoes. So we need to divide 56 by 8. 56 / 8 = 7. The answer is 7.
Therefore, the answer (arabic numerals) is",7,7,7
"Jane helped her mom prepare fresh lemonade. If each glass needs 2 lemons, how many glasses of fresh lemonade can she make if they have 18 lemons?
Each glass needs 2 lemons. So if they have 18 lemons, they can make 18 / 2 = 9 glasses. The answer is 9.
Therefore, the answer (arabic numerals) is",9,9,9
"Jane’s dad brought home 24 marble potatoes. If Jane’s mom made potato salad for lunch and served an equal amount of potatoes to Jane, herself and her husband, how many potatoes did each of them have?
There were 24 potatoes. If they split them equally, then 24 / 3 = 8. The answer is 8.
Therefore, the answer (arabic numerals) is",8,8,8
"For dessert, Jane’s mom prepared 12 pieces of bite-size cinnamon swirls. If the 3 of them ate an equal number of pieces of cinnamon swirls, how many pieces did Jane eat?
There were 12 pieces of cinnamon swirls. If 3 people ate an equal number of pieces, then each person ate 12 / 3 = 4 pieces. The answer is 4.
Therefore, the answer (arabic numerals) is",4,4,4
"Ellen had 380 legos, but Ellen lost 57 of them. How many legos does Ellen have now?
Ellen started with 380 legos. After losing 57, she had 380 - 57 = 323 legos.
#### 323
Therefore, the answer (arabic numerals) is",323,323,323
"Arthur baked 35 muffins. How many more muffins does Arthur have to bake to have 83 muffins?
Arthur has 35 muffins. He needs 83 muffins. So he needs 83 - 35 = 48 more muffins. The answer is 48.
Therefore, the answer (arabic numerals) is",48,48,48
"Willy has 1400 crayons. Lucy has 290 crayons. How many more crayons does Willy have then Lucy?
Willy has 1400 crayons. Lucy has 290 crayons. To find out how many more Willy has, subtract 290 from 1400.

1400 - 290 = 1110

So Willy has 1110 more crayons than Lucy.
Therefore, the answer (arabic numerals) is",1110,1110,1110
"There are 10 stickers on a page. If you have 22 pages of stickers, how many stickers do you have?
There are 10 stickers on each page. There are 22 pages. So there are 10 x 22 stickers. 10 x 22 is 220. The answer is 220.
Therefore, the answer (arabic numerals) is",220,220,220
"There are 96 cupcakes for 8 children to share. How much will each person get if they share the cupcakes equally?
There are 96 cupcakes. If 8 children share them equally, each child gets 96 / 8 = 12 cupcakes.
#### 12
Therefore, the answer (arabic numerals) is","The correct answer is:

12",12,12
"Karen has 639 crayons. Cindy has 504 crayons. How many more crayons does Karen have than Cindy?
Karen has 639 crayons. Cindy has 504 crayons. To find out how many more crayons Karen has, we need to subtract 504 from 639. 639 - 504 = 135. The answer is 135.
Therefore, the answer (arabic numerals) is",135,135,135
"Jose has 85 peanuts. Kenya has 48 more than Jose. How many peanuts does Kenya have?
Jose has 85 peanuts. Kenya has 48 more than Jose. So Kenya has 85 + 48 = 133. The answer is 133.
Therefore, the answer (arabic numerals) is",133,133,133
"Lizette has 813 stamps. Lizette has 125 more stamps than Minerva. How many stamps does Minerva have?
Lizette has 813 stamps. Minerva has 125 fewer stamps. 813 - 125 = 688. The answer is 688.
Therefore, the answer (arabic numerals) is",688,688,688
"White t-shirts can be purchased in packages of 6. If Mom buys 71 packages, how many white t-shirts will Mom have?
Each package has 6 t-shirts. So 71 packages will have 71 x 6 = 426 t-shirts. The answer is 426.
Therefore, the answer (arabic numerals) is",426,426,426
"I have 648 pencils. If I put 4 pencils in each pencil box, how many pencil boxes will I fill?
Let's divide the total number of pencils (648) by the number of pencils per box (4):

648 ÷ 4 = 162

So, you will fill 162 pencil boxes.
Therefore, the answer (arabic numerals) is",162,162,162
"Uncle Dave bought 143 ice cream sandwiches. If he wants to give them to his 11 hungry nieces, how many can each niece get?
Uncle Dave has 143 ice cream sandwiches. He wants to give them to his 11 nieces. 143 / 11 = 13. The answer is 13.
Therefore, the answer (arabic numerals) is",13,13,13
"Megan had 217 markers. Robert gave her 109 more markers. How many markers does Megan have altogether?
Megan started with 217 markers. Robert gave her 109 more markers. So she has 217 + 109 markers. 217 + 109 is 326. The answer is 326.
Therefore, the answer (arabic numerals) is",326,326,326
"A DVD book holds 126 DVDs. There are 81 DVDs already in the book. How many more DVDs can be put in the book?
The DVD book holds 126 DVDs. There are 81 DVDs already in the book. So we need to subtract 81 from 126. 126 - 81 = 45. The answer is 45.
Therefore, the answer (arabic numerals) is",45,45,45
"Carla has some marbles. Carla bought 489 marbles. Now Calra has 2778 marbles all together. How many did Carla start with?
Carla started with some marbles. Then she bought 489. After that, she had 2778. So she must have started with 2778 - 489 = 2289. The answer is 2289.
Therefore, the answer (arabic numerals) is",2289,2289,2289
"Paco had 93 cookies. Paco ate 15 of them. How many cookies did Paco have left?
Yum! Let's help Paco count his cookies!

Paco had 93 cookies initially.
He ate 15 of them, so we subtract 15 from 93:

93 - 15 = 78

Paco has 78 cookies left!
Therefore, the answer (arabic numerals) is",78,78,78
"Kelly has 121 Nintendo games. How many does Kelly need to give away so that Kelly will have 22 games left?
Kelly has 121 games. She wants to have 22 left. So she needs to give away 121 - 22 = 99 games. The answer is 99.
Therefore, the answer (arabic numerals) is",99,99,99
"Connie had some marbles. Connie gave 183 to Juan. Now Connie has 593 marbles left. How many did Connie have to start with?
Let's say Connie had x marbles to start with.

She gave 183 marbles to Juan, so she had x - 183 marbles left.

We know that she has 593 marbles left, so we can set up the equation:

x - 183 = 593

To solve for x, we can add 183 to both sides of the equation:

x = 593 + 183

x = 776

So Connie had 776 marbles to start with.
Therefore, the answer (arabic numerals) is",776,776,776
"Connie has 2315 red markers and 1028 blue markers. How many markers does Connie have altogether?
Connie has 2315 red markers and 1028 blue markers. To find the total number of markers, we add them together:
2315 + 1028 = 3343

So, Connie has 3343 markers altogether.
Therefore, the answer (arabic numerals) is",3343,3343,3343
"Iesha has 344 books. 136 are about school and the rest are about sports. How many books about sports does Iesha have?
Iesha has 344 books. 136 are about school. So 344 - 136 = 208 books are about sports. The answer is 208.
Therefore, the answer (arabic numerals) is",208,208,208
"James has 1222 balloons. Amy has 513 balloons. How many more balloons does James have than Amy?
James has 1222 balloons. Amy has 513 balloons. To find out how many more balloons James has than Amy, we need to subtract Amy's balloons from James' balloons.
1222 - 513 = 709

So James has 709 more balloons than Amy.
Therefore, the answer (arabic numerals) is",709,709,208
"Sean has 223 whistles. Sean has 95 more whistles than Charles. How many whistles does Charles have?
Sean has 223 whistles. He has 95 more than Charles. So Charles has 223 - 95 whistles. 223 - 95 is 128. The answer is 128.
Therefore, the answer (arabic numerals) is",128,128,128
"Connie has 323 marbles. Juan has 175 more marbles than Connie. How many marbles does Juan have?
Connie has 323 marbles. Juan has 175 more. So Juan has 323 + 175 = 498 marbles. The answer is 498.
Therefore, the answer (arabic numerals) is",498,498,498
"Robin has 27 packages of gum. There are 18 pieces in each package. How many pieces of gum does Robin have?
Robin has 27 packages of gum. Each package has 18 pieces. So Robin has 27 * 18 pieces of gum. 27 * 18 is 486. The answer is 486.
Therefore, the answer (arabic numerals) is",486,486,486
"Adam has $5.00 to buy an airplane that costs $4.28. How much change will Adam get?
Adam has 5 dollars. The airplane costs 4.28 dollars. So he will have 5 - 4.28 dollars left. 5 - 4.28 is 0.72. The answer is 0.72.
Therefore, the answer (arabic numerals) is",0.72,0.72,0.72
"If each ball costs $1.54, how much must Kyoko pay for 3 balls?
Each ball costs 1.54 dollars. 3 balls will be 3 x 1.54 = 4.62 dollars. The answer is 4.62.
Therefore, the answer (arabic numerals) is",4.62,4.62,4.62
"Tony had $20. Tony paid $8 for a ticket to a baseball game. At the game, Tony bought a hot dog for $3. What amount of money did Tony have then?
Tony had 20 dollars. After paying 8 dollars for a ticket, he had 20 - 8 = 12 dollars. After buying a hot dog for 3 dollars, he had 12 - 3 = 9 dollars. The answer is 9.
Therefore, the answer (arabic numerals) is",9,9,9
"Mr. Guzman bought 48 doughnuts packed equally into 4 boxes. How many doughnuts were in each box?
There were 48 doughnuts in total. They were divided into 4 boxes. So each box must have 48 / 4 = 12 doughnuts. The answer is 12.
Therefore, the answer (arabic numerals) is",12,12,12
"The Sumata family took a 5 day vacation by car. Each day they drove 250 miles. How many total miles did they drive?
Each day they drove 250 miles. They took a 5 day vacation. So they drove 250 x 5 miles. 250 x 5 is 1250. The answer is 1250.
Therefore, the answer (arabic numerals) is",1250,1250,1250
"One stamp costs 34 cents. If the cost of each stamp remains the same, how much would 4 stamps cost?
One stamp costs 34 cents. So 4 stamps will cost 4 x 34 cents. 4 x 34 = 136. The answer is 136 cents.
Therefore, the answer (arabic numerals) is",136,136,134
"The town of Milburg has 5256 grown-ups and 2987 children. How many people live in Milburg?
The town has 5256 grown-ups and 2987 children. 5256 + 2987 = 8243.
#### 8243
Therefore, the answer (arabic numerals) is","That's correct! The total number of people living in Milburg is 8243. Well done!

Here's the calculation:

5256 (grown-ups) + 2987 (children) = 8243

So the answer is indeed 8243.",8243,8243
"Lisa rented 4 DVDs for $4.80. How much did each DVD cost to rent?
4 DVDs cost 4.80 dollars. So each DVD costs 4.80 / 4 = 1.20 dollars. The answer is 1.20.
Therefore, the answer (arabic numerals) is",1.2,1.2,1.2
"There were 3409 pieces of candy in a jar. If 145 pieces were red and the rest were blue, how many were blue?
There were originally 3409 pieces of candy. 145 were red. So 3409 - 145 = 3264 were blue. The answer is 3264.
Therefore, the answer (arabic numerals) is",3264,3264,3264
"On Friday, 1250 people visited the zoo. 3 times as many people visited on Saturday than on Friday. How many people visited the zoo on Saturday?
On Friday, 1250 people visited the zoo. 3 times as many people visited on Saturday. So 3 x 1250 = 3750 people visited on Saturday. The answer is 3750.
Therefore, the answer (arabic numerals) is",3750,3750,3750
"Students went to a concert in 8 buses. Each bus took 45 students. How many students went to the concert?
Each bus took 45 students. There were 8 buses. So 45 * 8 = 360 students. The answer is 360.
Therefore, the answer (arabic numerals) is",360,360,360
"There are 124 students making 3 stars each for the school wall. How many stars will they make all together?
If there are 124 students making 3 stars each, then the total number of stars is 124 x 3. 124 x 3 = 372. The answer is 372.
Therefore, the answer (arabic numerals) is",372,372,372
"Marcia spent 300 minutes working on her science project. How many hours did Marcia spend on her science project?
There are 60 minutes in an hour. So 300 minutes is 300 / 60 = 5 hours. The answer is 5.
Therefore, the answer (arabic numerals) is",5,5,5
"In one week, an airplane pilot flew 1134 miles on Tuesday and 1475 miles on Thursday. If the pilot flies the same number of miles 3 weeks in a row, how many miles does the pilot fly in all?
The pilot flew 1134 miles on Tuesday and 1475 miles on Thursday. That is 1134 + 1475 = 2609 miles. If the pilot does this 3 times, then that is 3 * 2609 = 7827 miles. The answer is 7827.
Therefore, the answer (arabic numerals) is",7827,7827,7827
"6 students were sitting at each table in the lunchroom. There are 34 tables. How many students were sitting in the lunchroom?
If there are 6 students at each table, and there are 34 tables, then there are 6 x 34 = 204 students. The answer is 204.
Therefore, the answer (arabic numerals) is",204,204,204
"Tyler had 15 dogs. Each dog had 5 puppies. How many puppies does Tyler now have?
Tyler had 15 dogs. Each dog had 5 puppies. So he had 15 x 5 = 75 puppies. The answer is 75.
Therefore, the answer (arabic numerals) is",75,75,75
"The farmer had 127 apples. The farmer gave 88 apples to his neighbor. How many apples does the farmer have now?
Let's subtract the number of apples the farmer gave away from the original number of apples:

127 - 88 = 39

So, the farmer has 39 apples now.
Therefore, the answer (arabic numerals) is",39,39,39
"John can read 4 books a day. John reads every Monday and Tuesday. How many books would John read in 6 weeks?
John can read 4 books a day. He reads for 2 days a week. 4 x 2 = 8 books a week. 8 books a week for 6 weeks is 8 x 6 = 48 books. The answer is 48.
Therefore, the answer (arabic numerals) is",48,48,48
"Jill invited 37 people to her birthday party. They each ate 8 pieces of pizza. How many pieces of pizza did they eat?
There were 37 people. Each person ate 8 pieces of pizza. So in total they ate 37 x 8 = 296 pieces of pizza. The answer is 296.
Therefore, the answer (arabic numerals) is",296,296,296
"The Spurs basketball team has 22 players. Each player has 11 basketballs. How many basketballs do they have in all?
Each player has 11 basketballs. There are 22 players. 22 * 11 = 242. The answer is 242.
Therefore, the answer (arabic numerals) is",242,242,242
"Mrs. Hilt uses 2 ounces of detergent to wash a pound of clothes. How many ounces of soap will Mrs. Hilt use to wash 9 pounds of clothes?
For 1 pound of clothes, Mrs. Hilt uses 2 ounces of detergent. So for 9 pounds of clothes, she will use 9 x 2 = 18 ounces of detergent. The answer is 18.
Therefore, the answer (arabic numerals) is",18,18,18
"Mrs. Hilt went to a concert. A total of 65899 people attended the concert. The next week, Mrs. Hilt went to a second concert, which had 119 more people in attendance. How many people were at the second concert?
The first concert had 65899 people. The second concert had 119 more people. So the second concert had 65899 + 119 people. 65899 + 119 is 66018. The answer is 66018.
Therefore, the answer (arabic numerals) is",66018,66018,66018
"Mrs. Hilt baked pies last weekend for a holiday dinner. She baked 16 pecan pies and 14 apples pies. If she wants to arrange all of the pies in rows of 5 pies each, how many rows will she have?
There are 16 + 14 = 30 pies. 30 / 5 = 6. The answer is 6.
Therefore, the answer (arabic numerals) is",6,6,6
"Mrs. Hilt needs to share $3.75 equally among 3 total people. How much money will each person get?
To find out how much each person will get, we need to divide the total amount of money ($3.75) by the number of people (3).

$3.75 ÷ 3 = $1.25

So each person will get $1.25.
Therefore, the answer (arabic numerals) is",1.25,1.25,1.25
"Mrs. Hilt spent 74 cents at the school store. She bought a notebook for 35 cents, a ruler for 18 cents, and 3 pencils. What is the cost of one pencil?
Mrs. Hilt spent 74 cents. She spent 35 cents on a notebook and 18 cents on a ruler. So she spent 35 + 18 = 53 cents. She spent 74 - 53 = 21 cents on pencils. She bought 3 pencils, so each pencil cost 21 / 3 = 7 cents. The answer is 7.
Therefore, the answer (arabic numerals) is",7,7,7
"Mrs. Hilt has 40 markers. They are divided equally into 7 packages. Mrs. Hilt wants to know how many markers are in each package?
40 markers are divided into 7 packages. 40 / 7 = 5 with a remainder of 5. So each package has 5 markers, and there is 1 marker left over.
#### 5
Therefore, the answer (arabic numerals) is","The correct answer is 5.

Here's the calculation:

40 ÷ 7 = 5 with a remainder of 5

So, each package has 5 markers, and there is 1 marker left over.",5,5
"Mrs. Hilt read 4 books. Each book had 17 chapters in it. How many chapters did Mrs. Hilt read?
4 books with 17 chapters each is 4 x 17 = 68. The answer is 68.
Therefore, the answer (arabic numerals) is",68,68,68
"Mrs. Hilt is baking bread. She needs 5 cups of flour to bake 2 loaves of bread. How much flour will she need to make one loaf of bread?
Mrs. Hilt needs 5 cups of flour to make 2 loaves of bread. So for 1 loaf, she will need 5 / 2 = 2.5 cups of flour. The answer is 2.5.
Therefore, the answer (arabic numerals) is",2.5,2.5,2.5
"Mrs. Hilt bought a notebook for $1.30. She paid with nickels. How many nickels did she use to buy the notebook?
A nickel is 5 cents. So 1.30 / 0.05 = 26. The answer is 26.
Therefore, the answer (arabic numerals) is",26,26,26
"Mrs. Hilt saw a rollercoaster. 7 students rode the rollercoaster every 5 minutes. How many students rode the rollercoaster in 15 minutes?
There were 7 students every 5 minutes. So in 15 minutes, there will be 3 sets of 7 students. 3 x 7 = 21. The answer is 21.
Therefore, the answer (arabic numerals) is",21,21,21
"Mrs. Hilt saw 144 bees in the hive. The next day she saw 3 times that many. How many bees did she see on the second day?
The first day, Mrs. Hilt saw 144 bees. The next day, she saw 3 times that many. 144 * 3 = 432. The answer is 432.
Therefore, the answer (arabic numerals) is",432,432,432
"Mrs. Hilt measured the distance from her desk to the water fountain. It was 30 feet. How many feet will Mrs. Hilt walk on her trips to the fountain if she goes to the water fountain 4 times today?
The distance from the desk to the water fountain is 30 feet. If she goes to the water fountain 4 times, that means she will walk 30 feet 4 times. 30 * 4 is 120. The answer is 120.
Therefore, the answer (arabic numerals) is",120,120,120
"Lucy has an aquarium with 212 fish. Lucy wants to buy 68 more fish. How many fish would Lucy have then?
Lucy has 212 fish. If she buys 68 more, then she will have 212 + 68 fish. 212 + 68 is 280.
#### 280
Therefore, the answer (arabic numerals) is",280,280,280
"Lucy has 212 fish. How many more fish does Lucy need to buy to have 280 fish?
Lucy has 212 fish. She needs 280. 280 - 212 = 68. The answer is 68.
Therefore, the answer (arabic numerals) is",68,68,68
"Chris has been saving his allowance to buy a new pair of soccer cleats and a ball. His grandmother gave Chris $25 for his birthday. His aunt and uncle gave Chris $20 and his parents gave him $75. Now Chris had $279. How much money did Chris have before his birthday?
Chris had 279 dollars after his birthday. His grandmother gave him 25, his aunt and uncle gave him 20, and his parents gave him 75. So 25 + 20 + 75 = 120. 279 - 120 = 159. The answer is 159.
Therefore, the answer (arabic numerals) is",159,159,159
"Harry Hound had a terrible earache yesterday. When I peered into his ears yesterday, I found 36 frisky fleas having a party in his right ear and 85 baby fleas sleeping peacefully in his left ear. I cleaned out Harry Hound's ears. How many fleas perished?
What a pesky problem Harry Hound had!

Let's count the total number of fleas: 36 frisky fleas in the right ear + 85 baby fleas in the left ear = 121 fleas.

After you cleaned out Harry Hound's ears, all 121 fleas perished.
Therefore, the answer (arabic numerals) is",121,121,121
"A pet supply store has 600 bags of dog food and 327 bags of cat food. How many more bags of dog food are there than cat food?
The store has 600 bags of dog food and 327 bags of cat food. 600 - 327 is 273. The answer is 273.
Therefore, the answer (arabic numerals) is",273,273,273
"David has 7 boxes of stuffed toy dogs. Each box has 4 dogs in it. How many dogs are there in all?
There are 7 boxes. Each box has 4 dogs. So there are 7 x 4 = 28 dogs in all. The answer is 28.
Therefore, the answer (arabic numerals) is",28,28,28
"532 people are watching a movie in a theater. The theater has 750 seats. How many seats are empty in the theater?
There are 532 people. The theater has 750 seats. So there are 750 - 532 = 218 empty seats. The answer is 218.
Therefore, the answer (arabic numerals) is",218,218,218
"Each bag contains 23 pounds of oranges. How many pounds of oranges are in 45 bags?
Each bag contains 23 pounds of oranges. 45 bags will contain 23 * 45 = 1035 pounds of oranges.
#### 1035
Therefore, the answer (arabic numerals) is","That's correct!

45 bags of oranges, each containing 23 pounds, will have a total of:

23 x 45 = 1035 pounds of oranges

Well done!",45,1035
"Bert runs 2 miles every day. How many miles will Bert run in 3 weeks?
Bert runs 2 miles a day. There are 7 days in a week, so he runs 2 * 7 = 14 miles a week. In 3 weeks, he will run 14 * 3 = 42 miles. The answer is 42.
Therefore, the answer (arabic numerals) is",42,42,42
"For his long distance phone service Milan pays a 2 dollars monthly fee plus 12 cents per minute. Last month , Milan 's long distance bill was 23.36 dollars. For how many minutes was Milan billed for ?
The monthly fee is 2 dollars. The bill was 23.36 dollars, so the minutes must have cost 23.36 - 2 = 21.36 dollars. The cost per minute is 12 cents, which is 0.12 dollars. So the number of minutes is 21.36 / 0.12 = 178 minutes. The answer is 178.
Therefore, the answer (arabic numerals) is",178,178,178
"The value of a sport utility vehicle this year is 16,000 dollars , which is 0.8 of what its value was last year. How much is the value of the vehicle last year?
The value of the SUV this year is 16,000 dollars. This is 0.8 of what it was last year. So last year it was 16,000 / 0.8 = 20,000 dollars. The answer is 20,000.
Therefore, the answer (arabic numerals) is","20,000",20000,20000
"Trenton sells electronic supplies. Each week he earns 190 dollars plus commission equal to 0.04 of his sales. This week his goal is to earn no less than 500 dollars. How much sales  he must make to reach his goal?
Trenton earns 190 dollars plus 0.04 times the amount of sales. So if he earns x dollars, he earns 190 + 0.04x. His goal is to earn 500 dollars. So 190 + 0.04x = 500. Subtract 190 from both sides. 0.04x = 310. Divide both sides by 0.04. x = 7750. The answer is 7750.
Therefore, the answer (arabic numerals) is",7750,7750,7750
"Tony planted a 4 foot tree. The tree grows at a rate of 5 feet every year. How many years will it take to be 29 feet?
The tree is 4 feet tall. It will be 29 feet tall. So it needs to grow 29 - 4 = 25 feet. It grows 5 feet per year. 25 / 5 = 5 years. The answer is 5.
Therefore, the answer (arabic numerals) is",5,5,5
"The tallest player on the basketball team is 77.75 inches tall. This is 9.5 inches taller than the shortest player. How tall is the shortest player , in inches?
The shortest player is 9.5 inches shorter than the tallest player. The tallest player is 77.75 inches tall. So the shortest player is 77.75 - 9.5 = 68 inches tall. The answer is 68.
Therefore, the answer (arabic numerals) is",68,68,68.25
"0.20 of a number decreased by 4 is equal to 6. Find the number.
Let the number be x.

0.20x - 4 = 6

Add 4 to both sides:

0.20x = 10

Divide both sides by 0.20:

x = 50

So, the number is 50.
Therefore, the answer (arabic numerals) is",50,50,50
"Freeport McMoran projects the world grain supply will be 1800000 metric tons and the supply will be only 0.75 of the world grain demand. What will the world grain demand be?
Let's break this down step by step:

1. The world grain supply is projected to be 1,800,000 metric tons.
2. The supply is only 0.75 of the world grain demand, which means that the demand is greater than the supply.

To find the world grain demand, we can set up an equation:

Supply = 0.75 x Demand

Substitute the given supply value:

1,800,000 = 0.75 x Demand

To solve for Demand, divide both sides by 0.75:

Demand = 1,800,000 / 0.75

Demand = 2,400,000 metric tons

So, the world grain demand is 2,400,000 metric tons.
Therefore, the answer (arabic numerals) is",2400000,2400000,2400000
"A 12 ounce can of cranberry juice sells for 84 cents. What is the cost in cents per ounce.
The can sells for 84 cents. There are 12 ounces in the can. To find the cost per ounce, divide the cost by the number of ounces. 84 cents / 12 ounces = 7 cents per ounce. The answer is 7.
Therefore, the answer (arabic numerals) is",7,7,7
"Manuel opened a savings account with an initial deposit of 177 dollars. If he wants to save 500 dollars during the next 19 weeks , how much must he save each week , in dollars?
Manuel has 177 dollars. He wants 500 dollars in 19 weeks. So he needs 500 - 177 = 323 dollars more. He has 19 weeks to save this. 323 / 19 = 17. The answer is 17.
Therefore, the answer (arabic numerals) is",17,17,17
"A mechanic charged 45 dollars an hour , plus 225 dollars for the parts. If the total bill was 450 dollars , how many hours did the job take?
The total bill is 450 dollars. The mechanic charged 225 dollars for parts, so the labor cost is 450 - 225 = 225. The mechanic charges 45 dollars an hour, so the number of hours is 225 / 45 = 5 hours. The answer is 5.
Therefore, the answer (arabic numerals) is",5,5,5